benchmark,condition,step,phase,old_fx_w_n,old_fy_w_n,old_fz_w_n,lineitem_fx_w_n,lineitem_fy_w_n,lineitem_fz_w_n,delta_fx_w_n,delta_fy_w_n,delta_fz_w_n,f_kj_fx_w_n,f_kj_fy_w_n,f_kj_fz_w_n,old_fd_gamma_fx_w_n,old_fd_gamma_fy_w_n,old_fd_gamma_fz_w_n,delta_phi_gamma_fx_w_n,delta_phi_gamma_fy_w_n,delta_phi_gamma_fz_w_n,kinematic_added_mass_fx_w_n,kinematic_added_mass_fy_w_n,kinematic_added_mass_fz_w_n,old_lift_n,old_drag_n,old_CL,old_CD,lineitem_lift_n,lineitem_drag_n,lineitem_CL,lineitem_CD
yang2025,aoa15_smoke,20,0.0,0.031420707892856226,0.022708336008721998,0.08239710148154923,0.022741565895495176,0.03216915630428542,0.0429950680316171,-0.008679141997361051,0.009460820295563423,-0.03940203344993212,0.015526618040347377,0.019261373463221827,0.023179787371731517,0.01589408985250885,0.0034469625455001694,0.059217314109817704,0.00711113937335646,0.0011706008509468897,0.02011041239140684,0.00010380848179134229,0.011737181990116703,-0.0002951317315212541,-0.08239710148154923,-0.031420707892856226,-0.13627873037433394,-0.051967534077155625,-0.0429950680316171,-0.022741565895495176,-0.07111067232163425,-0.03761287316224736
yang2025,aoa15_smoke,21,0.04999999999999982,0.0390714631742485,0.04270198054657271,0.09713690462627766,0.032390718579639766,0.045262396953871874,0.0676238498792289,-0.006680744594608733,0.002560416407299166,-0.02951305474704876,0.034329527128444406,0.038461303949048085,0.07995535500582189,0.004741936045804092,0.004240676597524618,0.01718154962045576,0.004027064681630751,0.00285690840516117,0.011575066477133973,-0.005965873230435392,0.003944184599662623,-0.023906571603726973,-0.09713690462627766,-0.0390714631742485,-0.16065727794959067,-0.06462131919102083,-0.0676238498792289,-0.032390718579639766,-0.11184486151651211,-0.053571860230230285
yang2025,aoa15_smoke,22,0.09999999999999987,0.030356020570574342,0.04323232420135247,0.07096484714899307,0.02517248897923881,0.038169688251057085,0.05173845892561559,-0.005183531591335531,-0.005062635950295386,-0.01922638822337748,0.0369017933995794,0.05303965686605433,0.09333893766965151,-0.006545772829005052,-0.009807332664701856,-0.02237409052065845,0.0013456779302361706,0.001897259685667971,0.00432833894797038,-0.013074982350576747,-0.01676722830066521,-0.04592881769200631,-0.07096484714899307,-0.030356020570574342,-0.11737062465527412,-0.05020661974986324,-0.05173845892561559,-0.02517248897923881,-0.08557159617424626,-0.041633440700832754
yang2025,aoa15_smoke,23,0.1499999999999999,0.005546197757608227,0.0035938862410798446,0.00975639997294153,0.004050260372270419,-0.0037153104920049675,0.007695245416321838,-0.0014959373853378082,-0.007309196733084813,-0.0020611545566196904,0.025364295912409955,0.0425819745445032,0.07260803867986479,-0.01981809815480173,-0.03898808830342336,-0.06285163870692326,-0.0007912857794929409,-0.0015680563413044673,-0.0025278210582875566,-0.02052274976064659,-0.04472922869520371,-0.06238497220525539,-0.00975639997294153,-0.005546197757608227,-0.016136366175870713,-0.009173002147182033,-0.007695245416321838,-0.004050260372270419,-0.01272736851659864,-0.006698832013430575
yang2025,aoa15_smoke,24,0.19999999999999996,-0.028156106101831918,-0.08253227968943465,-0.08450423763484388,-0.020243824515869438,-0.07536110385810095,-0.06103592615490683,0.007912281585962482,0.007171175831333691,0.023468311479937064,0.006984033651421963,-0.003208472689748103,0.019930856015326463,-0.035140139753253884,-0.07932380699968655,-0.10443509365017034,-0.0016576571235286698,-0.007675233821248392,-0.010104958312353793,-0.02557020104376273,-0.06447739734710448,-0.0708618238578795,0.08450423763484388,0.028156106101831918,0.13976377820409472,0.04656812342727745,0.06103592615490683,0.020243824515869438,0.10094892143111235,0.0334817930890599
yang2025,aoa15_smoke,25,0.25,-0.05156619565265994,-0.19135831438459502,-0.21439636817655167,-0.029572647583395124,-0.1547417485621883,-0.16840751986132857,0.021993548069264814,0.0366165658224067,0.04598884831522313,-0.0037311222714625546,-0.07875067858936875,-0.07586855565981407,-0.047835073381197385,-0.11260763579522629,-0.1385278125167376,-0.00012097762745755251,-0.014980850483045009,-0.018429162750831087,-0.025720547684475015,-0.06101021948977456,-0.0741098014506834,0.21439636817655167,0.05156619565265994,0.35459578464069247,0.08528668542245506,0.16840751986132857,0.029572647583395124,0.2785336204736697,0.04891097859037125
yang2025,aoa15_smoke,26,0.30000000000000004,-0.047753075947832554,-0.2769214475468011,-0.3750141492733695,-0.015081025879934224,-0.21633117550454453,-0.32415675986712017,0.032672050067898334,0.06059027204225655,0.050857389406249426,0.003391217469225117,-0.16069930923215392,-0.2236042570576972,-0.051144293417057674,-0.11622213831464717,-0.15140989221567233,0.0033397127842550566,-0.019627163341880263,-0.02556954061581712,-0.021811956133414398,-0.036004702930510335,-0.07498296219360581,0.3750141492733695,0.047753075947832554,0.6202457515672412,0.0789800665876215,0.32415675986712017,0.015081025879934224,0.5361313794131584,0.024942904819535722
yang2025,aoa15_smoke,27,0.3500000000000001,-0.02174884306867768,-0.3074759861948114,-0.5506621553694406,0.013145986163213972,-0.23632690906586712,-0.5111659432737341,0.03489482923189165,0.07114907712894432,0.039496212095706536,0.023697181397194213,-0.21489750363373467,-0.40855052424442745,-0.045446024465871884,-0.09257848256107679,-0.14211163112501313,0.0064272701043679836,-0.018729371724717253,-0.028750326124542955,-0.016978465338348223,-0.0027000337074152224,-0.07386509290476367,0.5506621553694406,0.02174884306867768,0.9107546024024364,0.03597098280421574,0.5111659432737341,-0.013145986163213972,0.8454307798138037,-0.021742491806493063
yang2025,aoa15_smoke,28,0.40000000000000013,0.01219652464923893,-0.27330044240753987,-0.7255010585433598,0.043741928617493986,-0.19486772199766567,-0.6989323567784769,0.03154540396825506,0.07843272040987427,0.02656870176488296,0.049308409422620936,-0.21147963910798384,-0.6015599796247695,-0.037111884773382,-0.06182080329955613,-0.12394107891859038,0.0076355512581596265,-0.01359095938592401,-0.02724775609381734,-0.013202032063286568,0.03020287649624217,-0.0701246210598901,0.7255010585433598,-0.01219652464923893,1.1999252566628684,-0.020172152470068885,0.6989323567784769,-0.043741928617493986,1.155982582963074,-0.07234592466158124
yang2025,aoa15_smoke,29,0.44999999999999973,0.04682276744080538,-0.1723536599183769,-0.8854626204181628,0.0741450707529766,-0.08365432742697723,-0.8621941103216915,0.027322303312171222,0.08869933249139965,0.023268510096471264,0.07705370148623664,-0.13700941562457036,-0.7783183257492081,-0.030230934045431257,-0.035344244293806504,-0.10714429466895461,0.007376186668007571,-0.00769259878805367,-0.023319725397600195,-0.010284817401267602,0.06104768698564681,-0.06055605917488311,0.8854626204181628,-0.04682276744080538,1.4644898853819386,-0.07744140491245935,0.8621941103216915,-0.0741450707529766,1.4260054853650332,-0.12263048000533658
yang2025,aoa15_smoke,30,0.4999999999999998,0.07990197305949612,-0.007285387816993921,-1.0128278841887455,0.10463036001078652,0.09152785128124521,-0.9794983799737985,0.024728386951290406,0.09881323909823914,0.03332950421494693,0.1047866008011075,0.006677851265308454,-0.9210128856585671,-0.024884627741611372,-0.01396323908230234,-0.09181499853017847,0.006652889974620695,-0.002954604859293205,-0.019427944992870087,-0.006809130764941664,0.08780460487522998,-0.039057549322361496,1.0128278841887455,-0.07990197305949612,1.6751426404953436,-0.13215197194030753,0.9794983799737985,-0.10463036001078652,1.6200180980448293,-0.17305090063237707
yang2025,aoa15_smoke,31,0.5499999999999998,0.1075990218928303,0.20616953219259182,-1.0818484419814514,0.13135840686016917,0.30591057106554875,-1.028438881123983,0.023759384967338884,0.09974103887295696,0.0534095608574682,0.1263667167814355,0.2038127328369726,-1.011846113583307,-0.0187676948886052,0.0023567993556192065,-0.07000232839814442,0.0059415212747906294,0.0005543226971726739,-0.016464651262530397,-0.0009498311960569525,0.10154351553140345,-0.00012811627814582585,1.0818484419814514,-0.1075990218928303,1.7892975539157452,-0.17796084849366442,1.028438881123983,-0.13135840686016917,1.700962078363412,-0.21725711935276767
yang2025,aoa15_smoke,32,0.5999999999999999,0.11968458902047904,0.4230508386134431,-1.0641869714998706,0.1414361015586984,0.5060095070363355,-0.9958094102886157,0.021751512538219355,0.08295866842289235,0.06837756121125502,0.12784621404114294,0.41632512683095785,-1.0344791949513708,-0.008161625020663876,0.0067257117824853115,-0.029707776548499973,0.004998995779182903,0.003124279165156214,-0.013800083963648138,0.008590891738372576,0.0865601010402214,0.05246986862640321,1.0641869714998706,-0.11968458902047904,1.7600867839918473,-0.19794948540437615,0.9958094102886157,-0.1414361015586984,1.646995339506391,-0.2339248833143829
yang2025,aoa15_smoke,33,0.6499999999999999,0.09966028437495192,0.5633331341031571,-0.9512237517737179,0.11274514928882545,0.6179099890357618,-0.8983342561335803,0.013084864913873537,0.05457685493260467,0.0528894956401377,0.0891083240325609,0.578445723864949,-0.9875889774660083,0.010551960342391017,-0.01511258976179178,0.0363652256922903,0.002948619846361065,0.0038120262691383328,-0.009172828602324158,0.020688205409903487,0.03565223890167453,0.09842754993475214,0.9512237517737179,-0.09966028437495192,1.573253947806169,-0.1648307619947623,0.8983342561335803,-0.11274514928882545,1.48577862177676,-0.1864721637615666
yang2025,aoa15_smoke,34,0.7,0.03982440119684924,0.5541137807745529,-0.7738488588633474,0.03383961496054744,0.5923161275733733,-0.774770322121023,-0.005984786236301801,0.03820234679882038,-0.0009214632576756412,0.0034519739393762917,0.6211974675691831,-0.8918579419255763,0.036372427257472945,-0.0670836867946303,0.11800908306222899,-0.0002666113785675052,-0.0008204053568851069,0.0014432015968612773,0.030654252399738645,-0.028060934638924794,0.11564441820769203,0.7738488588633474,-0.03982440119684924,1.279888953510568,-0.06586662316319475,0.774770322121023,-0.03383961496054744,1.2814129857954992,-0.05596822801118044
yang2025,aoa15_smoke,35,0.75,-0.032320014239476766,0.40921912066723654,-0.5788910840118304,-0.05853017425501944,0.45056678094206193,-0.6397202037297537,-0.02621016001554267,0.04134766027482537,-0.06082911971792332,-0.09153296733931802,0.5277030355729598,-0.7654286495633134,0.05921295309984128,-0.11848391490572333,0.18653756555148293,-0.00041796898481271554,-0.01219334264073416,0.019196837426814047,0.03342076206911132,-0.06494291199016376,0.1065116084067455,0.5788910840118304,0.032320014239476766,0.9574431689422922,0.0534549204649216,0.6397202037297537,0.05853017425501944,1.0580500477753203,0.09680459254806062
yang2025,aoa15_smoke,36,0.7999999999999998,-0.06892383587332644,0.22835990623382085,-0.3922787223052457,-0.10188966627156097,0.27288555738271725,-0.48396688926487935,-0.03296583039823453,0.044525651148896395,-0.09168816695963367,-0.13587087658840932,0.3557369046494925,-0.6072205784663925,0.0669470407150829,-0.12737699841567163,0.21494185616114686,0.005329199695753131,-0.02107637810071574,0.035565258142906765,0.028652010621095233,-0.061774969166059485,0.08768843105860644,0.3922787223052457,0.06892383587332644,0.6488000823742041,0.11399494249745172,0.48396688926487935,0.10188966627156097,0.8004455499809354,0.16851799527028521
yang2025,aoa15_smoke,37,0.8499999999999999,-0.05836367013704769,0.0936180062363408,-0.22387842920674203,-0.08584679627308683,0.1305958482553663,-0.31402594870600414,-0.02748312613603914,0.03697784201902552,-0.09014751949926211,-0.11725585305470074,0.18683086261139795,-0.4229221439229536,0.05889218291765305,-0.09321285637505716,0.19904371471621154,0.010985273396624723,-0.019612505153440374,0.0418799083350075,0.020423783384989205,-0.03662250920259126,0.06701628688194196,0.22387842920674203,0.05836367013704769,0.3702784144333879,0.0965292070139667,0.31402594870600414,0.08584679627308683,0.5193757647389191,0.14198427119939522
yang2025,aoa15_smoke,38,0.8999999999999999,-0.024678057093320712,0.024308556939840832,-0.08220167967277614,-0.04368327513347737,0.04964428563026768,-0.15460665847578195,-0.01900521804015665,0.025335728690426856,-0.0724049788030058,-0.06843451138755921,0.07183478215399436,-0.2384341217445992,0.0437564542942385,-0.047526225214153534,0.15623244207182302,0.012283897139097527,-0.011678681803849856,0.038391203386627354,0.012467339114984316,-0.010511814719876821,0.04543625988218988,0.08220167967277614,0.024678057093320712,0.1359555171118745,0.04081568681801451,0.15460665847578195,0.04368327513347737,0.2557080133360738,0.07224891612377962
yang2025,aoa15_smoke,39,0.95,0.008883492706219433,0.008136884578436528,0.02224665834948947,-0.0036510413578862543,0.024323657171599622,-0.031269446185569004,-0.012534534064105686,0.016186772593163094,-0.053516104535058465,-0.01979672049942166,0.021495327321271823,-0.08395249445061181,0.028680213205641094,-0.013358442742835298,0.10619915280010131,0.01025614539430967,-0.0037363751065973717,0.02970405147537499,0.0058895337472257385,0.00656470495692517,0.02297899678966784,-0.02224665834948947,-0.008883492706219433,-0.03679433257271658,-0.014692641919744358,0.031269446185569004,0.0036510413578862543,0.05171735836644846,0.006038553199694031
izraelevitz2017_fig14,theta15_psi60_smoke,128,0.0,-12.439545751818965,5.551115123125783e-17,-134.03052856228166,5.507290448770488,5.551115123125783e-17,-134.74523023450038,17.946836200589452,0.0,-0.7147016722187203,8.245120860457913,5.551115123125783e-17,23.08511292826887,-20.684666612276878,0.0,-157.11564149055053,6.87374519117138e-14,0.0,-70.84330327999459,-2.737830411687493,0.0,-86.98703988277464,134.03052856228166,12.439545751818965,0.9317408359610109,0.08647606543153466,134.74523023450038,-5.507290448770488,0.9367092318979586,-0.03828506431826125
izraelevitz2017_fig14,theta15_psi60_smoke,129,0.015625,-7.14334750310176,-1.3322676295501878e-15,-150.1027108361565,16.635478935924613,-1.3322676295501878e-15,-151.73218062279483,23.778826439026368,0.0,-1.6294697866383772,9.937650473716149,-1.3322676295501878e-15,7.371028368288379,-17.08099797681791,0.0,-157.47373920444485,4.636732769307529,0.0,-75.40984312111391,2.0610956929009356,0.0,-83.69336586996931,150.1027108361565,7.14334750310176,1.0434699226714255,0.04965845203697173,151.73218062279483,-16.635478935924613,1.0547975176414783,-0.1156449595225436
izraelevitz2017_fig14,theta15_psi60_smoke,130,0.03125,0.022956813371809586,2.220446049250313e-15,-164.61909236824633,29.73322762543362,2.220446049250313e-15,-166.74442594772532,29.710270812061815,0.0,-2.125333579478985,13.205254917317347,2.220446049250313e-15,-8.341601087138327,-13.18229810394554,0.0,-156.27749128110798,9.68631438133957,0.0,-79.14816185511887,6.841658326776703,0.0,-79.25466300546807,164.61909236824633,-0.022956813371809586,1.1443835399564106,-0.00015958901834898986,166.74442594772532,-29.73322762543362,1.1591582342539084,-0.2066966582965248
izraelevitz2017_fig14,theta15_psi60_smoke,131,0.046875,8.786966390043128,-2.220446049250313e-15,-177.388360442779,44.23541328995101,-2.220446049250313e-15,-179.51298650346646,35.448446899907886,0.0,-2.1246260606874463,17.919762798486637,-2.220446049250313e-15,-23.94384387940872,-9.132796408443511,0.0,-153.44451656337029,14.914088913159619,0.0,-81.90126583016465,11.40156157830475,0.0,-73.66787679389304,177.388360442779,-8.786966390043128,1.2331517380527621,-0.061084407393168276,179.51298650346646,-44.23541328995101,1.247921513887598,-0.30751159008305656
izraelevitz2017_fig14,theta15_psi60_smoke,132,0.0625,18.810298126240287,4.884981308350689e-15,-188.2409775402265,59.49871068681293,4.884981308350689e-15,-189.86288568125065,40.68841256057265,0.0,-1.6219081410241616,23.90063758924455,4.884981308350689e-15,-39.335264163589294,-5.090339463004262,0.0,-148.90571337663718,20.05770371899893,0.0,-83.55251933358706,15.540369378569459,0.0,-66.9751021840743,188.2409775402265,-18.810298126240287,1.3085959419606927,-0.13076366324016087,189.86288568125065,-59.49871068681293,1.3198709705932,-0.4136175469021792
izraelevitz2017_fig14,theta15_psi60_smoke,133,0.078125,29.69946692555841,-3.552713678800501e-15,-197.04662680270147,74.8427595054618,-3.552713678800501e-15,-197.71851191073478,45.143292579903395,0.0,-0.6718851080333534,30.921232557996742,-3.552713678800501e-15,-54.417726175812604,-1.2217656324383335,0.0,-142.62890062688882,24.85042979459522,0.0,-84.03599195053128,19.07109715286984,0.0,-59.26479378439092,197.04662680270147,-29.69946692555841,1.3698102271911308,-0.20646196383503324,197.71851191073478,-74.8427595054618,1.374480974959896,-0.5202848638684855
izraelevitz2017_fig14,theta15_psi60_smoke,134,0.09375,41.02259256150069,7.105427357601002e-15,-203.71275777309413,89.59476780590249,7.105427357601002e-15,-203.10126296932413,48.5721752444018,0.0,0.6114948037699705,38.71730128592873,7.105427357601002e-15,-69.0907054181968,2.3052912755719683,0.0,-134.6220523548973,29.045720330979204,0.0,-83.34147474698011,21.83174618899457,0.0,-50.669082804147216,203.71275777309413,-41.02259256150069,1.416151210171684,-0.28517700479543584,203.10126296932413,-89.59476780590249,1.4119002780462786,-0.6228364891839769
izraelevitz2017_fig14,theta15_psi60_smoke,135,0.109375,52.32768203787381,-8.881784197001252e-16,-208.18515514860692,103.12988961762696,-8.881784197001252e-16,-206.11379609298902,50.80220757975316,0.0,2.071359055617896,46.9963083637106,-8.881784197001252e-16,-83.24613710178546,5.331373674163202,0.0,-124.93901804682147,32.437938474519434,0.0,-81.51033296944061,23.695642779396916,0.0,-41.35732602176294,208.18515514860692,-52.32768203787381,1.4472420020540255,-0.3637666636762871,206.11379609298902,-103.12988961762696,1.4328425227804658,-0.7169286773366935
izraelevitz2017_fig14,theta15_psi60_smoke,136,0.125,63.16207754083585,3.552713678800501e-15,-210.44902548158598,114.90333179192685,3.552713678800501e-15,-206.91791452183853,51.741254251091,0.0,3.5311109597474353,55.44720920406123,3.552713678800501e-15,-96.76529955959167,7.714868336774615,0.0,-113.68372592199431,34.876600586538785,0.0,-78.62617413315918,24.57952200132683,0.0,-31.526440829087672,210.44902548158598,-63.16207754083585,1.4629797631386359,-0.43908419641563745,206.91791452183853,-114.90333179192685,1.4384325177252348,-0.7987741865001027
izraelevitz2017_fig14,theta15_psi60_smoke,137,0.140625,73.09231821902559,3.552713678800501e-15,-210.5269731208248,124.47174369808754,3.552713678800501e-15,-205.70703687183575,51.37942547906196,0.0,4.819936248989072,63.75077485187445,3.552713678800501e-15,-109.51674028880142,9.341543367151152,0.0,-101.01023283202336,36.2724408767534,0.0,-74.80134601916437,24.4485279694597,0.0,-21.38895056386993,210.5269731208248,-73.09231821902559,1.4635216322137237,-0.5081163105917081,205.70703687183575,-124.47174369808754,1.430014852242883,-0.8652909734134862
izraelevitz2017_fig14,theta15_psi60_smoke,138,0.15625,81.72356760707851,1.0658141036401503e-14,-208.47748757173747,131.50605466551664,1.0658141036401503e-14,-202.68472306156474,49.782487058438136,0.0,5.7927645101727165,71.5907185665727,1.0658141036401503e-14,-121.35905013206448,10.132849040505807,0.0,-87.118437439673,36.597681554262344,0.0,-70.16575303288894,23.31765454468161,0.0,-11.159919896611346,208.47748757173747,-81.72356760707851,1.4492742111277932,-0.5681182191604368,202.68472306156474,-131.50605466551664,1.4090046150504671,-0.9141914355060199
izraelevitz2017_fig14,theta15_psi60_smoke,139,0.171875,88.71717154873605,5.861977570020827e-14,-204.38979527282996,135.795181958738,5.861977570020827e-14,-198.04362440732493,47.07801041000197,0.0,6.346170865505015,78.66527798024211,5.861977570020827e-14,-132.14437718704386,10.051893568493925,0.0,-72.24541808578606,35.88033653517055,0.0,-64.85518341939516,21.249567443325354,0.0,-1.0440638008858805,204.38979527282996,-88.71717154873605,1.420857775853007,-0.616735697975737,198.04362440732493,-135.795181958738,1.3767410614685718,-0.9440081876489633
izraelevitz2017_fig14,theta15_psi60_smoke,140,0.1875,93.80510224890322,-1.7763568394002505e-15,-198.3767531056234,137.24346770665886,-1.7763568394002505e-15,-191.95068312736808,43.43836545775565,0.0,6.426069978255375,84.69893036921982,-1.7763568394002505e-15,-141.72398537846772,9.106171879683412,0.0,-56.652767727155705,34.195372935265596,0.0,-59.00244339085408,18.34916440217346,0.0,8.775745641953755,198.3767531056234,-93.80510224890322,1.3790568742551415,-0.6521054965935389,191.95068312736808,-137.24346770665886,1.334384724725407,-0.9540762444413465
izraelevitz2017_fig14,theta15_psi60_smoke,141,0.203125,96.8007898142466,-3.552713678800501e-15,-190.56892456306915,135.8651980697738,-3.552713678800501e-15,-184.5423356210566,39.0644082555272,0.0,6.026588942012571,89.45408978777103,-3.552713678800501e-15,-149.9568658301028,7.346700026475587,0.0,-40.612058732966354,31.655527790550114,0.0,-52.73302636831994,14.755580491452669,0.0,18.147556577366167,190.56892456306915,-96.8007898142466,1.324779145357734,-0.6729306359580682,184.5423356210566,-135.8651980697738,1.282884070563525,-0.944494919071476
izraelevitz2017_fig14,theta15_psi60_smoke,142,0.21875,97.60489745897654,-1.0658141036401503e-14,-181.10473721365173,131.773736508391,-1.0658141036401503e-14,-175.91821799799484,34.16883904941445,0.0,5.186519215656864,92.74127815377486,-1.0658141036401503e-14,-156.71507328072698,4.8636193052017,0.0,-24.389663932924748,28.399877697829094,0.0,-46.15943971882318,10.632580656787052,0.0,26.9562950015553,181.10473721365173,-97.60489745897654,1.2589868969257647,-0.6785205559348082,175.91821799799484,-131.773736508391,1.222931739928615,-0.9160522809919455
izraelevitz2017_fig14,theta15_psi60_smoke,143,0.234375,96.20698093318002,-1.7763568394002505e-15,-170.12456688567974,125.17151230477033,-1.7763568394002505e-15,-166.14634334474096,28.964531371590304,0.0,3.978223540938862,94.42807095623677,-1.7763568394002505e-15,-161.89170437308098,1.7789099769432382,0.0,-8.23286251259876,24.585068251072162,0.0,-39.380907002782465,6.158373097461376,0.0,35.12626803112257,170.12456688567974,-96.20698093318002,1.182655980453814,-0.6688026511684765,166.14634334474096,-125.17151230477033,1.1550005398058154,-0.8701555590684396
izraelevitz2017_fig14,theta15_psi60_smoke,144,0.25,92.68229146540807,-1.9539925233402755e-14,-157.7630141382967,116.33637732248218,-1.9539925233402755e-14,-155.26471591037642,23.654085857074115,0.0,2.498298227920314,94.44504109269324,-1.9539925233402755e-14,-165.4041740377451,-1.7627496272851575,0.0,7.641159899448358,20.37551366721147,0.0,-32.48078856205556,1.5158225625774875,0.0,42.62024668942424,157.7630141382967,-92.68229146540807,1.0967220994628823,-0.6443000460796757,155.26471591037642,-116.33637732248218,1.0793546645632974,-0.8087362977812602
izraelevitz2017_fig14,theta15_psi60_smoke,145,0.265625,87.18547142192175,-2.6645352591003757e-14,-144.1455614074444,105.60980357458806,-2.6645352591003757e-14,-143.29042062416664,18.424332152666313,0.0,0.8551407832777749,92.78933478843562,-2.6645352591003757e-14,-167.1982942616249,-5.603863366513874,0.0,23.05273285418051,15.936605837107695,0.0,-25.527608302806726,-3.1161370509552553,0.0,49.435481940265,144.1455614074444,-87.18547142192175,1.0020575709617654,-0.6060877689411486,143.29042062416664,-105.60980357458806,0.9961128836071577,-0.7341683101886717
izraelevitz2017_fig14,theta15_psi60_smoke,146,0.28125,79.9410811117959,8.881784197001252e-15,-129.3853903226227,93.38315450108124,8.881784197001252e-15,-130.22518175647008,13.442073389285367,0.0,-0.8397914338473778,89.52463673063231,8.881784197001252e-15,-167.24825152801182,-9.583555618836426,0.0,37.86286120538913,11.427875795640475,0.0,-18.57417660440795,-7.569358025191541,0.0,55.59724637594971,129.3853903226227,-79.9410811117959,0.8994492003687277,-0.5557268970115273,130.22518175647008,-93.38315450108124,0.9052871835580744,-0.6491722398832601
izraelevitz2017_fig14,theta15_psi60_smoke,147,0.296875,71.23288696182279,-1.7763568394002505e-15,-113.58462899013554,80.0863038935718,-1.7763568394002505e-15,-116.0657880580277,8.853416931749,0.0,-2.481159067892167,84.77859387512264,-1.7763568394002505e-15,-165.55707317197073,-13.545706913299853,0.0,51.97244418183517,6.99908555286006,0.0,-11.65935268731407,-11.691375534410916,0.0,61.150637801257076,113.58462899013554,-71.23288696182279,0.7896069522579859,-0.4951900910760319,116.0657880580277,-80.0863038935718,0.8068552407551535,-0.5567364431018391
izraelevitz2017_fig14,theta15_psi60_smoke,148,0.3125,61.39174469713198,7.105427357601002e-15,-96.83577003851876,66.17488607648089,7.105427357601002e-15,-100.81000706041696,4.783141379348893,0.0,-3.9742370218981984,78.73691979111689,7.105427357601002e-15,-162.1536726366251,-17.345175093984917,0.0,65.31790259810633,2.786383580909025,0.0,-4.807768577608956,-15.348417295545046,0.0,66.15143415381708,96.83577003851876,-61.39174469713198,0.6731738081946852,-0.42677736287990764,100.81000706041696,-66.17488607648089,0.7008015357341609,-0.4600283557329525
izraelevitz2017_fig14,theta15_psi60_smoke,149,0.328125,50.78375080823488,-7.105427357601002e-15,-79.2270693050547,52.120168306310354,-7.105427357601002e-15,-84.46662591476866,1.336417498075479,0.0,-5.239556609713956,71.63568955521086,-7.105427357601002e-15,-157.09121958646944,-20.85193874697599,0.0,77.86415028141474,-1.088674781882213,0.0,1.9678244264468239,-18.426846467018294,0.0,70.65676924525394,79.2270693050547,-50.78375080823488,0.5507632968165916,-0.3530337076102248,84.46662591476866,-52.120168306310354,0.5871871541867534,-0.3623240892136305
izraelevitz2017_fig14,theta15_psi60_smoke,150,0.34375,39.79818589187057,-3.552713678800501e-15,-60.84811112702271,38.398325402235905,-3.552713678800501e-15,-67.06249192043597,-1.3998604896346598,0.0,-6.214380793413259,63.75151144846943,-3.552713678800501e-15,-150.44399461702423,-23.953325556598863,0.0,89.59588349000153,-4.5196584434296145,0.0,8.665172892564284,-20.83352760280391,0.0,74.716329804024,60.84811112702271,-39.79818589187057,0.4229981821029348,-0.27666528954552333,67.06249192043597,-38.398325402235905,0.4661987306462044,-0.26693387091402176
izraelevitz2017_fig14,theta15_psi60_smoke,151,0.359375,28.835710207255303,-3.552713678800501e-15,-41.79641161488199,25.48027945317774,-3.552713678800501e-15,-48.649643609351195,-3.355430754077564,0.0,-6.853231994469216,55.39044946873825,-3.552713678800501e-15,-142.30455187294098,-26.554739261482947,0.0,100.508140258059,-7.414490901697456,0.0,15.290228230801597,-22.49567911386305,0.0,78.36468003278821,41.79641161488199,-28.835710207255303,0.2905563673885261,-0.2004573810328047,48.649643609351195,-25.48027945317774,0.3381980216896526,-0.17713141276759164
izraelevitz2017_fig14,theta15_psi60_smoke,152,0.375,18.29665084136306,-2.6645352591003757e-15,-22.184113507428492,13.821547207537366,-2.6645352591003757e-15,-29.312163273391967,-4.475103633825698,0.0,-7.1280497659634845,46.876138260193095,-2.6645352591003757e-15,-132.7812776917034,-28.579487418830034,0.0,110.59716418427492,-9.693840766748544,0.0,21.853896289412667,-23.36075028590719,0.0,81.61521812889876,22.184113507428492,-18.29665084136306,0.15421743602884067,-0.1271929383035788,29.312163273391967,-13.821547207537366,0.20376954269403455,-0.09608333330895737
izraelevitz2017_fig14,theta15_psi60_smoke,153,0.390625,8.569097307544588,7.105427357601002e-15,-2.1437146958487032,3.8513535138597157,7.105427357601002e-15,-9.172064470887364,-4.717743793684872,0.0,-7.028349775038661,38.537408571512024,7.105427357601002e-15,-121.9961080950658,-29.96831126396744,0.0,119.85239339921709,-11.289309689846434,0.0,28.36787524390139,-23.39674536780588,0.0,84.45616838027703,2.1437146958487032,-8.569097307544588,0.014902474415325639,-0.059569845574791815,9.172064470887364,-3.8513535138597157,0.06376149605066808,-0.026773477513501943
izraelevitz2017_fig14,theta15_psi60_smoke,154,0.40625,0.01664843227794563,7.105427357601002e-15,18.167906660335998,-4.039458164518962,7.105427357601002e-15,11.605882772594967,-4.056106596796907,0.0,-6.562023887741027,30.695771076365386,7.105427357601002e-15,-110.08231107721302,-30.67912264408744,0.0,128.25021773754904,-12.141998503244075,0.0,34.83928269310965,-22.593230737640276,0.0,86.84891115669832,-18.167906660335998,-0.01664843227794563,-0.12629794660174778,-0.00011573500734860691,-11.605882772594967,4.039458164518962,-0.08068068545725537,0.02808112575105968
izraelevitz2017_fig14,theta15_psi60_smoke,155,0.421875,-7.034165310261328,6.661338147750939e-16,38.567782872502065,-9.512146925881854,6.661338147750939e-16,32.810591739300875,-2.4779816156205263,0.0,-5.7571911332011965,23.653105912322822,6.661338147750939e-16,-97.18215746919401,-30.687271222584148,0.0,135.74994034169606,-12.202221849811268,0.0,41.263906726166944,-20.96303098839341,0.0,88.72884248232793,-38.567782872502065,7.034165310261328,-0.26811188943487135,0.048899449526719534,-32.810591739300875,9.512146925881854,-0.22808958901736953,0.06612564930971457
izraelevitz2017_fig14,theta15_psi60_smoke,156,0.4375,-12.306502124717305,-6.994405055138486e-15,58.84791647842867,-12.295766035769878,-6.994405055138486e-15,54.18299268729166,0.010736088947428502,0.0,-4.664923791137008,17.679931451402922,-6.994405055138486e-15,-83.44421478961814,-29.986433576120227,0.0,142.29213126804683,-11.43131835916965,0.0,47.61838451667881,-18.54437912800315,0.0,90.008822960231,-58.84791647842867,12.306502124717305,-0.40909341686805223,0.08555118524442577,-54.18299268729166,12.295766035769878,-0.37666423793790527,0.08547655110996305
izraelevitz2017_fig14,theta15_psi60_smoke,157,0.453125,-15.585296138381386,8.326672684688674e-16,78.77931871520721,-12.204813578507087,8.326672684688674e-16,75.41752153756563,3.3804825598742982,0.0,-3.3617971776415647,13.004691307856735,8.326672684688674e-16,-69.01998163396925,-28.589987446238123,0.0,147.7993003491765,-9.806433688963384,0.0,53.85238998387569,-15.403071197400436,0.0,90.5851131876592,-78.77931871520721,15.585296138381386,-0.5476506663333606,0.10834439741784288,-75.41752153756563,12.204813578507087,-0.5242804405629564,0.08484427636277095
izraelevitz2017_fig14,theta15_psi60_smoke,158,0.46875,-16.72787730602957,-8.049116928532385e-16,98.11835803894418,-9.15783752166621,-8.049116928532385e-16,96.16740109088785,7.570039784363355,0.0,-1.950956948056332,9.804684890046724,-8.049116928532385e-16,-54.06024636047353,-26.532562196076288,0.0,152.1786043994177,-7.328500283613795,0.0,59.88214957385397,-11.634022128099136,0.0,90.34549787750743,-98.11835803894418,16.72787730602957,-0.6820899829537411,0.11628728583078479,-96.16740109088785,9.15783752166621,-0.6685275037394534,0.0636625944817294
izraelevitz2017_fig14,theta15_psi60_smoke,159,0.484375,-15.672170552508872,5.551115123125783e-16,116.61458552340389,-3.195155320560215,5.551115123125783e-16,116.05512199790154,12.477015231948657,0.0,-0.5594635255023577,8.19919489112389,5.551115123125783e-16,-38.71157276113549,-23.871365443632758,0.0,155.3261582845394,-4.032792173369189,0.0,65.58761098911464,-7.361558038314916,0.0,89.1790837699224,-116.61458552340389,15.672170552508872,-0.8106703194140821,0.10894832280790917,-116.05512199790154,3.195155320560215,-0.806781093440471,0.02221178056475887
izraelevitz2017_fig14,theta15_psi60_smoke,160,0.5,-12.441600089019422,-5.551115123125783e-16,134.01859203432642,5.507441390902484,-5.551115123125783e-16,134.6885438275998,17.94904147992191,0.0,0.6699517932733736,8.245271802589992,-5.551115123125783e-16,-23.113800215784398,-20.686871891609414,0.0,157.13239225011083,6.02608126482625e-14,0.0,70.81530416060866,-2.737830411687568,0.0,86.98703988277553,-134.01859203432642,12.441600089019422,-0.9316578567274377,0.08649034657987476,-134.6885438275998,-5.507441390902484,-0.9363151646602947,-0.03828611362359307
izraelevitz2017_fig14,theta15_psi60_smoke,161,0.5156250000000004,-7.1464065327770525,5.551115123125783e-16,150.09039193936485,16.632771843684736,5.551115123125783e-16,151.68524450134453,23.77917837646179,0.0,1.5948525619796683,9.936174510712693,5.551115123125783e-16,-7.397941929195442,-17.082581043489746,0.0,157.48833386856032,4.635501640071011,0.0,75.38982056057142,2.061095692901035,0.0,83.69336586996853,-150.09039193936485,7.1464065327770525,-1.0433842853221,0.049679717512065055,-151.68524450134453,-16.632771843684736,-1.0544712315221443,-0.1156261406130484
izraelevitz2017_fig14,theta15_psi60_smoke,162,0.53125,0.018859434166759104,-2.886579864025407e-15,164.60880233537208,29.728693880542167,-2.886579864025407e-15,166.70508442855555,29.70983444637541,0.0,2.0962820931834516,13.20243016295643,-2.886579864025407e-15,8.316223956671514,-13.18357072878967,0.0,156.29257837870057,9.68460539080904,0.0,79.13419746641655,6.841658326776698,0.0,79.25466300546748,-164.60880233537208,-0.018859434166759104,-1.1443120066726493,-0.00013110524255018755,-166.70508442855555,-29.728693880542167,-1.1588847435771767,-0.2066651410347449
izraelevitz2017_fig14,theta15_psi60_smoke,163,0.546875,8.782165179740907,-8.881784197001252e-16,177.3782422971252,44.22976191793584,-8.881784197001252e-16,179.4799918078801,35.44759673819494,0.0,2.1017495107548934,17.91577833964516,-8.881784197001252e-16,23.920003098600976,-9.133613159904254,0.0,153.45823919852427,14.91242199998605,0.0,81.89211191538381,11.40156157830463,0.0,73.66787679389535,-177.3782422971252,-8.782165179740907,-1.233081399678431,-0.06105103079047483,-179.4799918078801,-44.22976191793584,-1.2476921444627538,-0.3074723034060418
izraelevitz2017_fig14,theta15_psi60_smoke,164,0.5625,18.8049091860635,0.0,188.23137380837935,59.49244117676981,0.0,189.83495372798413,40.68753199070631,0.0,1.6035799196047225,23.8956873353393,0.0,39.31282771347404,-5.090778149275802,0.0,148.91854609490537,20.056384462860866,0.0,83.54702383043612,15.540369378569634,0.0,66.97510218407393,-188.23137380837935,-18.8049091860635,-1.3085291796399319,-0.13072620091214407,-189.83495372798413,-59.49244117676981,-1.3196767958647577,-0.41357396311129735
izraelevitz2017_fig14,theta15_psi60_smoke,165,0.578125,29.693629690154847,8.881784197001252e-16,197.0375106266491,74.83622478765007,8.881784197001252e-16,197.6946894542932,45.14259509749523,0.0,0.6571788276440804,30.91549811524843,8.881784197001252e-16,54.39660998680409,-1.2218684250935843,0.0,142.640900639845,24.849629519531806,0.0,84.03328568310064,19.07109715286984,0.0,59.26479378438846,-197.0375106266491,-29.693629690154847,-1.3697468542149371,-0.20642138509037739,-197.6946894542932,-74.83622478765007,-1.3743153682453841,-0.5202394364311547
izraelevitz2017_fig14,theta15_psi60_smoke,166,0.5937500000000004,41.01643381055286,6.217248937900877e-15,203.70410064804517,89.58820773826479,6.217248937900877e-15,203.08079748624328,48.57177392771193,0.0,-0.623303161801868,38.71095061528451,6.217248937900877e-15,69.07084076215826,2.3054831952683483,0.0,134.6332598858869,29.045510933985874,0.0,83.34087391993823,21.831746188994412,0.0,50.669082804146804,-203.70410064804517,-41.01643381055286,-1.416091028383127,-0.28513419096922654,-203.08079748624328,-89.58820773826479,-1.4117580080237797,-0.6227908855221076
izraelevitz2017_fig14,theta15_psi60_smoke,167,0.609375,52.32131569908639,-8.881784197001252e-16,208.17693154144774,103.12346127274887,-8.881784197001252e-16,206.0960893710045,50.80214557366247,0.0,-2.0808421704432876,46.989496208832485,-8.881784197001252e-16,83.22746593870511,5.33181949025389,0.0,124.94946560274265,32.43832228451945,0.0,81.51129741053556,23.695642779396902,0.0,41.35732602176381,-208.17693154144774,-52.32131569908639,-1.4471848339544044,-0.363722406760438,-206.0960893710045,-103.12346127274887,-1.4327194308541638,-0.7168839893727289
izraelevitz2017_fig14,theta15_psi60_smoke,168,0.625,63.15560506037901,-3.552713678800501e-15,210.44121319503893,114.89713263415223,-3.552713678800501e-15,206.90248850501013,51.74152757377321,0.0,-3.5387246900287916,55.440077341897926,-3.552713678800501e-15,96.7477708442057,7.715527718481096,0.0,113.69344235083321,34.87753329092742,0.0,78.62827683171476,24.579522001326882,0.0,31.526440829089665,-210.44121319503893,-63.15560506037901,-1.4629254544190016,-0.43903920163410304,-206.90248850501013,-114.89713263415223,-1.4383252805907594,-0.7987310917775112
izraelevitz2017_fig14,theta15_psi60_smoke,169,0.640625,73.08582916153999,0.0,210.51955333493004,124.46582974619808,0.0,205.6935089928827,51.38000058465807,0.0,-4.826044342047344,63.74345226178772,0.0,109.50030750379051,9.342376899752274,0.0,101.01924583113953,36.27384951495027,0.0,74.80425092522057,24.44852796946008,0.0,21.388950563871642,-210.51955333493004,-73.08582916153999,-1.4634700520432475,-0.5080712005715428,-205.6935089928827,-124.46582974619808,-1.4299208104049548,-0.8652498613583715
izraelevitz2017_fig14,theta15_psi60_smoke,170,0.65625,81.71714026789091,-5.329070518200751e-15,208.47044342864203,131.50045372595218,-5.329070518200751e-15,202.67278472092295,49.78331345806126,0.0,-5.797658707719026,71.58332143817873,-5.329070518200751e-15,121.34366810492826,10.133818829712183,0.0,87.12677532371374,36.599477743092024,0.0,70.16919671938669,23.317654544681425,0.0,11.159919896608026,-208.47044342864203,-81.71714026789091,-1.4492252423156369,-0.5680735381877368,-202.67278472092295,-131.50045372595218,-1.4089216232156299,-0.9141524994205777
izraelevitz2017_fig14,theta15_psi60_smoke,171,0.6718750000000004,88.71087369756032,-5.329070518200751e-15,204.38311152974282,135.78990396906374,-5.329070518200751e-15,198.0330258445347,47.079030271503406,0.0,-6.350085685208109,78.65790976128959,-5.329070518200751e-15,132.13000044889938,10.052963936270736,0.0,72.25311108084342,35.88242676444921,0.0,64.85896159475116,21.249567443324942,0.0,1.0440638008841716,-204.38311152974282,-88.71087369756032,-1.420811312435768,-0.6166919171656322,-198.0330258445347,-135.78990396906374,-1.3766673833755276,-0.9439714966162259
izraelevitz2017_fig14,theta15_psi60_smoke,172,0.6875,93.79899189435109,-5.329070518200751e-15,198.3704156393051,137.2385122508774,-5.329070518200751e-15,191.94122138735824,43.439520356526295,0.0,-6.429194251946841,84.69168186977834,-5.329070518200751e-15,141.71056710378045,9.107310024572746,0.0,56.65984853552462,34.19766597892519,0.0,59.0063999255283,18.34916440217385,0.0,-8.775745641950534,-198.3704156393051,-93.79899189435109,-1.3790128180522103,-0.6520630192048462,-191.94122138735824,-137.2385122508774,-1.3343189494901604,-0.9540417955694223
izraelevitz2017_fig14,theta15_psi60_smoke,173,0.703125,96.79491589864945,-1.7763568394002505e-15,190.5629195094896,135.86055923149902,-1.7763568394002505e-15,184.53384404512295,39.06564333284954,0.0,-6.029075464366639,89.44703931757664,-1.7763568394002505e-15,149.94435686262543,7.347876581072824,0.0,40.61856264686416,31.65793942246925,0.0,52.737043759861095,14.755580491453117,0.0,-18.14755657736356,-190.5629195094896,-96.79491589864945,-1.3247373999904493,-0.6728898022234888,-184.53384404512295,-135.86055923149902,-1.282825039623754,-0.9444626712313876
izraelevitz2017_fig14,theta15_psi60_smoke,174,0.71875,97.59930065430504,-7.105427357601002e-15,181.0990509660446,131.76940640622624,-7.105427357601002e-15,175.91055911901003,34.17010575192117,0.0,-5.188491847034554,92.73449191084437,-7.105427357601002e-15,156.70342233942472,4.864808743460675,0.0,24.395628626619885,28.40233383859486,0.0,46.163431781141895,10.632580656786986,0.0,-26.956295001556562,-181.0990509660446,-97.59930065430504,-1.2589473678038863,-0.6784816485939265,-175.91055911901003,-131.76940640622624,-1.222878497653259,-0.9160221793945401
izraelevitz2017_fig14,theta15_psi60_smoke,175,0.734375,96.20169431657847,7.105427357601002e-15,170.1191857273586,125.16748293997433,7.105427357601002e-15,166.13940265492315,28.965788623395877,0.0,-3.9797830724354486,94.42160351652915,7.105427357601002e-15,161.88085832085852,1.7800908000493199,0.0,8.238327406500112,24.587506325985025,0.0,39.38481236519304,6.158373097460164,0.0,-35.12626803112839,-170.1191857273586,-96.20169431657847,-1.18261857222297,-0.6687659001638764,-166.13940265492315,-125.16748293997433,-1.1549522901704348,-0.8701275481088195
izraelevitz2017_fig14,theta15_psi60_smoke,176,0.7499999999999996,92.67734118698623,-2.1316282072803006e-14,157.75792420763165,116.33264157445714,-2.1316282072803006e-14,155.2583973472014,23.655300387470913,0.0,-2.4995268604302576,94.43893609419565,-2.1316282072803006e-14,165.39407863120235,-1.7615949072094328,0.0,-7.636154423570696,20.37788291768417,0.0,32.48456540542329,1.5158225625773207,0.0,-42.620246689424235,-157.75792420763165,-92.67734118698623,-1.0966867157610964,-0.6442656331992337,-155.2583973472014,-116.33264157445714,-1.079310739769462,-0.8087103279591226
izraelevitz2017_fig14,theta15_psi60_smoke,177,0.765625,87.18087731512266,2.3092638912203256e-14,144.14074871057613,105.60635541634451,2.3092638912203256e-14,143.2846428814128,18.42547810122186,0.0,-0.8561058291633608,92.78362572782666,2.3092638912203256e-14,167.188894955369,-5.60274841270399,0.0,-23.04814624479284,15.938866739471857,0.0,25.53122986630355,-3.116137050953987,0.0,-49.43548194025975,-144.14074871057613,-87.18087731512266,-1.0020241145078412,-0.6060558320611303,-143.2846428814128,-105.60635541634451,-0.9960727184379147,-0.7341443396061572
izraelevitz2017_fig14,theta15_psi60_smoke,178,0.78125,79.93685726905244,3.552713678800501e-15,129.38084090312051,93.37998895320895,3.552713678800501e-15,130.21987581456816,13.443131684156514,0.0,0.839034911447645,89.51934789711459,3.552713678800501e-15,167.2394945263266,-9.582490628062146,0.0,-37.858653623206095,11.429999081285573,0.0,18.57762766419004,-7.569358025191197,0.0,-55.59724637594847,-129.38084090312051,-79.93685726905244,-0.8994175741416616,-0.5556975340983838,-130.21987581456816,-93.37998895320895,-0.9052502982096668,-0.6491502339249726
izraelevitz2017_fig14,theta15_psi60_smoke,179,0.796875,71.22904220804361,3.552713678800501e-15,113.58032895366189,80.08341652317154,3.552713678800501e-15,116.0608948466995,8.854374315127954,0.0,2.480565893037589,84.77374127194341,3.552713678800501e-15,165.5489061983912,-13.544699063899806,0.0,-51.968577244729296,7.001050785639481,0.0,11.66262644956696,-11.691375534411332,0.0,-61.15063780125866,-113.58032895366189,-71.22904220804361,-0.7895770596684274,-0.4951633634779339,-116.0608948466995,-80.08341652317154,-0.8068212245883712,-0.5567163709515661
izraelevitz2017_fig14,theta15_psi60_smoke,180,0.8125,61.38828305420933,7.105427357601002e-15,96.83170572288374,66.17227255707215,7.105427357601002e-15,100.80547591208209,4.7839895028628225,0.0,3.973770189198362,78.73251210472762,7.105427357601002e-15,162.14604574092544,-17.344229050518287,0.0,-65.31434001804168,2.788177747890335,0.0,4.810864324976552,-15.348417295545797,0.0,-66.15143415381986,-96.83170572288374,-61.38828305420933,-0.6731455542671062,-0.42675329855586785,-100.80547591208209,-66.17227255707215,-0.7007700365228791,-0.4600101873142734
izraelevitz2017_fig14,theta15_psi60_smoke,181,0.8281249999999996,50.78067190923195,-2.5757174171303632e-14,79.22322739148214,52.117823907279096,-2.5757174171303632e-14,84.46241317809486,1.337151998047144,0.0,5.239185786612717,71.63172907253698,-2.5757174171303632e-14,157.08408571216964,-20.851057163305036,0.0,-77.86085832068748,-1.087058698239896,0.0,-1.9649032888220248,-18.426846467017995,0.0,-70.65676924525276,-79.22322739148214,-50.78067190923195,-0.5507365889627752,-0.35301230400940636,-84.46241317809486,-52.117823907279096,-0.5871578684797415,-0.36230779164070703
izraelevitz2017_fig14,theta15_psi60_smoke,182,0.84375,39.795485362059495,1.2434497875801753e-14,60.84447870521714,38.39624457267835,1.2434497875801753e-14,67.05855986093653,-1.3992407893811434,0.0,6.2140811557193825,63.74799492251757,1.2434497875801753e-14,150.43731001380084,-23.95250956045808,0.0,-89.59283130858367,-4.518222747035883,0.0,-8.662420348842502,-20.833527602803343,0.0,-74.7163298040218,-60.84447870521714,-39.795485362059495,-0.42297293057430185,-0.27664651625610415,-67.05855986093653,-38.39624457267835,-0.4661713961244028,-0.2669194055986026
izraelevitz2017_fig14,theta15_psi60_smoke,183,0.859375,28.83338003673428,-7.105427357601002e-15,41.7929762313409,25.478455517279667,-7.105427357601002e-15,48.64595947582761,-3.354924519454616,0.0,6.852983244486712,55.38736891408001,-7.105427357601002e-15,142.29827632917954,-26.553988877345727,0.0,-100.50530009783861,-7.41323428293635,0.0,-15.2876368205603,-22.495679113863996,0.0,-78.36468003279163,-41.7929762313409,-28.83338003673428,-0.29053248561198786,-0.2004411823723019,-48.64595947582761,-25.478455517279667,-0.3381724106763567,-0.1771187333013787
izraelevitz2017_fig14,theta15_psi60_smoke,184,0.875,18.294679745582606,3.552713678800501e-15,22.180863136172263,13.819972151556007,3.552713678800501e-15,29.308698374363416,-4.4747075940265955,0.0,7.127835238191152,46.87348165932978,3.552713678800501e-15,132.77537454655067,-28.57880191374717,0.0,-110.59451141037839,-9.692759221866428,0.0,-21.85145804328776,-23.360750285907347,0.0,-81.6152181288995,-22.180863136172263,-18.294679745582606,-0.15419484040332201,-0.12717923582512156,-29.308698374363416,-13.819972151556007,-0.20374545573450367,-0.09607238398276655
izraelevitz2017_fig14,theta15_psi60_smoke,185,0.890625,8.567471119457297,-4.440892098500626e-15,2.140637767699315,3.850017998126833,-4.440892098500626e-15,9.168793573175071,-4.717453121330463,0.0,7.028155805475755,38.535160535898356,-4.440892098500626e-15,121.99054420948609,-29.96768941644106,0.0,-119.8499064417868,-11.288397169966407,0.0,-28.365582256037158,-23.396745367805117,0.0,-84.45616838027388,-2.140637767699315,-8.567471119457297,-0.014881084515301702,-0.05955854079323095,-9.168793573175071,-3.850017998126833,-0.06373875773126067,-0.026764193400705082
izraelevitz2017_fig14,theta15_psi60_smoke,186,0.9062499999999996,0.015350492566822055,-8.881784197001252e-16,-18.17082130761936,-4.040564707421574,-8.881784197001252e-16,-11.608982045879575,-4.055915199988395,0.0,6.561839261739786,30.693913430716098,-8.881784197001252e-16,110.07705664957557,-30.678562938149273,0.0,-128.24787795719493,-12.141247400497326,0.0,-34.83712753875676,-22.593230737640337,0.0,-86.84891115669838,18.17082130761936,-0.015350492566822055,0.12631820837289395,-0.00010671211200945057,11.608982045879575,4.040564707421574,0.08070223069409095,0.02808881811204763
izraelevitz2017_fig14,theta15_psi60_smoke,187,0.921875,-7.035153741931229,-3.9968028886505635e-15,-38.57054603130359,-9.513036072210433,-3.9968028886505635e-15,-32.813539360674184,-2.477882330279204,0.0,5.757006670629403,23.651618228621313,-3.9968028886505635e-15,97.17718579100281,-30.68677197055254,0.0,-135.7477318223064,-12.201623312438215,0.0,-41.26188266934863,-20.96303098839353,0.0,-88.72884248232839,38.57054603130359,7.035153741931229,0.26813109810262226,0.048906320813136755,32.813539360674184,9.513036072210433,0.2281100800146962,0.06613183039362408
izraelevitz2017_fig14,theta15_psi60_smoke,188,0.9375,-12.307201435271653,1.2212453270876722e-15,-58.85053856058266,-12.296450052697017,1.2212453270876722e-15,-54.185806432173464,0.01075138257463848,0.0,4.664732128409181,17.678791551136197,1.2212453270876722e-15,83.43950201371648,-29.985992986407854,0.0,-142.2900405742991,-11.430862475830006,0.0,-47.61648548565882,-18.544379128003207,0.0,-90.00882296023111,58.85053856058266,12.307201435271653,0.4091116448124193,0.08555604664583553,54.185806432173464,12.296450052697017,0.37668379826521636,0.08548130619457206
izraelevitz2017_fig14,theta15_psi60_smoke,189,0.953125,-15.585727925441969,-1.1102230246251565e-15,-78.7818097292308,-12.205305104993734,-1.1102230246251565e-15,-75.4202170612497,3.380422820448233,0.0,3.3615926679810997,13.003875723806907,-1.1102230246251565e-15,69.01550653630098,-28.589603649248875,0.0,-147.79731626553178,-9.80610963140024,0.0,-53.8506104098918,-15.403071197400402,0.0,-90.58511318765888,78.7818097292308,15.585727925441969,0.5476679831306129,0.10834739907456319,75.4202170612497,12.205305104993734,0.5242991790512522,0.08484769331042069
izraelevitz2017_fig14,theta15_psi60_smoke,190,0.96875,-16.728063942699208,1.2212453270876722e-15,-98.12072749104912,-9.158149286634611,1.2212453270876722e-15,-96.16999178194719,7.569914656064599,0.0,1.9507357091019057,9.80416929798652,1.2212453270876722e-15,54.055990171163124,-26.532233240685734,0.0,-152.1767176622122,-7.32829645652198,0.0,-59.880484075603015,-11.634022128099154,0.0,-90.34549787750731,98.12072749104912,16.728063942699208,0.6821064546882685,0.11628858327404981,96.16999178194719,9.158149286634611,0.668545513462158,0.06366476178014563
izraelevitz2017_fig14,theta15_psi60_smoke,191,0.9843749999999996,-15.672134780112934,1.3322676295501878e-15,-116.6168422738963,-3.195299980638752,1.3322676295501878e-15,-116.05761873107866,12.476834799474181,0.0,0.5592235428176244,8.198954497053965,1.3322676295501878e-15,38.707519051173335,-23.8710892771669,0.0,-155.3243613250696,-4.032696439377606,0.0,-65.58605401232838,-7.3615580383151125,0.0,-89.17908376992362,116.6168422738963,15.672134780112934,0.810686007680128,0.10894807412872799,116.05761873107866,3.195299980638752,0.8067984499955975,0.02221278619910167
baik2012,W2_smoke,32,0.0,0.020418422058093653,4.336808689942018e-19,0.23075186875122067,0.05398589747702013,4.336808689942018e-19,0.20966749047581207,0.03356747541892648,0.0,-0.02108437827540859,0.008939249115880883,4.336808689942018e-19,0.14907330916018793,0.011479172942212769,0.0,0.08167855959103272,0.08249447876156363,0.0,0.1310309958125076,-0.03744783040042437,0.0,-0.07043681449688345,-0.23075186875122067,-0.020418422058093653,-2.2540621182879343,-0.1994540366040706,-0.20966749047581207,-0.05398589747702013,-2.0481027966345526,-0.5273524634200109
baik2012,W2_smoke,33,0.03125,-0.006774799612154108,4.336808689942018e-19,0.18529432055099435,0.02851053512228553,4.336808689942018e-19,0.20248274614449246,0.035285334734439636,0.0,0.0171884255934981,-0.007213370481788295,4.336808689942018e-19,0.16753366864178945,0.0004385708696341857,0.0,0.017760651909204894,0.05520238072488766,0.0,0.13312220056753626,-0.019478475120813826,0.0,-0.09817312306483328,-0.18529432055099435,0.006774799612154108,-1.8100174483882199,0.06617852868273937,-0.20248274614449246,-0.02851053512228553,-1.977919789604297,-0.2785005275972289
baik2012,W2_smoke,34,0.0625,-0.020384970205489218,-3.0357660829594124e-18,0.12145351988593343,0.006551379113546386,-3.0357660829594124e-18,0.18247016919209655,0.02693634931903561,0.0,0.06101664930616311,-0.025195042533401612,-3.0357660829594124e-18,0.17735600486953093,0.004810072327912393,0.0,-0.0559024849835975,0.025470224373494423,0.0,0.12828230124034762,0.006276197273453583,0.0,-0.12316813691778201,-0.12145351988593343,0.020384970205489218,-1.186398965213861,0.19912726761992208,-0.18247016919209655,-0.006551379113546386,-1.7824301849400261,-0.06399608186189208
baik2012,W2_smoke,35,0.09375,-0.015617006897836216,2.6020852139652106e-18,0.04240370194029832,-0.007092747267687239,2.6020852139652106e-18,0.14283012978245094,0.008524259630148976,0.0,0.10042642784215262,-0.04115662999293783,2.6020852139652106e-18,0.17687606240539622,0.025539623095101605,0.0,-0.13447236046509786,-0.0021186789873054966,0.0,0.10790969371911897,0.03618256171255608,0.0,-0.14195562634206424,-0.04240370194029832,0.015617006897836216,-0.4142136691505923,0.15255219314130805,-0.14283012978245094,0.007092747267687239,-1.3952129039521326,0.06928434866943838
baik2012,W2_smoke,36,0.125,0.010014424932801247,-1.5720931501039814e-18,-0.04702861690762157,-0.002340230425878829,-1.5720931501039814e-18,0.08118952490028247,-0.012354655358680076,0.0,0.12821814180790403,-0.05029067728602543,-1.5720931501039814e-18,0.16510874933961692,0.06030510221882667,0.0,-0.21213736624723853,-0.016369912694886884,0.0,0.06758519894071131,0.06432035955503349,0.0,-0.1515044233800458,0.04702861690762157,-0.010014424932801247,0.45939139917099575,-0.09782428198578162,-0.08118952490028247,0.002340230425878829,-0.7930866756135582,0.022860160481410634
baik2012,W2_smoke,37,0.15625,0.055539507176975436,-2.1141942363467336e-18,-0.14085861185616472,0.028882918502649943,-2.1141942363467336e-18,0.00652393020418978,-0.026656588674325493,0.0,0.14738254206035448,-0.0478405364284855,-2.1141942363467336e-18,0.14214482824201952,0.10338004360546094,0.0,-0.28300344009818423,-0.006572927016384781,0.0,0.014001849135951382,0.08329638194752023,0.0,-0.14962274717378113,0.14085861185616472,-0.055539507176975436,1.3759544515841542,-0.5425286472152956,-0.00652393020418978,-0.028882918502649943,-0.06372795165300632,-0.28213809411273294
baik2012,W2_smoke,38,0.1875,0.11501366649807496,3.198396408832238e-18,-0.23232369409423134,0.08207377633978931,3.198396408832238e-18,-0.06553069395059884,-0.032939890158285634,0.0,0.16679300014363252,-0.030944473379701465,3.198396408832238e-18,0.10844495621137573,0.14595813987777642,0.0,-0.3407686503056071,0.026724184332039366,0.0,-0.0383964896698895,0.08629406538745141,0.0,-0.13557916049208507,0.23232369409423134,-0.11501366649807496,2.269416238631224,-1.1234923042734468,0.06553069395059884,-0.08207377633978931,0.6401259310208024,-0.8017243420542266
baik2012,W2_smoke,39,0.21875,0.17694025122644225,3.469446951953614e-18,-0.31406619816338466,0.14155032273138948,3.469446951953614e-18,-0.12567865008746018,-0.03538992849505274,0.0,0.18838754807592437,-0.00013675745578757342,3.469446951953614e-18,0.06382666083538226,0.17707700868222984,0.0,-0.3778928589987668,0.07140000584626328,0.0,-0.07854481396106897,0.07028707434091379,0.0,-0.11096049696177349,0.31406619816338466,-0.17694025122644225,3.0679046013622027,-1.728412080250006,0.12567865008746018,-0.14155032273138948,1.2276714627396057,-1.3827113168225151
baik2012,W2_smoke,40,0.25,0.2265464959075483,-2.6020852139652106e-18,-0.3786024161226431,0.19131933553357755,-2.6020852139652106e-18,-0.17516821712712266,-0.03522716037397071,0.0,0.20343419899552045,0.03977459703217929,-2.6020852139652106e-18,0.00851299990532377,0.186771898875369,0.0,-0.3871154160279669,0.11294114812616164,0.0,-0.10366893982015037,0.03860359037523662,0.0,-0.08001227721229605,0.3786024161226431,-0.2265464959075483,3.698316155326133,-2.212982617300584,0.17516821712712266,-0.19131933553357755,1.7111022532171551,-1.8688718278038847
baik2012,W2_smoke,41,0.28125,0.25163358142806336,-1.734723475976807e-18,-0.4212308360803182,0.221111561235494,-1.734723475976807e-18,-0.2190842957391608,-0.030522020192569357,0.0,0.20214654034115745,0.07981822703496745,-1.734723475976807e-18,-0.05456665999855318,0.17181535439309592,0.0,-0.3666641760817651,0.14126254096019628,0.0,-0.11602755614685897,3.079324033029146e-05,0.0,-0.048490079593748646,0.4212308360803182,-0.25163358142806336,4.1147249458987405,-2.458041733987558,0.2190842957391608,-0.221111561235494,2.1400893280298545,-2.1598923414733706
baik2012,W2_smoke,42,0.3125,0.2485905004225052,-8.673617379884035e-18,-0.44364840665814675,0.22600590802087098,-8.673617379884035e-18,-0.25950194181356256,-0.022584592401634233,0.0,0.18414646484458427,0.10971483611827877,-8.673617379884035e-18,-0.11941522086340638,0.1388756643042264,0.0,-0.32423318579474036,0.15209538222732993,0.0,-0.11887574906891711,-0.03580431032473777,0.0,-0.021210971881239053,0.44364840665814675,-0.2485905004225052,4.333707339831193,-2.428315891875721,0.25950194181356256,-0.22600590802087098,2.5349025333127093,-2.207701972408913
baik2012,W2_smoke,43,0.34375,0.22251908999410072,7.806255641895632e-18,-0.45318752102111076,0.20610636642683824,7.806255641895632e-18,-0.2948719868285706,-0.01641272356726247,0.0,0.1583155341925402,0.12259764324981352,7.806255641895632e-18,-0.1796520089241995,0.0999214467442872,0.0,-0.27353551209691124,0.1465193393867638,0.0,-0.1152679541786765,-0.06301061620973909,0.0,4.797627430541729e-05,0.45318752102111076,-0.22251908999410072,4.42688862778321,-2.1736415573403796,0.2948719868285706,-0.20610636642683824,2.880409068197692,-2.013316535267499
baik2012,W2_smoke,44,0.375,0.1815173695070977,-8.673617379884035e-18,-0.45726728284947854,0.16671166256225708,-8.673617379884035e-18,-0.32306432414991026,-0.014805706944840616,0.0,0.13420295869956836,0.11734599293157205,-8.673617379884035e-18,-0.2315293881387746,0.06417137657552566,0.0,-0.2257378947107039,0.1296744699693814,0.0,-0.10827784362934896,-0.08030880033869639,0.0,0.01674290761821338,0.45726728284947854,-0.1815173695070977,4.466741117987202,-1.7731229161066457,0.32306432414991026,-0.16671166256225708,3.155801332303422,-1.6284957746691993
baik2012,W2_smoke,45,0.4062499999999998,0.13186780219799243,-1.734723475976807e-17,-0.4587587735314419,0.11630991295367274,-1.734723475976807e-17,-0.3435395788134518,-0.015557889244319703,0.0,0.11521919471799015,0.0968706900464295,-1.734723475976807e-17,-0.2744904206681985,0.03499711215156294,0.0,-0.18426835286324342,0.10816962698258259,0.0,-0.10097112579493962,-0.08873040407533936,0.0,0.03192196764968634,0.4587587735314419,-0.13186780219799243,4.481310502253458,-1.2881291890070934,0.3435395788134518,-0.11630991295367274,3.355810528974958,-1.136154477053846
baik2012,W2_smoke,46,0.4375,0.07768350985255998,-1.734723475976807e-18,-0.4557796118413312,0.063264787134289,-1.734723475976807e-18,-0.3576003545508163,-0.014418722718270986,0.0,0.09817925729051505,0.06510887258851901,-1.734723475976807e-18,-0.30963763664730665,0.012574637264040981,0.0,-0.1461419751940246,0.0873302345216553,0.0,-0.09610736028774186,-0.08917431997588529,0.0,0.04814464238423227,0.4557796118413312,-0.07768350985255998,4.452209045583683,-0.7588387375665692,0.3576003545508163,-0.063264787134289,3.493160931010078,-0.6179917886372323
baik2012,W2_smoke,47,0.46875,0.022693999888014953,-6.938893903907228e-18,-0.44430731081279073,0.013255434591966032,-6.938893903907228e-18,-0.36767249285662806,-0.009438565296048917,0.0,0.07663481795616264,0.02531789563126619,-6.938893903907228e-18,-0.3380483178687309,-0.002623895743251244,0.0,-0.1062589929440599,0.06956171920380065,0.0,-0.09582327488739638,-0.08162418024310078,0.0,0.06619909989949913,0.44430731081279073,-0.022693999888014953,4.340143737952705,-0.2216826487119599,0.36767249285662806,-0.013255434591966032,3.591548976698081,-0.12948355797459196
baik2012,W2_smoke,48,0.5,-0.028649115921118285,3.2959746043559335e-17,-0.42085809292699816,-0.03182933858506393,3.2959746043559335e-17,-0.37603724458747123,-0.003180222663945649,0.0,0.04482084833952701,-0.020091601972990168,3.2959746043559335e-17,-0.3599682172816069,-0.008557513948128117,0.0,-0.06088987564539142,0.054033393732737654,0.0,-0.10101232070299375,-0.06577113034481141,0.0,0.08494329339712933,0.42085809292699816,0.028649115921118285,4.111083864999605,0.27985423160258094,0.37603724458747123,0.03182933858506393,3.67325869418559,0.310919719710281
baik2012,W2_smoke,49,0.53125,-0.0713696098237424,-1.9081958235744878e-17,-0.38393270866912405,-0.07344946120552209,-1.9081958235744878e-17,-0.3828441431276225,-0.002079851381779686,0.0,0.001088565541501538,-0.06898423953660388,-1.9081958235744878e-17,-0.3747655947129126,-0.002385370287138511,0.0,-0.009167113956211443,0.037580221737586156,0.0,-0.11004574424503236,-0.04204544340650435,0.0,0.10196719583032245,0.38393270866912405,0.0713696098237424,3.7503842515605723,0.6971624315386488,0.3828441431276225,0.07344946120552209,3.7397507760283863,0.7174791216556541
baik2012,W2_smoke,50,0.5625,-0.10081528235785983,-1.9081958235744878e-17,-0.33422408703280326,-0.11397066827425782,-1.9081958235744878e-17,-0.38399506395973143,-0.013155385916397973,0.0,-0.04977097692692817,-0.1188035053203344,-1.9081958235744878e-17,-0.38128660078178234,0.017988222962474563,0.0,0.047062513748979094,0.017175838933600467,0.0,-0.11730495716042359,-0.012343001887523885,0.0,0.11459649398247451,0.33422408703280326,0.10081528235785983,3.2648136618656363,0.9847976969250509,0.38399506395973143,0.11397066827425782,3.7509933590802365,1.1133039456765226
baik2012,W2_smoke,51,0.59375,-0.11342786234211888,-2.3418766925686896e-17,-0.2740262104035251,-0.15221271637028505,-2.3418766925686896e-17,-0.37105968379471654,-0.0387848540281662,0.0,-0.09703347339119156,-0.16602501112096782,-2.3418766925686896e-17,-0.3783598104320528,0.05259714877884895,0.0,0.10433360002852773,-0.005977302673772955,0.0,-0.11350345519413131,0.01978959742445571,0.0,0.12080358183146747,0.2740262104035251,0.11342786234211888,2.6767804899318612,1.1080016341683308,0.37105968379471654,0.15221271637028505,3.6246362007464583,1.4868651757783446
baik2012,W2_smoke,52,0.625,-0.10712808938890447,2.6020852139652106e-18,-0.20638529871566125,-0.17985087169123914,2.6020852139652106e-18,-0.3359991104059842,-0.07272278230233466,0.0,-0.12961381169032302,-0.2059144815631471,2.6020852139652106e-18,-0.3652834487114642,0.09878639217424263,0.0,0.15889814999580304,-0.02341083696118566,0.0,-0.09046437897047606,0.04947444683309362,0.0,0.11974871727595607,0.20638529871566125,0.10712808938890447,2.0160412399869267,1.046463326181907,0.3359991104059842,0.17985087169123914,3.2821526891342576,1.756844003102538
baik2012,W2_smoke,53,0.65625,-0.08160460808387021,-2.47198095326695e-17,-0.13446326786857404,-0.1845133030932301,-2.47198095326695e-17,-0.2788324222106055,-0.1029086950093599,0.0,-0.14436915434203149,-0.23280686876312742,-2.47198095326695e-17,-0.3420640004827497,0.1512022606792572,0.0,0.2076007326141757,-0.02301489848437402,0.0,-0.048665038042520904,0.07130846415427136,0.0,0.1118966163146651,0.13446326786857404,0.08160460808387021,1.313482573484695,0.7971413482154611,0.2788324222106055,0.1845133030932301,2.723729188659359,1.8023882063162264
baik2012,W2_smoke,54,0.6875,-0.039092727209334516,-4.7704895589362195e-18,-0.061336763809649815,-0.15951664038626948,-4.7704895589362195e-18,-0.20913048914557394,-0.12042391317693495,0.0,-0.1477937253359241,-0.24111221657745202,-4.7704895589362195e-18,-0.3091569000264578,0.20201948936811753,0.0,0.24782013621680796,0.0008328330066424023,0.0,0.0012051417388649534,0.08076274318454017,0.0,0.09882126914201889,0.061336763809649815,0.039092727209334516,0.5991582062148504,0.3818709507316126,0.20913048914557394,0.15951664038626948,2.042857186436418,1.558212370184097
baik2012,W2_smoke,55,0.71875,0.014424616291039489,-6.071532165918825e-18,0.009750665007734048,-0.10927788685813657,-6.071532165918825e-18,-0.13789276287669275,-0.1237025031491761,0.0,-0.1476434278844268,-0.2271045036434228,-6.071532165918825e-18,-0.2670477475805076,0.2415291199344623,0.0,0.27679841258824167,0.041816212410027774,0.0,0.046347723275798614,0.0760104043752585,0.0,0.08280726142801623,-0.009750665007734048,-0.014424616291039489,-0.09524778603524432,-0.14090451933685205,0.13789276287669275,0.10927788685813657,1.3469830379641061,1.0674632732835778
baik2012,W2_smoke,56,0.75,0.0690452158189412,2.7376104855258987e-18,0.07505797690629165,-0.0451455118735247,2.7376104855258987e-18,-0.07046393284739463,-0.11419072769246591,0.0,-0.1455219097536863,-0.19136434488919132,2.7376104855258987e-18,-0.21664526380988045,0.26040956070813254,0.0,0.29170324071617215,0.08705630773856497,0.0,0.07990918524958059,0.05916252527710165,0.0,0.06627214571290523,-0.07505797690629165,-0.0690452158189412,-0.7331916457942342,-0.6744569665621263,0.07046393284739463,0.0451455118735247,0.6883154732243394,0.44099659376774547
baik2012,W2_smoke,57,0.7812500000000002,0.11378473313703107,3.0899761915836876e-18,0.13114131214542207,0.020378415940242138,3.0899761915836876e-18,-0.007631830810367555,-0.09340631719678895,0.0,-0.1387731429557896,-0.14046998148298798,3.0899761915836876e-18,-0.16024095024593757,0.25425471462001903,0.0,0.2913822623913596,0.12531439384731044,0.0,0.10152488031226042,0.035534003575919654,0.0,0.05108423912330958,-0.13114131214542207,-0.11378473313703107,-1.2810325890286234,-1.11148766851461,0.007631830810367555,-0.020378415940242138,0.07455029862132466,-0.19906324334533396
baik2012,W2_smoke,58,0.8124999999999998,0.14109055630914777,-4.628188023797497e-18,0.17632178289238928,0.0753510696595238,-4.628188023797497e-18,0.049550766217983884,-0.06573948664962395,0.0,-0.1267710166744054,-0.08574507209583367,-4.628188023797497e-18,-0.1019406585481713,0.22683562840498142,0.0,0.2782624414405606,0.15010779985521194,0.0,0.113513207937919,0.01098834190014555,0.0,0.037978216828236204,-0.17632178289238928,-0.14109055630914777,-1.7223706728685888,-1.3782201632676414,-0.049550766217983884,-0.0753510696595238,-0.4840286047022886,-0.736054674708282
baik2012,W2_smoke,59,0.84375,0.14940249479586362,1.6263032587282567e-19,0.21143550543990713,0.11099784340678395,1.6263032587282567e-19,0.09893651672080701,-0.0384046513890797,0.0,-0.11249898871910013,-0.038171232534850524,1.6263032587282567e-19,-0.04610325779083301,0.18757372733071417,0.0,0.25753876323074015,0.15974921617173832,0.0,0.11874740771057674,-0.010580140230103834,0.0,0.026292366801063286,-0.21143550543990713,-0.14940249479586362,-2.0653733633983236,-1.4594139831653474,-0.09893651672080701,-0.11099784340678395,-0.9664452802164021,-1.084264389228546
baik2012,W2_smoke,60,0.875,0.1412707870654962,3.3610267347050637e-18,0.2381179763402216,0.12445815569885207,3.3610267347050637e-18,0.1386952676835814,-0.016812631366644112,0.0,-0.09942270865664017,-0.004027822687703533,3.3610267347050637e-18,0.004404812223216497,0.14529860975319972,0.0,0.23371316411700507,0.15618419305229286,0.0,0.12009107800665747,-0.027698214665737266,0.0,0.01419937745370744,-0.2381179763402216,-0.1412707870654962,-2.326016742817979,-1.3799807181122627,-0.1386952676835814,-0.12445815569885207,-1.3548221757129835,-1.2157492617111472
baik2012,W2_smoke,61,0.90625,0.12027273101867418,-6.505213034913027e-19,0.25639450172366185,0.11880039467544028,-6.505213034913027e-19,0.16822805838615493,-0.00147233634323391,0.0,-0.0881664433375069,0.015537439630161779,-6.505213034913027e-19,0.048637802847341385,0.10473529138851241,0.0,0.20775669887632045,0.1432353938044426,0.0,0.12013854768257849,-0.039972438759164106,0.0,-0.0005482921437649626,-0.25639450172366185,-0.12027273101867418,-2.5045480099478477,-1.1748646211160687,-0.16822805838615493,-0.11880039467544028,-1.6433084407657987,-1.1604823428939142
baik2012,W2_smoke,62,0.9375,0.09002203959076091,-2.3852447794681098e-18,0.26383570295145636,0.10050351005721062,-2.3852447794681098e-18,0.18803977493041746,0.010481470466449717,0.0,-0.07579592802103893,0.022348216548152607,-2.3852447794681098e-18,0.08678095807572321,0.0676738230426083,0.0,0.1770547448757332,0.12481980398319592,0.0,0.1208882799027293,-0.04666451047413789,0.0,-0.01962946304803505,-0.26383570295145636,-0.09002203959076091,-2.5772361744810355,-0.8793656595315327,-0.18803977493041746,-0.10050351005721062,-1.8368359731855954,-0.9817521998886541
baik2012,W2_smoke,63,0.96875,0.05487018645840917,-1.3010426069826053e-18,0.25661426919600533,0.07639206450841776,-1.3010426069826053e-18,0.19923630688041244,0.02152187805000861,0.0,-0.057377962315592876,0.01909396020707586,-1.3010426069826053e-18,0.11912419281771579,0.0357762262513333,0.0,0.13749007637828953,0.10362553565369993,0.0,0.12347623756855927,-0.04632743135235803,0.0,-0.04336412350586264,-0.25661426919600533,-0.05487018645840917,-2.506694772775478,-0.5359904965824527,-0.19923630688041244,-0.07639206450841776,-1.9462074754025225,-0.7462234636629428
