figure,series,wing_type,marker,U_m_s,Re,alpha_deg,Cn,digitization_uncertainty,evidence_role
9,flexible_U10,flexible_membrane,circle,10.0,48700,0,0.1954,0.012,digitized_approx
9,flexible_U7p5,flexible_membrane,square,7.5,36500,0,0.0877,0.012,digitized_approx
9,flexible_U5,flexible_membrane,triangle,5.0,24300,0,0.0277,0.012,digitized_approx
9,rigid_U10,rigid_flat_plate,open_circle,10.0,48700,0,0.0092,0.02,digitized_approx_overlap
9,rigid_U7p5,rigid_flat_plate,open_square,7.5,36500,0,0.0077,0.02,digitized_approx_overlap
9,rigid_U5,rigid_flat_plate,open_triangle,5.0,24300,0,0.0046,0.02,digitized_approx_overlap
9,flexible_U10,flexible_membrane,circle,10.0,48700,1,0.2354,0.012,digitized_approx
9,flexible_U7p5,flexible_membrane,square,7.5,36500,1,0.1231,0.012,digitized_approx
9,flexible_U5,flexible_membrane,triangle,5.0,24300,1,0.0431,0.012,digitized_approx
9,rigid_U10,rigid_flat_plate,open_circle,10.0,48700,1,0.0246,0.02,digitized_approx_overlap
9,rigid_U7p5,rigid_flat_plate,open_square,7.5,36500,1,0.0215,0.02,digitized_approx_overlap
9,rigid_U5,rigid_flat_plate,open_triangle,5.0,24300,1,0.0062,0.02,digitized_approx_overlap
9,flexible_U10,flexible_membrane,circle,10.0,48700,2,0.2938,0.012,digitized_approx
9,flexible_U7p5,flexible_membrane,square,7.5,36500,2,0.1877,0.012,digitized_approx
9,flexible_U5,flexible_membrane,triangle,5.0,24300,2,0.0923,0.012,digitized_approx
9,rigid_U10,rigid_flat_plate,open_circle,10.0,48700,2,0.0738,0.02,digitized_approx_overlap
9,rigid_U7p5,rigid_flat_plate,open_square,7.5,36500,2,0.0708,0.02,digitized_approx_overlap
9,rigid_U5,rigid_flat_plate,open_triangle,5.0,24300,2,0.0538,0.02,digitized_approx_overlap
9,flexible_U10,flexible_membrane,circle,10.0,48700,3,0.3646,0.012,digitized_approx
9,flexible_U7p5,flexible_membrane,square,7.5,36500,3,0.2462,0.012,digitized_approx
9,flexible_U5,flexible_membrane,triangle,5.0,24300,3,0.1431,0.012,digitized_approx
9,rigid_U10,rigid_flat_plate,open_circle,10.0,48700,3,0.12,0.02,digitized_approx_overlap
9,rigid_U7p5,rigid_flat_plate,open_square,7.5,36500,3,0.1154,0.02,digitized_approx_overlap
9,rigid_U5,rigid_flat_plate,open_triangle,5.0,24300,3,0.1138,0.02,digitized_approx_overlap
9,flexible_U10,flexible_membrane,circle,10.0,48700,4,0.4569,0.012,digitized_approx
9,flexible_U7p5,flexible_membrane,square,7.5,36500,4,0.3077,0.012,digitized_approx
9,flexible_U5,flexible_membrane,triangle,5.0,24300,4,0.2,0.012,digitized_approx
9,rigid_U10,rigid_flat_plate,open_circle,10.0,48700,4,0.1723,0.02,digitized_approx_overlap
9,rigid_U7p5,rigid_flat_plate,open_square,7.5,36500,4,0.1692,0.02,digitized_approx_overlap
9,rigid_U5,rigid_flat_plate,open_triangle,5.0,24300,4,0.1569,0.02,digitized_approx_overlap
9,flexible_U10,flexible_membrane,circle,10.0,48700,5,0.52,0.012,digitized_approx
9,flexible_U7p5,flexible_membrane,square,7.5,36500,5,0.3769,0.012,digitized_approx
9,flexible_U5,flexible_membrane,triangle,5.0,24300,5,0.2585,0.012,digitized_approx
9,rigid_U10,rigid_flat_plate,open_circle,10.0,48700,5,0.2154,0.02,digitized_approx_overlap
9,rigid_U7p5,rigid_flat_plate,open_square,7.5,36500,5,0.2123,0.02,digitized_approx_overlap
9,rigid_U5,rigid_flat_plate,open_triangle,5.0,24300,5,0.1985,0.02,digitized_approx_overlap
9,flexible_U10,flexible_membrane,circle,10.0,48700,6,0.6092,0.012,digitized_approx
9,flexible_U7p5,flexible_membrane,square,7.5,36500,6,0.44,0.012,digitized_approx
9,flexible_U5,flexible_membrane,triangle,5.0,24300,6,0.3246,0.012,digitized_approx
9,rigid_U10,rigid_flat_plate,open_circle,10.0,48700,6,0.2615,0.02,digitized_approx_overlap
9,rigid_U7p5,rigid_flat_plate,open_square,7.5,36500,6,0.2554,0.02,digitized_approx_overlap
9,rigid_U5,rigid_flat_plate,open_triangle,5.0,24300,6,0.2477,0.02,digitized_approx_overlap
9,flexible_U10,flexible_membrane,circle,10.0,48700,7,0.6754,0.012,digitized_approx
9,flexible_U7p5,flexible_membrane,square,7.5,36500,7,0.4985,0.012,digitized_approx
9,flexible_U5,flexible_membrane,triangle,5.0,24300,7,0.3846,0.012,digitized_approx
9,rigid_U10,rigid_flat_plate,open_circle,10.0,48700,7,0.3169,0.02,digitized_approx_overlap
9,rigid_U7p5,rigid_flat_plate,open_square,7.5,36500,7,0.3123,0.02,digitized_approx_overlap
9,rigid_U5,rigid_flat_plate,open_triangle,5.0,24300,7,0.3062,0.02,digitized_approx_overlap
9,flexible_U10,flexible_membrane,circle,10.0,48700,8,0.7708,0.012,digitized_approx
9,flexible_U7p5,flexible_membrane,square,7.5,36500,8,0.5677,0.012,digitized_approx
9,flexible_U5,flexible_membrane,triangle,5.0,24300,8,0.4431,0.012,digitized_approx
9,rigid_U10,rigid_flat_plate,open_circle,10.0,48700,8,0.3692,0.02,digitized_approx_overlap
9,rigid_U7p5,rigid_flat_plate,open_square,7.5,36500,8,0.3662,0.02,digitized_approx_overlap
9,rigid_U5,rigid_flat_plate,open_triangle,5.0,24300,8,0.3523,0.02,digitized_approx_overlap
9,flexible_U10,flexible_membrane,circle,10.0,48700,9,0.8246,0.012,digitized_approx
9,flexible_U7p5,flexible_membrane,square,7.5,36500,9,0.6262,0.012,digitized_approx
9,flexible_U5,flexible_membrane,triangle,5.0,24300,9,0.4985,0.012,digitized_approx
9,rigid_U10,rigid_flat_plate,open_circle,10.0,48700,9,0.4277,0.02,digitized_approx_overlap
9,rigid_U7p5,rigid_flat_plate,open_square,7.5,36500,9,0.4246,0.02,digitized_approx_overlap
9,rigid_U5,rigid_flat_plate,open_triangle,5.0,24300,9,0.4062,0.02,digitized_approx_overlap
9,flexible_U10,flexible_membrane,circle,10.0,48700,10,0.8938,0.012,digitized_approx
9,flexible_U7p5,flexible_membrane,square,7.5,36500,10,0.6831,0.012,digitized_approx
9,flexible_U5,flexible_membrane,triangle,5.0,24300,10,0.5569,0.012,digitized_approx
9,rigid_U10,rigid_flat_plate,open_circle,10.0,48700,10,0.48,0.02,digitized_approx_overlap
9,rigid_U7p5,rigid_flat_plate,open_square,7.5,36500,10,0.4492,0.02,digitized_approx_overlap
9,rigid_U5,rigid_flat_plate,open_triangle,5.0,24300,10,0.4508,0.02,digitized_approx_overlap
9,flexible_U10,flexible_membrane,circle,10.0,48700,11,0.9615,0.012,digitized_approx
9,flexible_U7p5,flexible_membrane,square,7.5,36500,11,0.7662,0.012,digitized_approx
9,flexible_U5,flexible_membrane,triangle,5.0,24300,11,0.62,0.012,digitized_approx
9,rigid_U10,rigid_flat_plate,open_circle,10.0,48700,11,0.5446,0.02,digitized_approx_overlap
9,rigid_U7p5,rigid_flat_plate,open_square,7.5,36500,11,0.5215,0.02,digitized_approx_overlap
9,rigid_U5,rigid_flat_plate,open_triangle,5.0,24300,11,0.5246,0.02,digitized_approx_overlap
9,flexible_U10,flexible_membrane,circle,10.0,48700,12,1.0154,0.012,digitized_approx
9,flexible_U7p5,flexible_membrane,square,7.5,36500,12,0.8108,0.012,digitized_approx
9,flexible_U5,flexible_membrane,triangle,5.0,24300,12,0.6692,0.012,digitized_approx
9,rigid_U10,rigid_flat_plate,open_circle,10.0,48700,12,0.5969,0.02,digitized_approx_overlap
9,rigid_U7p5,rigid_flat_plate,open_square,7.5,36500,12,0.5677,0.02,digitized_approx_overlap
9,rigid_U5,rigid_flat_plate,open_triangle,5.0,24300,12,0.5692,0.02,digitized_approx_overlap
9,flexible_U10,flexible_membrane,circle,10.0,48700,13,1.1015,0.012,digitized_approx
9,flexible_U7p5,flexible_membrane,square,7.5,36500,13,0.8831,0.012,digitized_approx
9,flexible_U5,flexible_membrane,triangle,5.0,24300,13,0.74,0.012,digitized_approx
9,rigid_U10,rigid_flat_plate,open_circle,10.0,48700,13,0.6523,0.02,digitized_approx_overlap
9,rigid_U7p5,rigid_flat_plate,open_square,7.5,36500,13,0.6323,0.02,digitized_approx_overlap
9,rigid_U5,rigid_flat_plate,open_triangle,5.0,24300,13,0.6323,0.02,digitized_approx_overlap
9,flexible_U10,flexible_membrane,circle,10.0,48700,14,1.1646,0.012,digitized_approx
9,flexible_U7p5,flexible_membrane,square,7.5,36500,14,0.9385,0.012,digitized_approx
9,flexible_U5,flexible_membrane,triangle,5.0,24300,14,0.8031,0.012,digitized_approx
9,rigid_U10,rigid_flat_plate,open_circle,10.0,48700,14,0.7046,0.02,digitized_approx_overlap
9,rigid_U7p5,rigid_flat_plate,open_square,7.5,36500,14,0.6846,0.02,digitized_approx_overlap
9,rigid_U5,rigid_flat_plate,open_triangle,5.0,24300,14,0.6615,0.02,digitized_approx_overlap
9,flexible_U10,flexible_membrane,circle,10.0,48700,15,1.2369,0.012,digitized_approx
9,flexible_U7p5,flexible_membrane,square,7.5,36500,15,1.0031,0.012,digitized_approx
9,flexible_U5,flexible_membrane,triangle,5.0,24300,15,0.8677,0.012,digitized_approx
9,rigid_U10,rigid_flat_plate,open_circle,10.0,48700,15,0.7415,0.02,digitized_approx_overlap
9,rigid_U7p5,rigid_flat_plate,open_square,7.5,36500,15,0.7308,0.02,digitized_approx_overlap
9,rigid_U5,rigid_flat_plate,open_triangle,5.0,24300,15,0.7,0.02,digitized_approx_overlap
9,flexible_U10,flexible_membrane,circle,10.0,48700,16,1.2662,0.012,digitized_approx
9,flexible_U7p5,flexible_membrane,square,7.5,36500,16,1.0738,0.012,digitized_approx
9,flexible_U5,flexible_membrane,triangle,5.0,24300,16,0.92,0.012,digitized_approx
9,rigid_U10,rigid_flat_plate,open_circle,10.0,48700,16,0.7846,0.02,digitized_approx_overlap
9,rigid_U7p5,rigid_flat_plate,open_square,7.5,36500,16,0.7692,0.02,digitized_approx_overlap
9,rigid_U5,rigid_flat_plate,open_triangle,5.0,24300,16,0.7431,0.02,digitized_approx_overlap
9,flexible_U10,flexible_membrane,circle,10.0,48700,17,1.2662,0.012,digitized_approx
9,flexible_U7p5,flexible_membrane,square,7.5,36500,17,1.1246,0.012,digitized_approx
9,flexible_U5,flexible_membrane,triangle,5.0,24300,17,0.9662,0.012,digitized_approx
9,rigid_U10,rigid_flat_plate,open_circle,10.0,48700,17,0.8062,0.02,digitized_approx_overlap
9,rigid_U7p5,rigid_flat_plate,open_square,7.5,36500,17,0.8,0.02,digitized_approx_overlap
9,rigid_U5,rigid_flat_plate,open_triangle,5.0,24300,17,0.7615,0.02,digitized_approx_overlap
9,flexible_U10,flexible_membrane,circle,10.0,48700,18,1.2338,0.012,digitized_approx
9,flexible_U7p5,flexible_membrane,square,7.5,36500,18,1.1662,0.012,digitized_approx
9,flexible_U5,flexible_membrane,triangle,5.0,24300,18,1.0138,0.012,digitized_approx
9,rigid_U10,rigid_flat_plate,open_circle,10.0,48700,18,0.8338,0.02,digitized_approx_overlap
9,rigid_U7p5,rigid_flat_plate,open_square,7.5,36500,18,0.8154,0.02,digitized_approx_overlap
9,rigid_U5,rigid_flat_plate,open_triangle,5.0,24300,18,0.7908,0.02,digitized_approx_overlap
9,flexible_U10,flexible_membrane,circle,10.0,48700,19,1.22,0.012,digitized_approx
9,flexible_U7p5,flexible_membrane,square,7.5,36500,19,1.1754,0.012,digitized_approx
9,flexible_U5,flexible_membrane,triangle,5.0,24300,19,1.0538,0.012,digitized_approx
9,rigid_U10,rigid_flat_plate,open_circle,10.0,48700,19,0.84,0.02,digitized_approx_overlap
9,rigid_U7p5,rigid_flat_plate,open_square,7.5,36500,19,0.8308,0.02,digitized_approx_overlap
9,rigid_U5,rigid_flat_plate,open_triangle,5.0,24300,19,0.8,0.02,digitized_approx_overlap
9,flexible_U10,flexible_membrane,circle,10.0,48700,20,1.2031,0.012,digitized_approx
9,flexible_U7p5,flexible_membrane,square,7.5,36500,20,1.1677,0.012,digitized_approx
9,flexible_U5,flexible_membrane,triangle,5.0,24300,20,1.0692,0.012,digitized_approx
9,rigid_U10,rigid_flat_plate,open_circle,10.0,48700,20,0.84,0.02,digitized_approx_overlap
9,rigid_U7p5,rigid_flat_plate,open_square,7.5,36500,20,0.8369,0.02,digitized_approx_overlap
9,rigid_U5,rigid_flat_plate,open_triangle,5.0,24300,20,0.8154,0.02,digitized_approx_overlap
9,flexible_U10,flexible_membrane,circle,10.0,48700,21,1.1969,0.012,digitized_approx
9,flexible_U7p5,flexible_membrane,square,7.5,36500,21,1.1569,0.012,digitized_approx
9,flexible_U5,flexible_membrane,triangle,5.0,24300,21,1.0569,0.012,digitized_approx
9,rigid_U10,rigid_flat_plate,open_circle,10.0,48700,21,0.8277,0.02,digitized_approx_overlap
9,rigid_U7p5,rigid_flat_plate,open_square,7.5,36500,21,0.7985,0.02,digitized_approx_overlap
9,rigid_U5,rigid_flat_plate,open_triangle,5.0,24300,21,0.8015,0.02,digitized_approx_overlap
9,flexible_U10,flexible_membrane,circle,10.0,48700,22,1.1831,0.012,digitized_approx
9,flexible_U7p5,flexible_membrane,square,7.5,36500,22,1.1215,0.012,digitized_approx
9,flexible_U5,flexible_membrane,triangle,5.0,24300,22,1.0431,0.012,digitized_approx
9,rigid_U10,rigid_flat_plate,open_circle,10.0,48700,22,0.8154,0.02,digitized_approx_overlap
9,rigid_U7p5,rigid_flat_plate,open_square,7.5,36500,22,0.8123,0.02,digitized_approx_overlap
9,rigid_U5,rigid_flat_plate,open_triangle,5.0,24300,22,0.7846,0.02,digitized_approx_overlap
9,flexible_U10,flexible_membrane,circle,10.0,48700,23,1.1738,0.012,digitized_approx
9,flexible_U7p5,flexible_membrane,square,7.5,36500,23,1.0862,0.012,digitized_approx
9,flexible_U5,flexible_membrane,triangle,5.0,24300,23,0.9969,0.012,digitized_approx
9,rigid_U10,rigid_flat_plate,open_circle,10.0,48700,23,0.7969,0.02,digitized_approx_overlap
9,rigid_U7p5,rigid_flat_plate,open_square,7.5,36500,23,0.7569,0.02,digitized_approx_overlap
9,rigid_U5,rigid_flat_plate,open_triangle,5.0,24300,23,0.7615,0.02,digitized_approx_overlap
9,flexible_U10,flexible_membrane,circle,10.0,48700,24,1.1662,0.012,digitized_approx
9,flexible_U7p5,flexible_membrane,square,7.5,36500,24,1.0662,0.012,digitized_approx
9,flexible_U5,flexible_membrane,triangle,5.0,24300,24,0.9692,0.012,digitized_approx
9,rigid_U10,rigid_flat_plate,open_circle,10.0,48700,24,0.7908,0.02,digitized_approx_overlap
9,rigid_U7p5,rigid_flat_plate,open_square,7.5,36500,24,0.7877,0.02,digitized_approx_overlap
9,rigid_U5,rigid_flat_plate,open_triangle,5.0,24300,24,0.7708,0.02,digitized_approx_overlap
9,flexible_U10,flexible_membrane,circle,10.0,48700,25,1.1462,0.012,digitized_approx
9,flexible_U7p5,flexible_membrane,square,7.5,36500,25,1.0231,0.012,digitized_approx
9,flexible_U5,flexible_membrane,triangle,5.0,24300,25,0.9338,0.012,digitized_approx
9,rigid_U10,rigid_flat_plate,open_circle,10.0,48700,25,0.7908,0.02,digitized_approx_overlap
9,rigid_U7p5,rigid_flat_plate,open_square,7.5,36500,25,0.7585,0.02,digitized_approx_overlap
9,rigid_U5,rigid_flat_plate,open_triangle,5.0,24300,25,0.7615,0.02,digitized_approx_overlap
9,flexible_U10,flexible_membrane,circle,10.0,48700,26,1.1446,0.012,digitized_approx
9,flexible_U7p5,flexible_membrane,square,7.5,36500,26,0.9954,0.012,digitized_approx
9,flexible_U5,flexible_membrane,triangle,5.0,24300,26,0.9154,0.012,digitized_approx
9,rigid_U10,rigid_flat_plate,open_circle,10.0,48700,26,0.7969,0.02,digitized_approx_overlap
9,rigid_U7p5,rigid_flat_plate,open_square,7.5,36500,26,0.7938,0.02,digitized_approx_overlap
9,rigid_U5,rigid_flat_plate,open_triangle,5.0,24300,26,0.7738,0.02,digitized_approx_overlap
9,flexible_U10,flexible_membrane,circle,10.0,48700,27,1.1308,0.012,digitized_approx
9,flexible_U7p5,flexible_membrane,square,7.5,36500,27,0.9723,0.012,digitized_approx
9,flexible_U5,flexible_membrane,triangle,5.0,24300,27,0.9,0.012,digitized_approx
9,rigid_U10,rigid_flat_plate,open_circle,10.0,48700,27,0.7969,0.02,digitized_approx_overlap
9,rigid_U7p5,rigid_flat_plate,open_square,7.5,36500,27,0.7708,0.02,digitized_approx_overlap
9,rigid_U5,rigid_flat_plate,open_triangle,5.0,24300,27,0.7738,0.02,digitized_approx_overlap
9,flexible_U10,flexible_membrane,circle,10.0,48700,28,1.1231,0.012,digitized_approx
9,flexible_U7p5,flexible_membrane,square,7.5,36500,28,0.9738,0.012,digitized_approx
9,flexible_U5,flexible_membrane,triangle,5.0,24300,28,0.9046,0.012,digitized_approx
9,rigid_U10,rigid_flat_plate,open_circle,10.0,48700,28,0.8031,0.02,digitized_approx_overlap
9,rigid_U7p5,rigid_flat_plate,open_square,7.5,36500,28,0.76,0.02,digitized_approx_overlap
9,rigid_U5,rigid_flat_plate,open_triangle,5.0,24300,28,0.7631,0.02,digitized_approx_overlap
9,flexible_U10,flexible_membrane,circle,10.0,48700,29,1.12,0.012,digitized_approx
9,flexible_U7p5,flexible_membrane,square,7.5,36500,29,0.9785,0.012,digitized_approx
9,flexible_U5,flexible_membrane,triangle,5.0,24300,29,0.9185,0.012,digitized_approx
9,rigid_U10,rigid_flat_plate,open_circle,10.0,48700,29,0.8123,0.02,digitized_approx_overlap
9,rigid_U7p5,rigid_flat_plate,open_square,7.5,36500,29,0.7785,0.02,digitized_approx_overlap
9,rigid_U5,rigid_flat_plate,open_triangle,5.0,24300,29,0.7815,0.02,digitized_approx_overlap
9,flexible_U10,flexible_membrane,circle,10.0,48700,30,1.1169,0.012,digitized_approx
9,flexible_U7p5,flexible_membrane,square,7.5,36500,30,0.9831,0.012,digitized_approx
9,flexible_U5,flexible_membrane,triangle,5.0,24300,30,0.9308,0.012,digitized_approx
9,rigid_U10,rigid_flat_plate,open_circle,10.0,48700,30,0.8185,0.02,digitized_approx_overlap
9,rigid_U7p5,rigid_flat_plate,open_square,7.5,36500,30,0.7831,0.02,digitized_approx_overlap
9,rigid_U5,rigid_flat_plate,open_triangle,5.0,24300,30,0.7877,0.02,digitized_approx_overlap
