model,phase,CL_alpha,CD_alpha,CL,CD,CT
fluxv_periodic_v3_persistent,0.0,-1.3165749835596845,-0.3083152073356769,-0.34075468005078446,-0.0797978475532056,0.0797978475532056
fluxv_periodic_v3_persistent,0.0078125,-1.0533981934950185,-0.2644174581962311,-0.27263951455310104,-0.06843627403878422,0.06843627403878422
fluxv_periodic_v3_persistent,0.015625,-0.8028544356951097,-0.2365345819438762,-0.20779401840293144,-0.06121965463243798,0.06121965463243798
fluxv_periodic_v3_persistent,0.0234375,-0.5653204623977359,-0.2237376993335135,-0.1463157022546975,-0.057907577694934854,0.057907577694934854
fluxv_periodic_v3_persistent,0.03125,-0.3407059532194675,-0.22499818978186742,-0.08818118947300668,-0.058233816629138666,0.058233816629138666
fluxv_periodic_v3_persistent,0.0390625,-0.12849962704741222,-0.23925294912755826,-0.033258150768441276,-0.0619232198311566,0.0619232198311566
fluxv_periodic_v3_persistent,0.046875,0.07216923225996372,-0.2654607723059068,0.018678771779305842,-0.06870630360039248,0.06870630360039248
fluxv_periodic_v3_persistent,0.0546875,0.2624590531022242,-0.30264701621234713,0.06792940150242946,-0.0783308117392068,0.0783308117392068
fluxv_periodic_v3_persistent,0.0625,0.4437394954757676,-0.34993510894781504,0.11484823249331248,-0.09056987074572005,0.09056987074572005
fluxv_periodic_v3_persistent,0.0703125,0.6175152739772307,-0.40656481087578367,0.15982471354700833,-0.10522671612315727,0.10522671612315727
fluxv_periodic_v3_persistent,0.078125,0.7853545054917311,-0.47189822577038,0.20326470317833223,-0.12213624817946349,0.12213624817946349
fluxv_periodic_v3_persistent,0.0859375,0.9488246892598748,-0.5454153082128358,0.24557390004393678,-0.1411638692559432,0.1411638692559432
fluxv_periodic_v3_persistent,0.09375,1.1094382372652634,-0.6267009988607537,0.2871437451692193,-0.1622021540899362,0.1622021540899362
fluxv_periodic_v3_persistent,0.1015625,1.2686083700930477,-0.7154261904354069,0.32834000695654786,-0.18516592344982616,0.18516592344982616
fluxv_periodic_v3_persistent,0.109375,1.4276152861584088,-0.8113245710524114,0.36949402513728125,-0.20998625074799737,0.20998625074799737
fluxv_periodic_v3_persistent,0.1171875,1.5875818495222884,-0.9141671048361839,0.4108964183154525,-0.23660385713783708,0.23660385713783708
fluxv_periodic_v3_persistent,0.125,1.7494576230329968,-1.0237355779611792,0.4527929514407259,-0.2649622647253896,0.2649622647253896
fluxv_periodic_v3_persistent,0.1328125,1.9140098659442912,-1.1397963230432104,0.4953822058205052,-0.295000995941408,0.295000995941408
fluxv_periodic_v3_persistent,0.140625,2.08182007030655,-1.262074971833081,0.5388146826720038,-0.3266490390576288,0.3266490390576288
fluxv_periodic_v3_persistent,0.1484375,2.2532846780852682,-1.390232888568153,0.58319298872617,-0.35981874868932845,0.35981874868932845
fluxv_periodic_v3_persistent,0.15625,2.4286187586612478,-1.5238458018698773,0.6285727880347735,-0.39440031532344666,0.39440031532344666
fluxv_periodic_v3_persistent,0.1640625,2.6078616009404185,-1.6623850701959593,0.6749642493149302,-0.4302569164608051,0.4302569164608051
fluxv_periodic_v3_persistent,0.171875,2.7908833642302553,-1.8052019699929964,0.7223337673225853,-0.4672206500907766,0.4672206500907766
fluxv_periodic_v3_persistent,0.1796875,2.9773921231386677,-1.9515153717968743,0.7706057862065169,-0.5050893450313577,0.5050893450313577
fluxv_periodic_v3_persistent,0.1875,3.1669408270687747,-2.100403154887051,0.8196646007581275,-0.5436243388781886,0.5436243388781886
fluxv_periodic_v3_persistent,0.1953125,3.358933870268428,-2.250797695139846,0.8693560568653887,-0.5825493101750495,0.5825493101750495
fluxv_periodic_v3_persistent,0.203125,3.5526331323207576,-2.4014857357161263,0.9194891149068357,-0.6215502449453723,0.6215502449453723
fluxv_periodic_v3_persistent,0.2109375,3.7471635002660335,-2.551112910537106,0.969837278981874,-0.6602766074539262,0.6602766074539262
fluxv_periodic_v3_persistent,0.21875,3.9415180209511855,-2.6981931324033805,1.0201399304369632,-0.6983437700308223,0.6983437700308223
fluxv_periodic_v3_persistent,0.2265625,4.134562954143649,-2.8411229790395987,1.0701036357077165,-0.735336736453858,0.735336736453858
fluxv_periodic_v3_persistent,0.234375,4.32504310118934,-2.978201110628787,1.11940352547707,-0.7708151675762094,0.7708151675762094
fluxv_periodic_v3_persistent,0.2421875,4.511587867642088,-3.1076526321232016,1.167684863799243,-0.8043196867564623,0.8043196867564623
fluxv_periodic_v3_persistent,0.25,4.692718578479973,-3.2276581748661948,1.2145649414170452,-0.8353794067362135,0.8353794067362135
fluxv_periodic_v3_persistent,0.2578125,4.8668575975367565,-3.3363873178109187,1.2596354360444115,-0.8635205796879823,0.8635205796879823
fluxv_periodic_v3_persistent,0.265625,5.032339806023063,-3.432035803616438,1.3024653832262936,-0.8882762294496688,0.8882762294496688
fluxv_periodic_v3_persistent,0.2734375,5.1874269652052805,-3.512865834423759,1.3426048936734978,-0.909196580838827,0.909196580838827
fluxv_periodic_v3_persistent,0.28125,5.33032542399148,-3.577248563050091,1.379589736323164,-0.925860057182989,0.925860057182989
fluxv_periodic_v3_persistent,0.2890625,5.45920753205601,-3.6237077349043783,1.4129468804632255,-0.9378845756785695,0.9378845756785695
fluxv_periodic_v3_persistent,0.296875,5.572236984126898,-3.650963292329623,1.4422010553166738,-0.9449388330251084,0.9449388330251084
fluxv_periodic_v3_persistent,0.3046875,5.6675981527608785,-3.657973634252476,1.466882341922381,-0.9467532430274233,0.9467532430274233
fluxv_periodic_v3_persistent,0.3125,5.743529269876524,-3.6439751383389427,1.4865347611478201,-0.9431301656822111,0.9431301656822111
fluxv_periodic_v3_persistent,0.3203125,5.798359096674816,-3.608517507461455,1.5007257645628906,-0.9339530555169021,0.9339530555169021
fluxv_periodic_v3_persistent,0.328125,5.830546485501213,-3.5514935039338216,1.5090564738032821,-0.9191941573759572,0.9191941573759572
fluxv_periodic_v3_persistent,0.3359375,5.838721994572828,-3.47316168856478,1.5111724512544247,-0.8989203917209949,0.8989203917209949
fluxv_periodic_v3_persistent,0.34375,5.821730478375767,-3.3741608907329557,1.5067747232574573,-0.8732970997617744,0.8732970997617744
fluxv_periodic_v3_persistent,0.3515625,5.778673353907619,-3.2555153016031992,1.495630719417751,-0.8425893616775848,0.8425893616775848
fluxv_periodic_v3_persistent,0.359375,5.708949048530225,-3.118629305097736,1.477584741279537,-0.8071606587741338,0.8071606587741338
fluxv_periodic_v3_persistent,0.3671875,5.612289979972286,-2.9652714374017553,1.4525675334548724,-0.7674687218981014,0.7674687218981014
fluxv_periodic_v3_persistent,0.375,5.488794314968501,-2.7975471916903025,1.4206045033642918,-0.7240584927825227,0.7240584927825227
fluxv_periodic_v3_persistent,0.3828125,5.33895070988935,-2.6178607544380346,1.3818221245829867,-0.6775522206750166,0.6775522206750166
fluxv_periodic_v3_persistent,0.390625,5.163654263995275,-2.4288661663741418,1.3364520658468166,-0.6286368218627757,0.6286368218627757
fluxv_periodic_v3_persistent,0.3984375,4.964212022299187,-2.2334088371388896,1.284832615297929,-0.5780487425518187,0.5780487425518187
fluxv_periodic_v3_persistent,0.40625,4.7423365581686205,-2.034458798983203,1.227407019539977,-0.5265566836532538,0.5265566836532538
fluxv_periodic_v3_persistent,0.4140625,4.500126455142514,-1.8350375510229082,1.164718431960577,-0.47494266668301727,0.47494266668301727
fluxv_periodic_v3_persistent,0.421875,4.240032901409854,-1.6381408071878185,1.0974012667461688,-0.4239820394598237,0.4239820394598237
fluxv_periodic_v3_persistent,0.4296875,3.9648121188420755,-1.4466598980844456,1.026168886609608,-0.3744231334103262,0.3744231334103262
fluxv_periodic_v3_persistent,0.4375,3.6774639784508705,-1.2633049600632549,0.9517977153015712,-0.3269673834368497,0.3269673834368497
fluxv_periodic_v3_persistent,0.4453125,3.3811579051264964,-1.0905333320616566,0.8751080603456792,-0.2822507956566681,0.2822507956566681
fluxv_periodic_v3_persistent,0.453125,3.079148032499156,-0.9304867175432835,0.796942153500737,-0.24082768371513158,0.24082768371513158
fluxv_periodic_v3_persistent,0.4609375,2.774680494364824,-0.7849405898236906,0.7181401560160938,-0.203157573920377,0.203157573920377
fluxv_periodic_v3_persistent,0.46875,2.4708966612540966,-0.6552689585874659,0.639515114412792,-0.16959608614693114,0.16959608614693114
fluxv_periodic_v3_persistent,0.4765625,2.1707369419080065,-0.5424269237224237,0.5618280624733962,-0.14039041843573558,0.14039041843573558
fluxv_periodic_v3_persistent,0.484375,1.8768503331769302,-0.44695240797873265,0.48576461103320095,-0.11567979543932785,0.11567979543932785
fluxv_periodic_v3_persistent,0.4921875,1.5915150731581094,-0.3689871299557942,0.4119144115010503,-0.09550089663027837,0.09550089663027837
fluxv_periodic_v3_persistent,0.5,1.3165754125527505,-0.3083153721783149,0.3407547910823602,-0.07979789021761975,0.07979789021761975
fluxv_periodic_v3_persistent,0.5078125,1.0533986125093144,-0.2644175984440917,0.272639623001981,-0.06843631033760159,0.06843631033760159
fluxv_periodic_v3_persistent,0.515625,0.802854845237626,-0.23653469851457726,0.20779412440033443,-0.06121968480315552,0.06121968480315552
fluxv_periodic_v3_persistent,0.5234375,0.5653208628534551,-0.2237377931367289,0.14631580590026433,-0.057907601972993494,0.057907601972993494
fluxv_periodic_v3_persistent,0.53125,0.3407063448660324,-0.22499826173204399,0.08818129083859663,-0.05823383525121466,0.05823383525121466
fluxv_periodic_v3_persistent,0.5390625,0.12850001005976336,-0.23925300015566678,0.03325824989933226,-0.06192323303820292,0.06192323303820292
fluxv_periodic_v3_persistent,0.546875,-0.07216885780868583,-0.2654608033702394,-0.018678674864183665,-0.06870631164043338,0.06870631164043338
fluxv_periodic_v3_persistent,0.5546875,-0.26245868721536775,-0.3026470283038531,-0.06792930680394264,-0.07833081486871883,0.07833081486871883
fluxv_periodic_v3_persistent,0.5625,-0.4437391382233864,-0.3499351030941083,-0.11484814002959233,-0.09056986923066926,0.09056986923066926
fluxv_periodic_v3_persistent,0.5703125,-0.617514925483392,-0.40656478814204206,-0.15982462335016578,-0.10522671023923197,0.10522671023923197
fluxv_periodic_v3_persistent,0.578125,-0.785354165912511,-0.4718981872555155,-0.20326461528876272,-0.12213623821108305,0.12213623821108305
fluxv_periodic_v3_persistent,0.5859375,-0.948824358780867,-0.5454152550473408,-0.24557381450967555,-0.14116385549570054,0.14116385549570054
fluxv_periodic_v3_persistent,0.59375,-1.1094379160724535,-0.6267009321962456,-0.28714366203840297,-0.16220213683589188,0.16220213683589188
fluxv_periodic_v3_persistent,0.6015625,-1.268608058373206,-0.7154261114397333,-0.32833992627751607,-0.18516590300424138,0.18516590300424138
fluxv_periodic_v3_persistent,0.609375,-1.4276149840815002,-0.8113244808987731,-0.3694939469540242,-0.20998622741451878,0.20998622741451878
fluxv_periodic_v3_persistent,0.6171875,-1.5875815572418066,-0.914167004696813,-0.41089634266769726,-0.23660383121986073,0.23660383121986073
fluxv_periodic_v3_persistent,0.625,-1.7494573406661411,-1.0237354689939249,-0.452792878358806,-0.2649622365225889,0.2649622365225889
fluxv_periodic_v3_persistent,0.6328125,-1.9140095935800745,-1.139796206387149,-0.4953821353274587,-0.2950009657485975,0.2950009657485975
fluxv_periodic_v3_persistent,0.640625,-2.081819807990069,-1.2620748485958018,-0.5388146147795028,-0.3266490071614738,0.3266490071614738
fluxv_periodic_v3_persistent,0.6484375,-2.2532844258319806,-1.390232759824609,-0.5831929234382149,-0.3598187153680473,0.3598187153680473
fluxv_periodic_v3_persistent,0.65625,-2.428618516435122,-1.5238456686470674,-0.6285727253420388,-0.39440028084284623,0.39440028084284623
fluxv_periodic_v3_persistent,0.6640625,-2.6078613686764,-1.6623849334764895,-0.6749641892005785,-0.4302568810752025,0.4302568810752025
fluxv_periodic_v3_persistent,0.671875,-2.7908831418118822,-1.8052018306998354,-0.7223337097564744,-0.4672206140390537,0.4672206140390537
fluxv_periodic_v3_persistent,0.6796875,-2.9773919104231323,-1.951515230799782,-0.7706057311516851,-0.505089308538625,0.505089308538625
fluxv_periodic_v3_persistent,0.6875,-3.166940623875817,-2.100403012993751,-0.8196645481679202,-0.5436243021535001,0.5436243021535001
fluxv_periodic_v3_persistent,0.6953125,-3.3589336763851714,-2.250797553094758,-0.8693560066847095,-0.5825492734110754,0.5825492734110754
fluxv_periodic_v3_persistent,0.703125,-3.552632947507145,-2.4014855942004094,-0.919489067073553,-0.6215502083184096,0.6215502083184096
fluxv_periodic_v3_persistent,0.7109375,-3.747163324260482,-2.551112770169667,-0.9698372334282852,-0.6602765711241596,0.6602765711241596
fluxv_periodic_v3_persistent,0.71875,-3.941517853463885,-2.6981929937360096,-1.02013988708806,-0.6983437341410658,0.6983437341410658
fluxv_periodic_v3_persistent,0.7265625,-4.1345627948802495,-2.841122842569114,-1.0701035944873154,-0.7353367011326974,0.7353367011326974
fluxv_periodic_v3_persistent,0.734375,-4.325042949832319,-2.9782009767871633,-1.1194034863029905,-0.7708151329354481,0.7708151329354481
fluxv_periodic_v3_persistent,0.7421875,-4.511587723872439,-3.107652501289768,-1.1676848265889197,-0.8043196528942779,0.8043196528942779
fluxv_periodic_v3_persistent,0.75,-4.6927184419618015,-3.2276580473604937,-1.2145649060835424,-0.8353793737353097,0.8353793737353097
fluxv_periodic_v3_persistent,0.7578125,-4.86685746794199,-3.3363871939074468,-1.2596354025028178,-0.8635205476194041,0.8635205476194041
fluxv_periodic_v3_persistent,0.765625,-5.0323396830186855,-3.4320356835400583,-1.302465351390418,-0.888276198371615,0.888276198371615
fluxv_periodic_v3_persistent,0.7734375,-5.1874268484576485,-3.512865718353782,-1.3426048634569872,-0.9091965507977064,0.9091965507977064
fluxv_periodic_v3_persistent,0.78125,-5.330325313175502,-3.577248451128104,-1.3795897076418782,-0.9258600282154472,0.9258600282154472
fluxv_periodic_v3_persistent,0.7890625,-5.459207426854349,-3.623707627236047,-1.412946853235032,-0.9378845478119548,0.9378845478119548
fluxv_periodic_v3_persistent,0.796875,-5.572236884224044,-3.65096318898436,-1.4422010294599126,-0.944938806277386,0.944938806277386
fluxv_periodic_v3_persistent,0.8046875,-5.667598057856355,-3.6579735352730145,-1.4668823173592829,-0.9467532174096536,0.9467532174096536
fluxv_periodic_v3_persistent,0.8125,-5.743529179678113,-3.643975043740634,-1.4865347378027534,-0.9431301411983671,0.9431301411983671
fluxv_periodic_v3_persistent,0.8203125,-5.798359010899863,-3.608517417235396,-1.5007257423626992,-0.9339530321646796,0.9339530321646796
fluxv_periodic_v3_persistent,0.828125,-5.8305464038830666,-3.5514934180529805,-1.5090564526789516,-0.9191941351483599,0.9191941351483599
fluxv_periodic_v3_persistent,0.8359375,-5.8387219168576685,-3.4731616069844584,-1.5111724311402612,-0.8989203706064539,0.8989203706064539
fluxv_periodic_v3_persistent,0.84375,-5.821730404317726,-3.3741608133912684,-1.5067747040898258,-0.8732970797442727,0.8732970797442727
fluxv_periodic_v3_persistent,0.8515625,-5.778673283278023,-3.2555152284272992,-1.495630701137466,-0.8425893427382682,0.8425893427382682
fluxv_periodic_v3_persistent,0.859375,-5.70894898111346,-3.1186292360040424,-1.4775847238307944,-0.8071606408913701,0.8071606408913701
fluxv_periodic_v3_persistent,0.8671875,-5.612289915556153,-2.9652713722940756,-1.4525675167827503,-0.7674687050469939,0.7674687050469939
fluxv_periodic_v3_persistent,0.875,-5.488794253371333,-2.797547130472329,-1.4206044874217718,-0.7240584769381452,0.7240584769381452
fluxv_periodic_v3_persistent,0.8828125,-5.338950650919297,-2.617860696999507,-1.381822109320414,-0.6775522058088317,0.6775522058088317
fluxv_periodic_v3_persistent,0.890625,-5.163654207490388,-2.428866112607014,-1.3364520512222757,-0.628636807946819,0.628636807946819
fluxv_periodic_v3_persistent,0.8984375,-4.964211968094721,-2.2334087869273938,-1.284832601268781,-0.5780487295561273,0.5780487295561273
fluxv_periodic_v3_persistent,0.90625,-4.742336506110223,-2.034458752209966,-1.2274070060662725,-0.5265566715474493,0.5265566715474493
fluxv_periodic_v3_persistent,0.9140625,-4.5001264050957,-1.8350375075725749,-1.1647184190075084,-0.4749426554372435,0.4749426554372435
fluxv_periodic_v3_persistent,0.921875,-4.240032853234815,-1.638140766941302,-1.097401254277551,-0.42398202904325877,0.42398202904325877
fluxv_periodic_v3_persistent,0.9296875,-3.964812072410996,-1.4466598609247538,-1.0261688745923603,-0.37442312379269027,0.37442312379269027
fluxv_periodic_v3_persistent,0.9375,-3.677463933649823,-1.2633049258767592,-0.9517977037062069,-0.3269673745887336,0.3269673745887336
fluxv_periodic_v3_persistent,0.9453125,-3.381157861835339,-1.0905333007346012,-0.8751080491411032,-0.28225078754862953,0.28225078754862953
fluxv_periodic_v3_persistent,0.953125,-3.079147990610858,-0.9304866889667982,-0.7969421426592478,-0.24082767631899293,0.24082767631899293
fluxv_periodic_v3_persistent,0.9609375,-2.7746804537831546,-0.7849405638932815,-0.718140145512785,-0.20315756720909328,0.20315756720909328
fluxv_periodic_v3_persistent,0.96875,-2.470896621877892,-0.6552689352017202,-0.6395151042214803,-0.16959608009425478,0.16959608009425478
fluxv_periodic_v3_persistent,0.9765625,-2.1707369036546798,-0.5424269027858264,-0.5618280525727067,-0.14039041301694544,0.14039041301694544
fluxv_periodic_v3_persistent,0.984375,-1.8768502959647202,-0.4469523893997841,-0.4857646014019723,-0.11567979063074213,0.11567979063074213
fluxv_periodic_v3_persistent,0.9921875,-1.5915150369182343,-0.36898711364754183,-0.41191440212148045,-0.09550089240939208,0.09550089240939208
