phase,paper_uvlm_CLalpha,paper_uvlm_CDalpha,6_state_CLalpha,6_state_CDalpha,1_state_CLalpha,1_state_CDalpha,qs_added_mass_CLalpha,qs_added_mass_CDalpha
0.00000000,-1.22024613,0.04180129,-1.25334351,-0.29176213,-1.24391999,-0.28233860,-1.10960171,-0.23460416
0.00781250,-0.92387713,0.06504205,-0.93826460,-0.23531353,-0.93826460,-0.23531353,-0.72411982,-0.17815557
0.01562500,-0.72177488,0.06520590,-0.69876581,-0.21639862,-0.71315810,-0.21639862,-0.41415501,-0.14484837
0.02343750,-0.53334810,0.06520590,-0.47269043,-0.20660283,-0.48708273,-0.20660283,-0.13151484,-0.13505258
0.03125000,-0.35949054,0.05228796,-0.26134453,-0.20660283,-0.27573682,-0.20660283,0.14921833,-0.14797052
0.03906250,-0.11667140,0.00600367,-0.01016254,-0.22280458,-0.03072884,-0.22880219,0.48015067,-0.19425480
0.04687500,0.07733913,-0.03141617,0.17767397,-0.24769380,0.15056409,-0.24769380,0.73029625,-0.24439224
0.05468750,0.24725207,-0.08605292,0.36431358,-0.28631139,0.33319462,-0.28631139,0.97091293,-0.30311651
0.06250000,0.44845521,-0.16375841,0.57747349,-0.35316484,0.53439776,-0.34262285,1.23927957,-0.40365351
0.07031250,0.61430029,-0.24361732,0.74300851,-0.41332659,0.69806702,-0.41332659,1.47684378,-0.50573442
0.07812500,0.76986182,-0.31881560,0.90524039,-0.47611782,0.84808243,-0.47611782,1.68351969,-0.61816675
0.08593750,0.90123889,-0.39400377,1.06664897,-0.55140407,0.99833622,-0.55140407,1.89008493,-0.73088773
0.09375000,1.09804393,-0.51439742,1.25787635,-0.65959852,1.18632609,-0.64544525,2.14251318,-0.89818246
0.10156250,1.30764075,-0.63784437,1.40870362,-0.74568498,1.33715336,-0.73129269,2.33093996,-1.03836132
0.10937500,1.50046707,-0.76766013,1.55823805,-0.85319147,1.48609229,-0.82481810,2.51799077,-1.18500392
0.11718750,1.63433337,-0.87436157,1.72893458,-0.96757656,1.64318371,-0.93920318,2.73139364,-1.36926019
0.12500000,1.75401051,-0.99354305,1.89706818,-1.09383506,1.81112686,-1.05065818,2.92723081,-1.55163725
0.13281250,1.92671595,-1.12456896,2.04662463,-1.20604797,1.96096577,-1.16299863,3.10982218,-1.72000669
0.14062500,2.10612052,-1.26542282,2.20645536,-1.32795087,2.11149061,-1.28518520,3.28832020,-1.88976618
0.14843750,2.30369294,-1.43529880,2.40361657,-1.49245676,2.30369294,-1.43529880,3.50524378,-2.11571197
0.15625000,2.47244885,-1.56661373,2.57237248,-1.62401089,2.46407690,-1.56661373,3.68237164,-2.29283983
0.16406250,2.64140698,-1.71102623,2.72882568,-1.75535487,2.62701468,-1.69815348,3.85735012,-2.46781831
0.17187500,2.85286830,-1.88319630,2.91002627,-1.90210385,2.80982043,-1.84043063,4.04043806,-2.66940260
0.17968750,3.05122088,-2.04984335,3.12068180,-2.07827643,3.00845520,-1.99477472,4.25109360,-2.87763221
0.18750000,3.23385140,-2.19706433,3.29100936,-2.21372099,3.17669344,-2.13990637,4.42142116,-3.06026272
0.19531250,3.40956444,-2.33535127,3.46672240,-2.36391962,3.35240647,-2.27819331,4.59031017,-3.23597576
0.20312500,3.64542649,-2.52205893,3.68819216,-2.55084352,3.57211504,-2.45226988,4.81684276,-3.45568433
0.21093750,3.82699514,-2.65375466,3.86976081,-2.68862008,3.74731227,-2.59641785,4.98578031,-3.62462188
0.21875000,4.00651179,-2.78501798,4.04927747,-2.82778365,3.92422138,-2.72775567,5.15455681,-3.78296507
0.22656250,4.18304450,-2.91758970,4.22506358,-2.96154625,4.11033645,-2.86121141,5.32553299,-3.93558996
0.23437500,4.40471932,-3.05639377,4.43350391,-3.12374866,4.31877678,-3.02370163,5.52073883,-4.12101009
0.24218750,4.57363104,-3.16911176,4.60260835,-3.25524703,4.48829242,-3.14052557,5.67525824,-4.25654507
0.25000000,4.72891334,-3.25838816,4.77167900,-3.36302356,4.65265132,-3.24870763,5.82582878,-4.36943890
0.25781250,4.92535479,-3.35176863,4.96851568,-3.49374963,4.85324479,-3.37943370,6.01258972,-4.50984550
0.26562500,5.07263902,-3.41924744,5.11945360,-3.57437901,5.00108876,-3.45601417,6.14548164,-4.58642597
0.27343750,5.19585123,-3.45714938,5.26161678,-3.65162316,5.13290856,-3.53127659,6.26869386,-4.66168839
0.28125000,5.30826681,-3.48138707,5.39248535,-3.70772729,5.26377713,-3.59337275,6.38110944,-4.71074367
0.28906250,5.44144696,-3.49709217,5.52738951,-3.76246988,5.40664256,-3.64172293,6.50030850,-4.74978116
0.29687500,5.53535293,-3.48463406,5.62129547,-3.78135901,5.50697955,-3.66704309,6.58175635,-4.75621218
0.30468750,5.59553274,-3.44686818,5.71233477,-3.78329319,5.59801885,-3.66649116,6.64000199,-4.75123997
0.31250000,5.65184420,-3.38004905,5.79101895,-3.76236012,5.67640398,-3.64411844,6.69631344,-4.70679357
0.32031250,5.68806908,-3.30169904,5.83308593,-3.72044096,5.72063159,-3.60607028,6.72006238,-4.63423090
0.32812500,5.68806908,-3.20779222,5.85197524,-3.65771616,5.75164040,-3.54317226,6.72612498,-4.55262681
0.33593750,5.67717377,-3.10306493,5.85995418,-3.58253045,5.75961934,-3.46821453,6.70756202,-4.43723218
0.34375000,5.63376969,-2.94205602,5.81980063,-3.46265576,5.73385809,-3.34833983,6.64385225,-4.27247985
0.35156250,5.58583722,-2.80994069,5.77181960,-3.33946087,5.68587704,-3.23517547,6.56688972,-4.12025489
0.35937500,5.51413054,-2.64971977,5.70070379,-3.20808306,5.61476124,-3.10814932,6.47265723,-3.95130958
0.36718750,5.38248037,-2.48066234,5.60672299,-3.05792981,5.52078044,-2.95759497,6.34100707,-3.74930922
0.37500000,5.20420757,-2.25560495,5.46170000,-2.85606377,5.37575745,-2.75613083,6.14866789,-3.48659220
0.38281250,5.04969736,-2.06746358,5.30711380,-2.67273416,5.23556355,-2.58691173,5.97115148,-3.26101752
0.39062500,4.88022155,-1.87903680,5.13763799,-2.49420452,5.06608774,-2.40867318,5.76406482,-3.03493916
0.39843750,4.69868579,-1.69187148,4.95610222,-2.30741618,4.88455197,-2.22150785,5.54525784,-2.79709194
0.40625000,4.41820792,-1.45640807,4.69001664,-2.05736284,4.62658133,-1.98581259,5.21740423,-2.49092479
0.41406250,4.19277940,-1.28101365,4.45197487,-1.86953620,4.39481691,-1.79798595,4.94194162,-2.24696605
0.42187500,3.93571897,-1.09733147,4.20477453,-1.66698035,4.15036974,-1.61257555,4.65702177,-2.00215849
0.42968750,3.64495121,-0.89619594,3.89182564,-1.45420569,3.84905997,-1.40058795,4.28857097,-1.72224280
0.43750000,3.38236967,-0.73370758,3.61141273,-1.26092045,3.56823585,-1.21815478,3.94861644,-1.48374905
0.44531250,3.09972950,-0.58946089,3.32877256,-1.09807480,3.28578512,-1.05511970,3.60947539,-1.26423993
0.45312500,2.82976088,-0.45831020,3.03663938,-0.94807972,3.00495599,-0.90521947,3.27220789,-1.06933231
0.46093750,2.49992294,-0.31385878,2.67978644,-0.76553101,2.65141307,-0.73691793,2.84222462,-0.83963970
0.46875000,2.24783689,-0.21165682,2.39864886,-0.64475820,2.36997603,-0.61608537,2.49602678,-0.68106655
0.47656250,2.00396595,-0.13303238,2.11818440,-0.53304065,2.08939982,-0.51864836,2.15943856,-0.54641558
0.48437500,1.71355831,-0.05530867,1.79883586,-0.42659114,1.77757992,-0.41219884,1.77624991,-0.41219884
0.49218750,1.45376367,0.00786642,1.49706096,-0.34988486,1.48266867,-0.33549257,1.39696873,-0.30683015
0.50000000,1.20963794,0.04128728,1.23396777,-0.28335194,1.22403023,-0.27889718,1.07750299,-0.23613151
0.50781250,0.97479680,0.05988790,0.98027122,-0.24592503,0.98027122,-0.24045062,0.76774978,-0.17984919
0.51562500,0.71435431,0.06520590,0.69268609,-0.21690275,0.69268609,-0.20660283,0.39522503,-0.14535250
0.52343750,0.52623047,0.06520590,0.46659588,-0.20660283,0.47470548,-0.20660283,0.11258486,-0.13505258
0.53125000,0.35144450,0.05278729,0.25469177,-0.20660283,0.26903810,-0.20660283,-0.16822202,-0.14747119
0.53906250,0.13657965,0.01371972,0.03188455,-0.22494417,0.05063710,-0.22494417,-0.45313883,-0.18653876
0.54687500,-0.08445676,-0.04259173,-0.19883536,-0.25937348,-0.17039931,-0.25937348,-0.75026414,-0.24285020
0.55468750,-0.25488865,-0.08673752,-0.37184242,-0.29658744,-0.34083120,-0.29658744,-0.99139977,-0.31536937
0.56250000,-0.42455833,-0.15521463,-0.55348389,-0.34108082,-0.51030701,-0.34108082,-1.21738091,-0.39741710
0.57031250,-0.62028002,-0.24155633,-0.75064511,-0.41344143,-0.70787944,-0.41178456,-1.49783477,-0.51667879
0.57812500,-0.76435423,-0.31675956,-0.91361108,-0.48846875,-0.87066952,-0.47407646,-1.70456474,-0.62948966
0.58593750,-0.89561360,-0.40257861,-1.07437807,-0.56341667,-1.02056536,-0.54932826,-1.91077204,-0.74218114
0.59375000,-1.06344476,-0.49988691,-1.23175427,-0.64141841,-1.16020402,-0.62743732,-2.10791401,-0.87403705
0.60156250,-1.31804670,-0.64851004,-1.41684433,-0.75708613,-1.34529407,-0.74310504,-2.35244988,-1.05921666
0.60937500,-1.50905019,-0.76517157,-1.56639359,-0.85070560,-1.49475195,-0.83663045,-2.53940664,-1.20864500
0.61718750,-1.61734151,-0.87305437,-1.71669813,-0.96360535,-1.63103512,-0.93062354,-2.71309459,-1.35922639
0.62500000,-1.76092687,-1.00335517,-1.90331037,-1.10369001,-1.81736783,-1.06053362,-2.94634561,-1.55923438
0.63281250,-1.93482291,-1.13604906,-2.05555851,-1.21765186,-1.96991162,-1.17488619,-3.12239267,-1.73052036
0.64062500,-2.11375711,-1.27567832,-2.21409194,-1.33872531,-2.11964614,-1.29571669,-3.30132687,-1.90760960
0.64843750,-2.26955254,-1.41244580,-2.36951774,-1.46960376,-2.28249008,-1.41385899,-3.46969019,-2.08186196
0.65625000,-2.48012963,-1.57743732,-2.58027777,-1.63459528,-2.48012963,-1.57743732,-3.69607277,-2.30824453
0.66406250,-2.66139733,-1.72128172,-2.73702463,-1.76608590,-2.63668978,-1.70892794,-3.86533967,-2.48951225
0.67187500,-2.84708931,-1.88357029,-2.90674344,-1.90045874,-2.80398375,-1.84046473,-4.04905136,-2.66364797
0.67968750,-3.05748667,-2.04955232,-3.11857595,-2.07803803,-3.00426003,-2.00648777,-4.24898775,-2.88560157
0.68750000,-3.24148799,-2.20783878,-3.29864595,-2.22399131,-3.18614203,-2.15062905,-4.43086976,-3.07182610
0.69531250,-3.41733449,-2.34614278,-3.47449245,-2.37451616,-3.36819813,-2.28875563,-4.61292585,-3.25388220
0.70312500,-3.60472632,-2.49584085,-3.65136830,-2.51369825,-3.53674308,-2.42785762,-4.78147080,-3.42242716
0.71093750,-3.84042160,-2.66439941,-3.87760576,-2.69868262,-3.76312567,-2.60724144,-4.99346110,-3.63441745
0.71875000,-4.01780051,-2.79568808,-4.05680630,-2.83857292,-3.94207917,-2.73853011,-5.16248543,-3.79292853
0.72656250,-4.20043103,-2.92617823,-4.22921562,-2.96959719,-4.11448848,-2.86926948,-5.33084283,-3.95690848
0.73437500,-4.39079072,-3.05328742,-4.42671844,-3.11758852,-4.30505226,-3.01746080,-5.51405938,-4.11204294
0.74218750,-4.58146034,-3.18060355,-4.61056549,-3.25215381,-4.49592901,-3.15181897,-5.69747984,-4.26752707
0.75000000,-4.74678865,-3.27073910,-4.77935979,-3.36466594,-4.66504386,-3.26054456,-5.84421812,-4.38076181
0.75781250,-4.89653490,-3.34561222,-4.93954795,-3.46858655,-4.82498464,-3.35427062,-5.98401720,-4.48468242
0.76562500,-5.03422030,-3.40765756,-5.09023662,-3.56279994,-4.97588712,-3.44848401,-6.12148879,-4.57851818
0.77343750,-5.19872619,-3.45611148,-5.26415289,-3.65006630,-5.14156823,-3.53551927,-6.27828368,-4.66593106
0.78125000,-5.31747494,-3.48088775,-5.38902519,-3.70619994,-5.27248593,-3.59183072,-6.39037086,-4.72188460
0.78906250,-5.42765451,-3.49444234,-5.50151910,-3.75715844,-5.38720317,-3.63110005,-6.48618055,-4.74446972
0.79687500,-5.52847508,-3.47231063,-5.62480688,-3.77959572,-5.51049095,-3.66527979,-6.58703105,-4.75621218
0.80468750,-5.59187593,-3.43599989,-5.70821521,-3.78132604,-5.60626822,-3.66701011,-6.65073746,-4.75227787
0.81250000,-5.64184800,-3.38523275,-5.77730680,-3.76237507,-5.66276612,-3.64805914,-6.69418371,-4.70803655
0.82031250,-5.67953881,-3.31038957,-5.82263932,-3.72188546,-5.71898865,-3.60756954,-6.71302911,-4.65203878
0.82812500,-5.68636551,-3.19595529,-5.84934644,-3.65127925,-5.74942281,-3.54521362,-6.72493541,-4.54101786
0.83593750,-5.67598915,-3.09177153,-5.84746304,-3.57421509,-5.74753941,-3.45989916,-6.69568975,-4.42645774
0.84375000,-5.64159128,-2.96411939,-5.82839088,-3.47950519,-5.72805604,-3.36517390,-6.65713422,-4.29425209
0.85156250,-5.57798145,-2.80811559,-5.77845365,-3.34501874,-5.67811881,-3.23798583,-6.57200704,-4.12439356
0.85937500,-5.48651035,-2.64020168,-5.68718003,-3.19804759,-5.61530209,-3.09771743,-6.45959318,-3.92802275
0.86718750,-5.38422117,-2.46651535,-5.58883106,-3.04326882,-5.51728081,-2.94757228,-6.32835558,-3.73567624
0.87500000,-5.24421718,-2.28786206,-5.46742968,-2.87465640,-5.39587942,-2.78871386,-6.17953803,-3.52960680
0.88281250,-5.03324041,-2.05721727,-5.29474693,-2.65840390,-5.22319668,-2.57246135,-5.94889324,-3.24792629
0.89062500,-4.85413878,-1.87003993,-5.11793927,-2.47099102,-5.05463279,-2.39329225,-5.74522833,-3.01251321
0.89843750,-4.66057892,-1.68300113,-4.93072480,-2.28377655,-4.86088630,-2.21222630,-5.52053145,-2.77532243
0.90625000,-4.44436785,-1.48106865,-4.70598954,-2.07763883,-4.63864452,-2.01029382,-5.24131665,-2.51292216
0.91406250,-4.16842337,-1.25952836,-4.42813780,-1.84591150,-4.37097984,-1.78875354,-4.91919328,-2.22488338
0.92187500,-3.91180491,-1.08794711,-4.18143846,-1.65769879,-4.12645568,-1.60054082,-4.63245988,-1.98035922
0.92968750,-3.66822856,-0.91932544,-3.91937522,-1.47062477,-3.87619835,-1.41995690,-4.31424153,-1.74346384
0.93750000,-3.34678156,-0.72349645,-3.57427209,-1.25116908,-3.54548750,-1.20840341,-3.91301783,-1.46275914
0.94531250,-3.07698114,-0.57279700,-3.29163192,-1.08169327,-3.26284733,-1.04503881,-3.58000280,-1.25574823
0.95312500,-2.79585654,-0.44397923,-3.01050731,-0.92369448,-2.98172272,-0.89501915,-3.24034491,-1.06005075
0.96093750,-2.53853066,-0.32911954,-2.72232313,-0.78578722,-2.69498661,-0.75738422,-2.89213452,-0.86965606
0.96875000,-2.22376602,-0.19984446,-2.36149339,-0.63357656,-2.34722768,-0.60479197,-2.46474697,-0.67081106
0.97656250,-1.98068712,-0.12070069,-2.08104230,-0.52123799,-2.06665001,-0.50683552,-2.12383820,-0.53564016
0.98437500,-1.72155784,-0.04985711,-1.80295199,-0.43156331,-1.78855969,-0.41717101,-1.78475837,-0.41262261
0.99218750,-1.43283800,0.00634901,-1.47732721,-0.33873352,-1.46332151,-0.32434123,-1.37993965,-0.29641842
