t_star,experiment_CL_fast_pitch,experiment_CL_slow_pitch,source_figure,data_role
0.00000000,0.343908483,0.155025357,4.13b,digitized_experimental_curve
0.01000000,0.437580682,0.172150184,4.13b,digitized_experimental_curve
0.02000000,0.550046104,0.189275012,4.13b,digitized_experimental_curve
0.03000000,0.687044721,0.206399839,4.13b,digitized_experimental_curve
0.04000000,0.842672314,0.216073075,4.13b,digitized_experimental_curve
0.05000000,0.991297833,0.224635489,4.13b,digitized_experimental_curve
0.06000000,1.132013601,0.233383760,4.13b,digitized_experimental_curve
0.07000000,1.354636353,0.246227380,4.13b,digitized_experimental_curve
0.08000000,1.590744583,0.259071000,4.13b,digitized_experimental_curve
0.09000000,1.834773369,0.270987494,4.13b,digitized_experimental_curve
0.10000000,2.078802155,0.279549908,4.13b,digitized_experimental_curve
0.11000000,2.309077484,0.288112321,4.13b,digitized_experimental_curve
0.12000000,2.530976256,0.298343130,4.13b,digitized_experimental_curve
0.13000000,2.745036595,0.311186751,4.13b,digitized_experimental_curve
0.14000000,2.950737667,0.315671104,4.13b,digitized_experimental_curve
0.15000000,3.144187269,0.324771640,4.13b,digitized_experimental_curve
0.16000000,3.325080682,0.337615260,4.13b,digitized_experimental_curve
0.17000000,3.487766540,0.350458881,4.13b,digitized_experimental_curve
0.18000000,3.628395862,0.357000634,4.13b,digitized_experimental_curve
0.19000000,3.754208449,0.362662805,4.13b,digitized_experimental_curve
0.20000000,3.865519825,0.371225219,4.13b,digitized_experimental_curve
0.21000000,3.949585783,0.375895430,4.13b,digitized_experimental_curve
0.22000000,4.022439776,0.382298870,4.13b,digitized_experimental_curve
0.23000000,4.083839759,0.390861284,4.13b,digitized_experimental_curve
0.24000000,4.113808207,0.399423698,4.13b,digitized_experimental_curve
0.25000000,4.106551118,0.405122608,4.13b,digitized_experimental_curve
0.26000000,4.076489742,0.410497349,4.13b,digitized_experimental_curve
0.27000000,4.033677674,0.419059763,4.13b,digitized_experimental_curve
0.28000000,3.980051291,0.424017404,4.13b,digitized_experimental_curve
0.29000000,3.922560800,0.428298611,4.13b,digitized_experimental_curve
0.30000000,3.862429403,0.432514984,4.13b,digitized_experimental_curve
0.31000000,3.789648888,0.432514984,4.13b,digitized_experimental_curve
0.32000000,3.711716229,0.435091056,4.13b,digitized_experimental_curve
0.33000000,3.631179403,0.440178366,4.13b,digitized_experimental_curve
0.34000000,3.554117681,0.448740779,4.13b,digitized_experimental_curve
0.35000000,3.470421277,0.450668511,4.13b,digitized_experimental_curve
0.36000000,3.390986630,0.452215883,4.13b,digitized_experimental_curve
0.37000000,3.322487321,0.456497090,4.13b,digitized_experimental_curve
0.38000000,3.266163843,0.456719686,4.13b,digitized_experimental_curve
0.39000000,3.212796796,0.456719686,4.13b,digitized_experimental_curve
0.40000000,3.162978331,0.457757031,4.13b,digitized_experimental_curve
0.41000000,3.124447470,0.466319444,4.13b,digitized_experimental_curve
0.42000000,3.091976429,0.468822038,4.13b,digitized_experimental_curve
0.43000000,3.073347453,0.470081979,4.13b,digitized_experimental_curve
0.44000000,3.081909866,0.474363186,4.13b,digitized_experimental_curve
0.45000000,3.116870534,0.474873213,4.13b,digitized_experimental_curve
0.46000000,3.153400184,0.480876844,4.13b,digitized_experimental_curve
0.47000000,3.188806045,0.492795499,4.13b,digitized_experimental_curve
0.48000000,3.244461734,0.488514292,4.13b,digitized_experimental_curve
0.49000000,3.302859901,0.489718044,4.13b,digitized_experimental_curve
0.50000000,3.364741817,0.493999251,4.13b,digitized_experimental_curve
0.51000000,3.433241125,0.498280458,4.13b,digitized_experimental_curve
0.52000000,3.505224182,0.502561664,4.13b,digitized_experimental_curve
0.53000000,3.583146035,0.505129092,4.13b,digitized_experimental_curve
0.54000000,3.668770171,0.505129092,4.13b,digitized_experimental_curve
0.55000000,3.741719254,0.505129092,4.13b,digitized_experimental_curve
0.56000000,3.812044721,0.510039189,4.13b,digitized_experimental_curve
0.57000000,3.879858950,0.517916523,4.13b,digitized_experimental_curve
0.58000000,3.944077052,0.522197729,4.13b,digitized_experimental_curve
0.59000000,3.998706201,0.523282619,4.13b,digitized_experimental_curve
0.60000000,4.047227985,0.524708967,4.13b,digitized_experimental_curve
0.61000000,4.090040053,0.528990174,4.13b,digitized_experimental_curve
0.62000000,4.124976948,0.537208967,4.13b,digitized_experimental_curve
0.63000000,4.157058985,0.543603763,4.13b,digitized_experimental_curve
0.64000000,4.185436837,0.547884970,4.13b,digitized_experimental_curve
0.65000000,4.198280458,0.552166177,4.13b,digitized_experimental_curve
0.66000000,4.205306305,0.556447384,4.13b,digitized_experimental_curve
0.67000000,4.206170758,0.558450755,4.13b,digitized_experimental_curve
0.68000000,4.197608345,0.554169548,4.13b,digitized_experimental_curve
0.69000000,4.185395776,0.564488964,4.13b,digitized_experimental_curve
0.70000000,4.170671969,0.571692024,4.13b,digitized_experimental_curve
0.71000000,4.153657359,0.571912460,4.13b,digitized_experimental_curve
0.72000000,4.140813739,0.580474873,4.13b,digitized_experimental_curve
0.73000000,4.127970119,0.583794375,4.13b,digitized_experimental_curve
0.74000000,4.115126498,0.585497349,4.13b,digitized_experimental_curve
0.75000000,4.102282878,0.594059763,4.13b,digitized_experimental_curve
0.76000000,4.096164707,0.599259451,4.13b,digitized_experimental_curve
0.77000000,4.096661768,0.601947902,4.13b,digitized_experimental_curve
0.78000000,4.105224182,0.601947902,4.13b,digitized_experimental_curve
0.79000000,4.121994583,0.610155890,4.13b,digitized_experimental_curve
0.80000000,4.146121485,0.614050254,4.13b,digitized_experimental_curve
0.81000000,4.176089932,0.615178366,4.13b,digitized_experimental_curve
0.82000000,4.206058379,0.623740779,4.13b,digitized_experimental_curve
0.83000000,4.245252709,0.629227899,4.13b,digitized_experimental_curve
0.84000000,4.291980751,0.633509106,4.13b,digitized_experimental_curve
0.85000000,4.347636440,0.637790312,4.13b,digitized_experimental_curve
0.86000000,4.399475565,0.642071519,4.13b,digitized_experimental_curve
0.87000000,4.454943234,0.646352726,4.13b,digitized_experimental_curve
0.88000000,4.514603504,0.650633933,4.13b,digitized_experimental_curve
0.89000000,4.570259192,0.654915139,4.13b,digitized_experimental_curve
0.90000000,4.613090710,0.659196346,4.13b,digitized_experimental_curve
0.91000000,4.649052847,0.663477553,4.13b,digitized_experimental_curve
0.92000000,4.685014984,0.667758760,4.13b,digitized_experimental_curve
0.93000000,4.720977121,0.672039967,4.13b,digitized_experimental_curve
0.94000000,4.756939258,0.676321173,4.13b,digitized_experimental_curve
0.95000000,4.792901395,0.680602380,4.13b,digitized_experimental_curve
0.96000000,4.828863532,0.684883587,4.13b,digitized_experimental_curve
0.97000000,4.823818580,0.686664361,4.13b,digitized_experimental_curve
0.98000000,4.785186146,0.688125288,4.13b,digitized_experimental_curve
0.99000000,4.725249251,0.696687702,4.13b,digitized_experimental_curve
1.00000000,4.642620447,0.705250115,4.13b,digitized_experimental_curve
1.01000000,4.546828175,0.710869064,4.13b,digitized_experimental_curve
1.02000000,4.439798006,0.710869064,4.13b,digitized_experimental_curve
1.03000000,4.312852985,0.714852034,4.13b,digitized_experimental_curve
1.04000000,4.171138774,0.719133241,4.13b,digitized_experimental_curve
1.05000000,4.015243200,0.723414448,4.13b,digitized_experimental_curve
1.06000000,3.843994929,0.727695655,4.13b,digitized_experimental_curve
1.07000000,3.663883846,0.731976861,4.13b,digitized_experimental_curve
1.08000000,3.476239050,0.736258068,4.13b,digitized_experimental_curve
1.09000000,3.279303538,0.740539275,4.13b,digitized_experimental_curve
1.10000000,3.074976948,0.744820482,4.13b,digitized_experimental_curve
1.11000000,2.871404593,0.749101689,4.13b,digitized_experimental_curve
1.12000000,2.670343476,0.753382895,4.13b,digitized_experimental_curve
1.13000000,2.473407964,0.757664102,4.13b,digitized_experimental_curve
1.14000000,2.287139811,0.761945309,4.13b,digitized_experimental_curve
1.15000000,2.106432256,0.767123386,4.13b,digitized_experimental_curve
1.16000000,1.922340364,0.775685800,4.13b,digitized_experimental_curve
1.17000000,1.765513341,0.780840105,4.13b,digitized_experimental_curve
1.18000000,1.620585523,0.783483172,4.13b,digitized_experimental_curve
1.19000000,1.483586906,0.783483172,4.13b,digitized_experimental_curve
1.20000000,1.388082065,0.787632550,4.13b,digitized_experimental_curve
1.21000000,1.305792560,0.794293165,4.13b,digitized_experimental_curve
1.22000000,1.233621485,0.801636699,4.13b,digitized_experimental_curve
1.23000000,1.165122176,0.801636699,4.13b,digitized_experimental_curve
1.24000000,1.127829645,0.804757377,4.13b,digitized_experimental_curve
1.25000000,1.115649493,0.809038583,4.13b,digitized_experimental_curve
1.26000000,1.132774320,0.813319790,4.13b,digitized_experimental_curve
1.27000000,1.180794721,0.821462944,4.13b,digitized_experimental_curve
1.28000000,1.236353158,0.827933379,4.13b,digitized_experimental_curve
1.29000000,1.296934071,0.832214586,4.13b,digitized_experimental_curve
1.30000000,1.365433379,0.836495793,4.13b,digitized_experimental_curve
1.31000000,1.445265675,0.840777000,4.13b,digitized_experimental_curve
1.32000000,1.534079645,0.845058207,4.13b,digitized_experimental_curve
1.33000000,1.632547401,0.849339413,4.13b,digitized_experimental_curve
1.34000000,1.741738704,0.853620620,4.13b,digitized_experimental_curve
1.35000000,1.851245534,0.856097280,4.13b,digitized_experimental_curve
1.36000000,1.958206547,0.856166436,4.13b,digitized_experimental_curve
1.37000000,2.056674303,0.864728850,4.13b,digitized_experimental_curve
1.38000000,2.144958794,0.870745447,4.13b,digitized_experimental_curve
1.39000000,2.225525876,0.875026654,4.13b,digitized_experimental_curve
1.40000000,2.302587598,0.879307861,4.13b,digitized_experimental_curve
1.41000000,2.373075150,0.883589068,4.13b,digitized_experimental_curve
1.42000000,2.435505994,0.889387391,4.13b,digitized_experimental_curve
1.43000000,2.486880475,0.897949804,4.13b,digitized_experimental_curve
1.44000000,2.530198248,0.894427155,4.13b,digitized_experimental_curve
1.45000000,2.557201619,0.896921104,4.13b,digitized_experimental_curve
1.46000000,2.565649493,0.905483518,4.13b,digitized_experimental_curve
1.47000000,2.539962252,0.914045931,4.13b,digitized_experimental_curve
1.48000000,2.511275357,0.919608691,4.13b,digitized_experimental_curve
1.49000000,2.478847539,0.923889897,4.13b,digitized_experimental_curve
1.50000000,2.440316678,0.928171104,4.13b,digitized_experimental_curve
1.51000000,2.394303971,0.936193234,4.13b,digitized_experimental_curve
1.52000000,2.349181651,0.942784693,4.13b,digitized_experimental_curve
1.53000000,2.305565641,0.947065900,4.13b,digitized_experimental_curve
1.54000000,2.245628746,0.951347107,4.13b,digitized_experimental_curve
1.55000000,2.191116298,0.955628314,4.13b,digitized_experimental_curve
1.56000000,2.138799562,0.959909521,4.13b,digitized_experimental_curve
1.57000000,2.083143874,0.964190727,4.13b,digitized_experimental_curve
1.58000000,2.055116125,0.968471934,4.13b,digitized_experimental_curve
1.59000000,2.030343044,0.974436664,4.13b,digitized_experimental_curve
1.60000000,2.000374597,0.982999078,4.13b,digitized_experimental_curve
1.61000000,1.970406149,0.987366730,4.13b,digitized_experimental_curve
1.62000000,1.945287287,0.989223144,4.13b,digitized_experimental_curve
1.63000000,1.924536077,0.989877968,4.13b,digitized_experimental_curve
1.64000000,1.907411249,0.994159175,4.13b,digitized_experimental_curve
1.65000000,1.902950669,0.998440382,4.13b,digitized_experimental_curve
1.66000000,1.907138947,1.002721588,4.13b,digitized_experimental_curve
1.67000000,1.919982567,1.007002795,4.13b,digitized_experimental_curve
1.68000000,1.940640848,1.011284002,4.13b,digitized_experimental_curve
1.69000000,1.959909521,1.017702570,4.13b,digitized_experimental_curve
1.70000000,1.977034348,1.026264984,4.13b,digitized_experimental_curve
1.71000000,1.994159175,1.034827397,4.13b,digitized_experimental_curve
1.72000000,2.017041263,1.037632550,4.13b,digitized_experimental_curve
1.73000000,2.041619842,1.037632550,4.13b,digitized_experimental_curve
1.74000000,2.063025876,1.037632550,4.13b,digitized_experimental_curve
1.75000000,2.080812010,1.044872349,4.13b,digitized_experimental_curve
1.76000000,2.099786768,1.049734901,4.13b,digitized_experimental_curve
1.77000000,2.121032878,1.049814863,4.13b,digitized_experimental_curve
1.78000000,2.133876498,1.054096070,4.13b,digitized_experimental_curve
1.79000000,2.146720119,1.058377276,4.13b,digitized_experimental_curve
1.80000000,2.157921277,1.063479714,4.13b,digitized_experimental_curve
1.81000000,2.162202484,1.072042128,4.13b,digitized_experimental_curve
1.82000000,2.163151222,1.077272072,4.13b,digitized_experimental_curve
1.83000000,2.155338722,1.079990779,4.13b,digitized_experimental_curve
1.84000000,2.133932688,1.079990779,4.13b,digitized_experimental_curve
1.85000000,2.124747868,1.088138255,4.13b,digitized_experimental_curve
1.86000000,2.111577916,1.094396899,4.13b,digitized_experimental_curve
1.87000000,2.094453089,1.098678106,4.13b,digitized_experimental_curve
1.88000000,2.077328262,1.102959313,4.13b,digitized_experimental_curve
1.89000000,2.060203435,1.104195482,4.13b,digitized_experimental_curve
1.90000000,2.041803538,1.108020689,4.13b,digitized_experimental_curve
1.91000000,2.020397505,1.120864310,4.13b,digitized_experimental_curve
1.92000000,2.006564085,1.122349009,4.13b,digitized_experimental_curve
1.93000000,1.991704126,1.122349009,4.13b,digitized_experimental_curve
1.94000000,1.974825669,1.122841747,4.13b,digitized_experimental_curve
1.95000000,1.961982048,1.131404161,4.13b,digitized_experimental_curve
1.96000000,1.954653642,1.139966574,4.13b,digitized_experimental_curve
1.97000000,1.950372435,1.146553711,4.13b,digitized_experimental_curve
1.98000000,1.946091229,1.146553711,4.13b,digitized_experimental_curve
1.99000000,1.945308898,1.150052588,4.13b,digitized_experimental_curve
2.00000000,1.945308898,1.156062702,4.13b,digitized_experimental_curve
2.01000000,1.945308898,1.164625115,4.13b,digitized_experimental_curve
2.02000000,1.953789189,1.164707238,4.13b,digitized_experimental_curve
2.03000000,1.962351602,1.169647591,4.13b,digitized_experimental_curve
2.04000000,1.970914016,1.178210005,4.13b,digitized_experimental_curve
2.05000000,1.979476429,1.186772418,4.13b,digitized_experimental_curve
2.06000000,1.988038843,1.192123386,4.13b,digitized_experimental_curve
2.07000000,1.999484209,1.194963117,4.13b,digitized_experimental_curve
2.08000000,2.016609036,1.194963117,4.13b,digitized_experimental_curve
2.09000000,2.021875720,1.202868545,4.13b,digitized_experimental_curve
2.10000000,2.030522418,1.209248213,4.13b,digitized_experimental_curve
2.11000000,2.042540485,1.213116644,4.13b,digitized_experimental_curve
2.12000000,2.046821692,1.213116644,4.13b,digitized_experimental_curve
2.13000000,2.051102899,1.221888687,4.13b,digitized_experimental_curve
2.14000000,2.054230060,1.228962079,4.13b,digitized_experimental_curve
2.15000000,2.054230060,1.220399666,4.13b,digitized_experimental_curve
2.16000000,2.054230060,1.230163670,4.13b,digitized_experimental_curve
2.17000000,2.052334745,1.239216661,4.13b,digitized_experimental_curve
2.18000000,2.048053538,1.243497868,4.13b,digitized_experimental_curve
2.19000000,2.043772332,1.247779074,4.13b,digitized_experimental_curve
2.20000000,2.034217958,1.249423698,4.13b,digitized_experimental_curve
2.21000000,2.021374337,1.250290312,4.13b,digitized_experimental_curve
2.22000000,2.008530717,1.254571519,4.13b,digitized_experimental_curve
2.23000000,1.999064949,1.262230579,4.13b,digitized_experimental_curve
2.24000000,1.987286768,1.269185108,4.13b,digitized_experimental_curve
2.25000000,1.970161941,1.273466315,4.13b,digitized_experimental_curve
2.26000000,1.961275357,1.277747522,4.13b,digitized_experimental_curve
2.27000000,1.952712944,1.282028729,4.13b,digitized_experimental_curve
2.28000000,1.942992162,1.286309935,4.13b,digitized_experimental_curve
2.29000000,1.925867335,1.290591142,4.13b,digitized_experimental_curve
2.30000000,1.914923352,1.297962771,4.13b,digitized_experimental_curve
2.31000000,1.905040485,1.305204731,4.13b,digitized_experimental_curve
2.32000000,1.892196865,1.309485938,4.13b,digitized_experimental_curve
2.33000000,1.887016626,1.317598836,4.13b,digitized_experimental_curve
2.34000000,1.880673698,1.322037805,4.13b,digitized_experimental_curve
2.35000000,1.872986543,1.322621312,4.13b,digitized_experimental_curve
2.36000000,1.877267750,1.331183725,4.13b,digitized_experimental_curve
2.37000000,1.875942975,1.336943148,4.13b,digitized_experimental_curve
2.38000000,1.873727812,1.341224355,4.13b,digitized_experimental_curve
2.39000000,1.878009019,1.345505561,4.13b,digitized_experimental_curve
2.40000000,1.885834486,1.353331028,4.13b,digitized_experimental_curve
2.41000000,1.894396899,1.360119151,4.13b,digitized_experimental_curve
2.42000000,1.902959313,1.364400357,4.13b,digitized_experimental_curve
2.43000000,1.911521727,1.368681564,4.13b,digitized_experimental_curve
2.44000000,1.917568580,1.372962771,4.13b,digitized_experimental_curve
2.45000000,1.924832152,1.377989569,4.13b,digitized_experimental_curve
2.46000000,1.946238186,1.386551982,4.13b,digitized_experimental_curve
2.47000000,1.957873732,1.391857567,4.13b,digitized_experimental_curve
2.48000000,1.964949285,1.396138774,4.13b,digitized_experimental_curve
2.49000000,1.969230492,1.400419980,4.13b,digitized_experimental_curve
2.50000000,1.981507895,1.404701187,4.13b,digitized_experimental_curve
2.51000000,1.989895257,1.411210523,4.13b,digitized_experimental_curve
2.52000000,1.994634624,1.418856616,4.13b,digitized_experimental_curve
2.53000000,2.003197038,1.418856616,4.13b,digitized_experimental_curve
2.54000000,2.005820655,1.421826014,4.13b,digitized_experimental_curve
2.55000000,2.008219514,1.426107221,4.13b,digitized_experimental_curve
2.56000000,2.016781927,1.430388428,4.13b,digitized_experimental_curve
2.57000000,2.014212339,1.434669635,4.13b,digitized_experimental_curve
2.58000000,2.009931132,1.437010143,4.13b,digitized_experimental_curve
2.59000000,2.005649925,1.437180873,4.13b,digitized_experimental_curve
2.60000000,2.001368718,1.441462079,4.13b,digitized_experimental_curve
2.61000000,1.997087512,1.448425254,4.13b,digitized_experimental_curve
2.62000000,1.990982308,1.456075669,4.13b,digitized_experimental_curve
2.63000000,1.978138687,1.460356875,4.13b,digitized_experimental_curve
2.64000000,1.968718303,1.464638082,4.13b,digitized_experimental_curve
2.65000000,1.958502622,1.468919289,4.13b,digitized_experimental_curve
2.66000000,1.945659002,1.473200496,4.13b,digitized_experimental_curve
2.67000000,1.932815382,1.477481702,4.13b,digitized_experimental_curve
2.68000000,1.924760834,1.484157446,4.13b,digitized_experimental_curve
2.69000000,1.918605924,1.491470724,4.13b,digitized_experimental_curve
2.70000000,1.901481097,1.491470724,4.13b,digitized_experimental_curve
2.71000000,1.893763687,1.500878141,4.13b,digitized_experimental_curve
2.72000000,1.888116644,1.510990088,4.13b,digitized_experimental_curve
2.73000000,1.879554230,1.515271294,4.13b,digitized_experimental_curve
2.74000000,1.878745966,1.523429576,4.13b,digitized_experimental_curve
2.75000000,1.876638860,1.527777778,4.13b,digitized_experimental_curve
2.76000000,1.872694790,1.528114915,4.13b,digitized_experimental_curve
2.77000000,1.872694790,1.532396121,4.13b,digitized_experimental_curve
2.78000000,1.872694790,1.539525703,4.13b,digitized_experimental_curve
2.79000000,1.871616384,1.548088117,4.13b,digitized_experimental_curve
2.80000000,1.867335178,1.556650530,4.13b,digitized_experimental_curve
2.81000000,1.870233258,1.558033656,4.13b,digitized_experimental_curve
2.82000000,1.878153815,1.561673006,4.13b,digitized_experimental_curve
2.83000000,1.890898023,1.570185713,4.13b,digitized_experimental_curve
2.84000000,1.895179230,1.574466920,4.13b,digitized_experimental_curve
2.85000000,1.904582325,1.576187183,4.13b,digitized_experimental_curve
2.86000000,1.915843995,1.577769133,4.13b,digitized_experimental_curve
2.87000000,1.920125202,1.586331547,4.13b,digitized_experimental_curve
2.88000000,1.924406408,1.588289534,4.13b,digitized_experimental_curve
2.89000000,1.928687615,1.589821778,4.13b,digitized_experimental_curve
2.90000000,1.932968822,1.594102985,4.13b,digitized_experimental_curve
2.91000000,1.937250029,1.598384192,4.13b,digitized_experimental_curve
2.92000000,1.941531236,1.604938912,4.13b,digitized_experimental_curve
2.93000000,1.945308898,1.612997781,4.13b,digitized_experimental_curve
2.94000000,1.945308898,1.617278988,4.13b,digitized_experimental_curve
2.95000000,1.945308898,1.621560195,4.13b,digitized_experimental_curve
2.96000000,1.947798525,1.625841402,4.13b,digitized_experimental_curve
2.97000000,1.956360938,1.630122608,4.13b,digitized_experimental_curve
2.98000000,1.949899147,1.630647764,4.13b,digitized_experimental_curve
2.99000000,1.943322816,1.632633846,4.13b,digitized_experimental_curve
3.00000000,1.939041609,1.636698940,4.13b,digitized_experimental_curve
3.01000000,1.934760402,1.636698940,4.13b,digitized_experimental_curve
3.02000000,1.930479195,1.633971588,4.13b,digitized_experimental_curve
3.03000000,1.926197989,1.632881656,4.13b,digitized_experimental_curve
3.04000000,1.921916782,1.642871139,4.13b,digitized_experimental_curve
3.05000000,1.917635575,1.652860621,4.13b,digitized_experimental_curve
3.06000000,1.913354368,1.662850104,4.13b,digitized_experimental_curve
3.07000000,1.909073162,1.672839586,4.13b,digitized_experimental_curve
3.08000000,1.900582065,1.673005994,4.13b,digitized_experimental_curve
3.09000000,1.899339413,1.680325755,4.13b,digitized_experimental_curve
3.10000000,1.900940814,1.691159521,4.13b,digitized_experimental_curve
3.11000000,1.888097193,1.691159521,4.13b,digitized_experimental_curve
3.12000000,1.887978331,1.697521899,4.13b,digitized_experimental_curve
3.13000000,1.889437097,1.701850651,4.13b,digitized_experimental_curve
3.14000000,1.885155890,1.697569444,4.13b,digitized_experimental_curve
3.15000000,1.880874683,1.705055613,4.13b,digitized_experimental_curve
3.16000000,1.878745966,1.713618027,4.13b,digitized_experimental_curve
3.17000000,1.878363445,1.721797920,4.13b,digitized_experimental_curve
3.18000000,1.874082238,1.726079126,4.13b,digitized_experimental_curve
3.19000000,1.875588549,1.733254092,4.13b,digitized_experimental_curve
3.20000000,1.877622176,1.739568926,4.13b,digitized_experimental_curve
3.21000000,1.873340969,1.739568926,4.13b,digitized_experimental_curve
3.22000000,1.872694790,1.746838981,4.13b,digitized_experimental_curve
3.23000000,1.872694790,1.753536336,4.13b,digitized_experimental_curve
3.24000000,1.872599700,1.757817543,4.13b,digitized_experimental_curve
3.25000000,1.868318494,1.762098749,4.13b,digitized_experimental_curve
3.26000000,1.869249942,1.766379956,4.13b,digitized_experimental_curve
3.27000000,1.872694790,1.770661163,4.13b,digitized_experimental_curve
3.28000000,1.872694790,1.774942370,4.13b,digitized_experimental_curve
3.29000000,1.865999597,1.785918770,4.13b,digitized_experimental_curve
3.30000000,1.860592439,1.792451879,4.13b,digitized_experimental_curve
3.31000000,1.860592439,1.788170672,4.13b,digitized_experimental_curve
3.32000000,1.860592439,1.796156063,4.13b,digitized_experimental_curve
3.33000000,1.862911336,1.804718476,4.13b,digitized_experimental_curve
3.34000000,1.866643615,1.812731962,4.13b,digitized_experimental_curve
3.35000000,1.866643615,1.817013169,4.13b,digitized_experimental_curve
3.36000000,1.869703781,1.824354541,4.13b,digitized_experimental_curve
3.37000000,1.871404593,1.830336561,4.13b,digitized_experimental_curve
3.38000000,1.867123386,1.830336561,4.13b,digitized_experimental_curve
3.39000000,1.859040745,1.837939431,4.13b,digitized_experimental_curve
3.40000000,1.850478331,1.842438912,4.13b,digitized_experimental_curve
3.41000000,1.841915917,1.842438912,4.13b,digitized_experimental_curve
3.42000000,1.833353504,1.842438912,4.13b,digitized_experimental_curve
3.43000000,1.824791090,1.845211647,4.13b,digitized_experimental_curve
3.44000000,1.817231443,1.849492854,4.13b,digitized_experimental_curve
3.45000000,1.812950236,1.853774061,4.13b,digitized_experimental_curve
3.46000000,1.812183034,1.854541263,4.13b,digitized_experimental_curve
3.47000000,1.813927069,1.856285299,4.13b,digitized_experimental_curve
3.48000000,1.818208276,1.860566505,4.13b,digitized_experimental_curve
3.49000000,1.813978936,1.864847712,4.13b,digitized_experimental_curve
3.50000000,1.812183034,1.869128919,4.13b,digitized_experimental_curve
3.51000000,1.813613704,1.872694790,4.13b,digitized_experimental_curve
3.52000000,1.822176118,1.872694790,4.13b,digitized_experimental_curve
3.53000000,1.824285385,1.875921364,4.13b,digitized_experimental_curve
3.54000000,1.821372176,1.880202570,4.13b,digitized_experimental_curve
3.55000000,1.812809763,1.884483777,4.13b,digitized_experimental_curve
3.56000000,1.812183034,1.884797142,4.13b,digitized_experimental_curve
3.57000000,1.812183034,1.884797142,4.13b,digitized_experimental_curve
3.58000000,1.811755129,1.885225046,4.13b,digitized_experimental_curve
3.59000000,1.807473922,1.889506253,4.13b,digitized_experimental_curve
3.60000000,1.803192716,1.893787460,4.13b,digitized_experimental_curve
3.61000000,1.798911509,1.898068666,4.13b,digitized_experimental_curve
3.62000000,1.794630302,1.902349873,4.13b,digitized_experimental_curve
3.63000000,1.790349095,1.899270257,4.13b,digitized_experimental_curve
3.64000000,1.784157446,1.900720378,4.13b,digitized_experimental_curve
3.65000000,1.775735506,1.909001844,4.13b,digitized_experimental_curve
3.66000000,1.771454299,1.909001844,4.13b,digitized_experimental_curve
3.67000000,1.764521381,1.914305267,4.13b,digitized_experimental_curve
3.68000000,1.756840710,1.921104195,4.13b,digitized_experimental_curve
3.69000000,1.752559503,1.921104195,4.13b,digitized_experimental_curve
3.70000000,1.741492335,1.921104195,4.13b,digitized_experimental_curve
3.71000000,1.730271727,1.924350219,4.13b,digitized_experimental_curve
3.72000000,1.721709313,1.932912633,4.13b,digitized_experimental_curve
3.73000000,1.717281149,1.933206547,4.13b,digitized_experimental_curve
3.74000000,1.712999942,1.935570828,4.13b,digitized_experimental_curve
3.75000000,1.708718736,1.939257722,4.13b,digitized_experimental_curve
3.76000000,1.704437529,1.939257722,4.13b,digitized_experimental_curve
3.77000000,1.697050772,1.942363272,4.13b,digitized_experimental_curve
3.78000000,1.689823940,1.945308898,4.13b,digitized_experimental_curve
3.79000000,1.685542733,1.945308898,4.13b,digitized_experimental_curve
3.80000000,1.685108345,1.949155717,4.13b,digitized_experimental_curve
3.81000000,1.683031495,1.953436924,4.13b,digitized_experimental_curve
3.82000000,1.678750288,1.957718130,4.13b,digitized_experimental_curve
3.83000000,1.674469081,1.961999337,4.13b,digitized_experimental_curve
3.84000000,1.673005994,1.963462425,4.13b,digitized_experimental_curve
3.85000000,1.671957843,1.964510575,4.13b,digitized_experimental_curve
3.86000000,1.667676637,1.968791782,4.13b,digitized_experimental_curve
3.87000000,1.670514206,1.965954213,4.13b,digitized_experimental_curve
3.88000000,1.673005994,1.965251844,4.13b,digitized_experimental_curve
3.89000000,1.673025444,1.969513601,4.13b,digitized_experimental_curve
3.90000000,1.677306651,1.969513601,4.13b,digitized_experimental_curve
3.91000000,1.679057169,1.974574977,4.13b,digitized_experimental_curve
3.92000000,1.679057169,1.981615952,4.13b,digitized_experimental_curve
3.93000000,1.679057169,1.981615952,4.13b,digitized_experimental_curve
3.94000000,1.679057169,1.981615952,4.13b,digitized_experimental_curve
3.95000000,1.679057169,1.984619929,4.13b,digitized_experimental_curve
3.96000000,1.679057169,1.993182342,4.13b,digitized_experimental_curve
3.97000000,1.679057169,1.985691851,4.13b,digitized_experimental_curve
3.98000000,1.679057169,1.986102467,4.13b,digitized_experimental_curve
3.99000000,1.679057169,1.994191592,4.13b,digitized_experimental_curve
4.00000000,1.679057169,1.998472799,4.13b,digitized_experimental_curve
4.01000000,1.673088117,1.996784953,4.13b,digitized_experimental_curve
4.02000000,1.665740260,1.994932861,4.13b,digitized_experimental_curve
4.03000000,1.661459054,1.999214068,4.13b,digitized_experimental_curve
4.04000000,1.653452052,2.003495274,4.13b,digitized_experimental_curve
4.05000000,1.644889638,2.005820655,4.13b,digitized_experimental_curve
4.06000000,1.636513082,2.005820655,4.13b,digitized_experimental_curve
4.07000000,1.632231875,2.005820655,4.13b,digitized_experimental_curve
4.08000000,1.630647764,2.008517750,4.13b,digitized_experimental_curve
4.09000000,1.628793511,2.010944704,4.13b,digitized_experimental_curve
4.10000000,1.620231097,2.006663497,4.13b,digitized_experimental_curve
4.11000000,1.608230319,2.005820655,4.13b,digitized_experimental_curve
4.12000000,1.597055095,2.007489050,4.13b,digitized_experimental_curve
4.13000000,1.588492681,2.011770257,4.13b,digitized_experimental_curve
4.14000000,1.588289534,2.011871830,4.13b,digitized_experimental_curve
4.15000000,1.581060541,2.009462166,4.13b,digitized_experimental_curve
4.16000000,1.569496312,2.007100046,4.13b,digitized_experimental_curve
4.17000000,1.565215105,2.015662460,4.13b,digitized_experimental_curve
4.18000000,1.557782964,2.017923006,4.13b,digitized_experimental_curve
4.19000000,1.551982480,2.017923006,4.13b,digitized_experimental_curve
4.20000000,1.551982480,2.017923006,4.13b,digitized_experimental_curve
4.21000000,1.551982480,2.014030803,4.13b,digitized_experimental_curve
4.22000000,1.547738013,2.013994064,4.13b,digitized_experimental_curve
4.23000000,1.540232394,2.017923006,4.13b,digitized_experimental_curve
4.24000000,1.544513601,2.017923006,4.13b,digitized_experimental_curve
4.25000000,1.543067802,2.017923006,4.13b,digitized_experimental_curve
4.26000000,1.540973663,2.017923006,4.13b,digitized_experimental_curve
4.27000000,1.545254870,2.017923006,4.13b,digitized_experimental_curve
4.28000000,1.545931305,2.017923006,4.13b,digitized_experimental_curve
4.29000000,1.545931305,2.017923006,4.13b,digitized_experimental_curve
4.30000000,1.545866471,2.017923006,4.13b,digitized_experimental_curve
4.31000000,1.541585264,2.017923006,4.13b,digitized_experimental_curve
4.32000000,1.542456201,2.020499078,4.13b,digitized_experimental_curve
4.33000000,1.545931305,2.023974182,4.13b,digitized_experimental_curve
4.34000000,1.545931305,2.023974182,4.13b,digitized_experimental_curve
4.35000000,1.545931305,2.023974182,4.13b,digitized_experimental_curve
4.36000000,1.547478677,2.023974182,4.13b,digitized_experimental_curve
4.37000000,1.551759884,2.023974182,4.13b,digitized_experimental_curve
4.38000000,1.547923870,2.028032792,4.13b,digitized_experimental_curve
4.39000000,1.545931305,2.030025357,4.13b,digitized_experimental_curve
4.40000000,1.545412633,2.030025357,4.13b,digitized_experimental_curve
4.41000000,1.541131426,2.030025357,4.13b,digitized_experimental_curve
4.42000000,1.536850219,2.030025357,4.13b,digitized_experimental_curve
4.43000000,1.532569012,2.030025357,4.13b,digitized_experimental_curve
4.44000000,1.528287805,2.030025357,4.13b,digitized_experimental_curve
4.45000000,1.501379524,2.037567716,4.13b,digitized_experimental_curve
4.46000000,1.489421969,2.038125288,4.13b,digitized_experimental_curve
4.47000000,1.497290658,2.030487840,4.13b,digitized_experimental_curve
4.48000000,1.493009451,2.039050254,4.13b,digitized_experimental_curve
4.49000000,1.485985765,2.036642750,4.13b,digitized_experimental_curve
4.50000000,1.478395862,2.030997868,4.13b,digitized_experimental_curve
4.51000000,1.474114655,2.035279074,4.13b,digitized_experimental_curve
4.52000000,1.469833449,2.036076533,4.13b,digitized_experimental_curve
4.53000000,1.467266021,2.036076533,4.13b,digitized_experimental_curve
4.54000000,1.467266021,2.036076533,4.13b,digitized_experimental_curve
4.55000000,1.463041004,2.036076533,4.13b,digitized_experimental_curve
4.56000000,1.461214846,2.036076533,4.13b,digitized_experimental_curve
4.57000000,1.460529766,2.036076533,4.13b,digitized_experimental_curve
4.58000000,1.456248559,2.036076533,4.13b,digitized_experimental_curve
4.59000000,1.451967352,2.032880216,4.13b,digitized_experimental_curve
4.60000000,1.447686146,2.028599009,4.13b,digitized_experimental_curve
4.61000000,1.443404939,2.024317802,4.13b,digitized_experimental_curve
4.62000000,1.443061319,2.027911768,4.13b,digitized_experimental_curve
4.63000000,1.438726083,2.030025357,4.13b,digitized_experimental_curve
4.64000000,1.430958967,2.029230060,4.13b,digitized_experimental_curve
4.65000000,1.430958967,2.020667646,4.13b,digitized_experimental_curve
4.66000000,1.430958967,2.023740779,4.13b,digitized_experimental_curve
4.67000000,1.432097885,2.028886440,4.13b,digitized_experimental_curve
4.68000000,1.436379092,2.024605233,4.13b,digitized_experimental_curve
4.69000000,1.429709832,2.027624337,4.13b,digitized_experimental_curve
4.70000000,1.424907792,2.028145171,4.13b,digitized_experimental_curve
4.71000000,1.424797574,2.023863964,4.13b,digitized_experimental_curve
4.72000000,1.420516367,2.019582757,4.13b,digitized_experimental_curve
4.73000000,1.418856616,2.023165917,4.13b,digitized_experimental_curve
4.74000000,1.418005129,2.028322384,4.13b,digitized_experimental_curve
4.75000000,1.413723922,2.019759970,4.13b,digitized_experimental_curve
4.76000000,1.412805440,2.021285731,4.13b,digitized_experimental_curve
4.77000000,1.411212684,2.025566938,4.13b,digitized_experimental_curve
4.78000000,1.406931478,2.029848144,4.13b,digitized_experimental_curve
4.79000000,1.410858258,2.025921364,4.13b,digitized_experimental_curve
4.80000000,1.410471415,2.026308207,4.13b,digitized_experimental_curve
4.81000000,1.406190209,2.030589413,4.13b,digitized_experimental_curve
4.82000000,1.401909002,2.034870620,4.13b,digitized_experimental_curve
4.83000000,1.403778383,2.039151827,4.13b,digitized_experimental_curve
4.84000000,1.406754265,2.040822384,4.13b,digitized_experimental_curve
4.85000000,1.406754265,2.036541177,4.13b,digitized_experimental_curve
4.86000000,1.402937702,2.032259970,4.13b,digitized_experimental_curve
4.87000000,1.400703089,2.034118545,4.13b,digitized_experimental_curve
4.88000000,1.400979714,2.042127709,4.13b,digitized_experimental_curve
4.89000000,1.405260921,2.042127709,4.13b,digitized_experimental_curve
4.90000000,1.403966402,2.042127709,4.13b,digitized_experimental_curve
4.91000000,1.400703089,2.042127709,4.13b,digitized_experimental_curve
4.92000000,1.400703089,2.042127709,4.13b,digitized_experimental_curve
4.93000000,1.404232221,2.042127709,4.13b,digitized_experimental_curve
4.94000000,1.406754265,2.042127709,4.13b,digitized_experimental_curve
4.95000000,1.406754265,2.042127709,4.13b,digitized_experimental_curve
4.96000000,1.406754265,2.046398110,4.13b,digitized_experimental_curve
4.97000000,1.406754265,2.048178884,4.13b,digitized_experimental_curve
4.98000000,1.406754265,2.047448421,4.13b,digitized_experimental_curve
4.99000000,1.406754265,2.043167214,4.13b,digitized_experimental_curve
5.00000000,1.403512563,2.038886007,4.13b,digitized_experimental_curve
5.01000000,1.399231357,2.036076533,4.13b,digitized_experimental_curve
5.02000000,1.394950150,2.036076533,4.13b,digitized_experimental_curve
5.03000000,1.394651913,2.040059503,4.13b,digitized_experimental_curve
5.04000000,1.394651913,2.039914707,4.13b,digitized_experimental_curve
5.05000000,1.394651913,2.036076533,4.13b,digitized_experimental_curve
5.06000000,1.394651913,2.036076533,4.13b,digitized_experimental_curve
5.07000000,1.388743373,2.033122263,4.13b,digitized_experimental_curve
5.08000000,1.383733864,2.030025357,4.13b,digitized_experimental_curve
5.09000000,1.388015070,2.030025357,4.13b,digitized_experimental_curve
5.10000000,1.373818580,2.030025357,4.13b,digitized_experimental_curve
5.11000000,1.360544894,2.028099787,4.13b,digitized_experimental_curve
5.12000000,1.352293684,2.023818580,4.13b,digitized_experimental_curve
5.13000000,1.352293684,2.019537373,4.13b,digitized_experimental_curve
5.14000000,1.352293684,2.023256685,4.13b,digitized_experimental_curve
5.15000000,1.353190554,2.029128487,4.13b,digitized_experimental_curve
5.16000000,1.357471761,2.024847280,4.13b,digitized_experimental_curve
5.17000000,1.361752968,2.023974182,4.13b,digitized_experimental_curve
5.18000000,1.361119756,2.022336042,4.13b,digitized_experimental_curve
5.19000000,1.352557342,2.018054835,4.13b,digitized_experimental_curve
5.20000000,1.352293684,2.017923006,4.13b,digitized_experimental_curve
5.21000000,1.352293684,2.020302415,4.13b,digitized_experimental_curve
5.22000000,1.352293684,2.023974182,4.13b,digitized_experimental_curve
5.23000000,1.352293684,2.023974182,4.13b,digitized_experimental_curve
5.24000000,1.352293684,2.023974182,4.13b,digitized_experimental_curve
5.25000000,1.350942975,2.023974182,4.13b,digitized_experimental_curve
5.26000000,1.346661768,2.023974182,4.13b,digitized_experimental_curve
5.27000000,1.342380561,2.023974182,4.13b,digitized_experimental_curve
5.28000000,1.336007377,2.026066160,4.13b,digitized_experimental_curve
5.29000000,1.328088981,2.029703348,4.13b,digitized_experimental_curve
5.30000000,1.328088981,2.025422142,4.13b,digitized_experimental_curve
5.31000000,1.330922228,2.023974182,4.13b,digitized_experimental_curve
5.32000000,1.337329991,2.023974182,4.13b,digitized_experimental_curve
5.33000000,1.350173611,2.023974182,4.13b,digitized_experimental_curve
5.34000000,1.355868200,2.020399666,4.13b,digitized_experimental_curve
5.35000000,1.356540312,2.019727553,4.13b,digitized_experimental_curve
5.36000000,1.352328262,2.023939604,4.13b,digitized_experimental_curve
5.37000000,1.356609469,2.019658397,4.13b,digitized_experimental_curve
5.38000000,1.358344859,2.017923006,4.13b,digitized_experimental_curve
5.39000000,1.358344859,2.016371312,4.13b,digitized_experimental_curve
5.40000000,1.358344859,2.007808898,4.13b,digitized_experimental_curve
5.41000000,1.364919030,2.005820655,4.13b,digitized_experimental_curve
5.42000000,1.364378746,2.002786422,4.13b,digitized_experimental_curve
5.43000000,1.347253919,1.994224009,4.13b,digitized_experimental_curve
5.44000000,1.354299216,1.993718303,4.13b,digitized_experimental_curve
5.45000000,1.349311319,1.993718303,4.13b,digitized_experimental_curve
5.46000000,1.334140157,1.993718303,4.13b,digitized_experimental_curve
5.47000000,1.334140157,1.993718303,4.13b,digitized_experimental_curve
5.48000000,1.343139119,1.990718649,4.13b,digitized_experimental_curve
5.49000000,1.348604628,1.986437442,4.13b,digitized_experimental_curve
5.50000000,1.335761007,1.982156236,4.13b,digitized_experimental_curve
5.51000000,1.341622003,1.985356875,4.13b,digitized_experimental_curve
5.52000000,1.346242508,1.983725219,4.13b,digitized_experimental_curve
5.53000000,1.345036595,1.975564776,4.13b,digitized_experimental_curve
5.54000000,1.319349355,1.975564776,4.13b,digitized_experimental_curve
5.55000000,1.304511007,1.972852553,4.13b,digitized_experimental_curve
5.56000000,1.295948594,1.969513601,4.13b,digitized_experimental_curve
5.57000000,1.287386180,1.969513601,4.13b,digitized_experimental_curve
5.58000000,1.285730751,1.966060108,4.13b,digitized_experimental_curve
5.59000000,1.287414275,1.963462425,4.13b,digitized_experimental_curve
5.60000000,1.291695482,1.963462425,4.13b,digitized_experimental_curve
5.61000000,1.287587166,1.959267664,4.13b,digitized_experimental_curve
5.62000000,1.283305959,1.957411249,4.13b,digitized_experimental_curve
5.63000000,1.280334399,1.956756426,4.13b,digitized_experimental_curve
5.64000000,1.284615606,1.952475219,4.13b,digitized_experimental_curve
5.65000000,1.282564690,1.954526135,4.13b,digitized_experimental_curve
5.66000000,1.281075669,1.954619064,4.13b,digitized_experimental_curve
5.67000000,1.285356875,1.946056651,4.13b,digitized_experimental_curve
5.68000000,1.289638082,1.941401568,4.13b,digitized_experimental_curve
5.69000000,1.289644565,1.937120361,4.13b,digitized_experimental_curve
5.70000000,1.285730751,1.933206547,4.13b,digitized_experimental_curve
5.71000000,1.285730751,1.933206547,4.13b,digitized_experimental_curve
5.72000000,1.288609382,1.930327916,4.13b,digitized_experimental_curve
5.73000000,1.291781927,1.926046709,4.13b,digitized_experimental_curve
5.74000000,1.291781927,1.921765503,4.13b,digitized_experimental_curve
5.75000000,1.295401827,1.921104195,4.13b,digitized_experimental_curve
5.76000000,1.299683034,1.917404334,4.13b,digitized_experimental_curve
5.77000000,1.304284088,1.909081806,4.13b,digitized_experimental_curve
5.78000000,1.325690122,1.913363013,4.13b,digitized_experimental_curve
5.79000000,1.328957757,1.907279420,4.13b,digitized_experimental_curve
5.80000000,1.323680267,1.896899493,4.13b,digitized_experimental_curve
5.81000000,1.332242681,1.896899493,4.13b,digitized_experimental_curve
5.82000000,1.330807688,1.893567024,4.13b,digitized_experimental_curve
5.83000000,1.328088981,1.886160817,4.13b,digitized_experimental_curve
5.84000000,1.328088981,1.873317197,4.13b,digitized_experimental_curve
5.85000000,1.328088981,1.860473577,4.13b,digitized_experimental_curve
5.86000000,1.328088981,1.856845032,4.13b,digitized_experimental_curve
5.87000000,1.328088981,1.858991038,4.13b,digitized_experimental_curve
5.88000000,1.328088981,1.846147418,4.13b,digitized_experimental_curve
5.89000000,1.331134019,1.833303798,4.13b,digitized_experimental_curve
5.90000000,1.332865088,1.821735247,4.13b,digitized_experimental_curve
5.91000000,1.328583881,1.813172833,4.13b,digitized_experimental_curve
5.92000000,1.328088981,1.804610420,4.13b,digitized_experimental_curve
5.93000000,1.326072643,1.798064344,4.13b,digitized_experimental_curve
5.94000000,1.322037805,1.793290399,4.13b,digitized_experimental_curve
5.95000000,1.322037805,1.780446778,4.13b,digitized_experimental_curve
5.96000000,1.322037805,1.770360765,4.13b,digitized_experimental_curve
5.97000000,1.322037805,1.762785990,4.13b,digitized_experimental_curve
5.98000000,1.322037805,1.758504783,4.13b,digitized_experimental_curve
5.99000000,1.325536682,1.747225824,4.13b,digitized_experimental_curve
6.00000000,1.322902259,1.737840018,4.13b,digitized_experimental_curve
6.01000000,1.310058639,1.733558812,4.13b,digitized_experimental_curve
6.02000000,1.305695309,1.716557169,4.13b,digitized_experimental_curve
6.03000000,1.303884278,1.701902518,4.13b,digitized_experimental_curve
6.04000000,1.304584486,1.689058898,4.13b,digitized_experimental_curve
6.05000000,1.308865693,1.676215278,4.13b,digitized_experimental_curve
6.06000000,1.319569790,1.666583103,4.13b,digitized_experimental_curve
6.07000000,1.329530458,1.656579213,4.13b,digitized_experimental_curve
6.08000000,1.333811664,1.643735592,4.13b,digitized_experimental_curve
6.09000000,1.342045586,1.634844686,4.13b,digitized_experimental_curve
6.10000000,1.344059763,1.626282273,4.13b,digitized_experimental_curve
6.11000000,1.339778556,1.617719859,4.13b,digitized_experimental_curve
6.12000000,1.335497349,1.609157446,4.13b,digitized_experimental_curve
6.13000000,1.339988186,1.603519047,4.13b,digitized_experimental_curve
6.14000000,1.346242508,1.598083794,4.13b,digitized_experimental_curve
6.15000000,1.346242508,1.589521381,4.13b,digitized_experimental_curve
6.16000000,1.338911941,1.580958967,4.13b,digitized_experimental_curve
6.17000000,1.332244842,1.570501239,4.13b,digitized_experimental_curve
6.18000000,1.328214327,1.557908310,4.13b,digitized_experimental_curve
6.19000000,1.332495534,1.553627104,4.13b,digitized_experimental_curve
6.20000000,1.336776740,1.546709313,4.13b,digitized_experimental_curve
6.21000000,1.343657792,1.539013514,4.13b,digitized_experimental_curve
6.22000000,1.360782619,1.534732308,4.13b,digitized_experimental_curve
6.23000000,1.361018182,1.530451101,4.13b,digitized_experimental_curve
6.24000000,1.361560627,1.526169894,4.13b,digitized_experimental_curve
6.25000000,1.370123041,1.521888687,4.13b,digitized_experimental_curve
6.26000000,1.366328089,1.513488359,4.13b,digitized_experimental_curve
6.27000000,1.366745188,1.509624251,4.13b,digitized_experimental_curve
6.28000000,1.370447211,1.509045067,4.13b,digitized_experimental_curve
6.29000000,1.370447211,1.504763860,4.13b,digitized_experimental_curve
6.30000000,1.376628054,1.500482653,4.13b,digitized_experimental_curve
6.31000000,1.382549562,1.497521899,4.13b,digitized_experimental_curve
6.32000000,1.382549562,1.497521899,4.13b,digitized_experimental_curve
6.33000000,1.382549562,1.489858518,4.13b,digitized_experimental_curve
6.34000000,1.384611284,1.487481270,4.13b,digitized_experimental_curve
6.35000000,1.388600738,1.491178971,4.13b,digitized_experimental_curve
6.36000000,1.388600738,1.486897764,4.13b,digitized_experimental_curve
6.37000000,1.391403729,1.482616557,4.13b,digitized_experimental_curve
6.38000000,1.394651913,1.479368373,4.13b,digitized_experimental_curve
6.39000000,1.394651913,1.479368373,4.13b,digitized_experimental_curve
6.40000000,1.391107653,1.479368373,4.13b,digitized_experimental_curve
6.41000000,1.392149320,1.479368373,4.13b,digitized_experimental_curve
6.42000000,1.400698767,1.479368373,4.13b,digitized_experimental_curve
6.43000000,1.396417560,1.479368373,4.13b,digitized_experimental_curve
6.44000000,1.389620793,1.476852812,4.13b,digitized_experimental_curve
6.45000000,1.381803971,1.473317197,4.13b,digitized_experimental_curve
6.46000000,1.377522764,1.473317197,4.13b,digitized_experimental_curve
6.47000000,1.376498386,1.466803538,4.13b,digitized_experimental_curve
6.48000000,1.376498386,1.467162287,4.13b,digitized_experimental_curve
6.49000000,1.376498386,1.484287114,4.13b,digitized_experimental_curve
6.50000000,1.384494583,1.479822211,4.13b,digitized_experimental_curve
6.51000000,1.386372608,1.473828521,4.13b,digitized_experimental_curve
6.52000000,1.382549562,1.467834832,4.13b,digitized_experimental_curve
6.53000000,1.382549562,1.461841142,4.13b,digitized_experimental_curve
6.54000000,1.382549562,1.455847453,4.13b,digitized_experimental_curve
6.55000000,1.382549562,1.449853763,4.13b,digitized_experimental_curve
6.56000000,1.382549562,1.443860074,4.13b,digitized_experimental_curve
6.57000000,1.386260229,1.443061319,4.13b,digitized_experimental_curve
6.58000000,1.386660039,1.445002017,4.13b,digitized_experimental_curve
6.59000000,1.382549562,1.449112494,4.13b,digitized_experimental_curve
6.60000000,1.382549562,1.449112494,4.13b,digitized_experimental_curve
6.61000000,1.385231530,1.449112494,4.13b,digitized_experimental_curve
6.62000000,1.387688739,1.449112494,4.13b,digitized_experimental_curve
6.63000000,1.383407532,1.449112494,4.13b,digitized_experimental_curve
6.64000000,1.385972799,1.445689258,4.13b,digitized_experimental_curve
6.65000000,1.388600738,1.441408051,4.13b,digitized_experimental_curve
6.66000000,1.388600738,1.437126844,4.13b,digitized_experimental_curve
6.67000000,1.384436232,1.432845637,4.13b,digitized_experimental_curve
6.68000000,1.384944099,1.430958967,4.13b,digitized_experimental_curve
6.69000000,1.388600738,1.430334399,4.13b,digitized_experimental_curve
6.70000000,1.388600738,1.426053193,4.13b,digitized_experimental_curve
6.71000000,1.393304446,1.421771986,4.13b,digitized_experimental_curve
6.72000000,1.399726256,1.418856616,4.13b,digitized_experimental_curve
6.73000000,1.406148067,1.418856616,4.13b,digitized_experimental_curve
6.74000000,1.412569877,1.418856616,4.13b,digitized_experimental_curve
6.75000000,1.418991687,1.416749510,4.13b,digitized_experimental_curve
6.76000000,1.425413497,1.413142577,4.13b,digitized_experimental_curve
6.77000000,1.431835307,1.417423784,4.13b,digitized_experimental_curve
6.78000000,1.438257117,1.413159866,4.13b,digitized_experimental_curve
6.79000000,1.443061319,1.407832671,4.13b,digitized_experimental_curve
6.80000000,1.443061319,1.412113877,4.13b,digitized_experimental_curve
6.81000000,1.443061319,1.412805440,4.13b,digitized_experimental_curve
6.82000000,1.443061319,1.410985765,4.13b,digitized_experimental_curve
6.83000000,1.442961906,1.406704559,4.13b,digitized_experimental_curve
6.84000000,1.434399493,1.402423352,4.13b,digitized_experimental_curve
6.85000000,1.433519911,1.398142145,4.13b,digitized_experimental_curve
6.86000000,1.436219168,1.393860938,4.13b,digitized_experimental_curve
6.87000000,1.431937961,1.389579731,4.13b,digitized_experimental_curve
6.88000000,1.430958967,1.385298525,4.13b,digitized_experimental_curve
6.89000000,1.429426723,1.382549562,4.13b,digitized_experimental_curve
6.90000000,1.425145516,1.382549562,4.13b,digitized_experimental_curve
6.91000000,1.428951274,1.378506080,4.13b,digitized_experimental_curve
6.92000000,1.428685454,1.376498386,4.13b,digitized_experimental_curve
6.93000000,1.425411336,1.375491298,4.13b,digitized_experimental_curve
6.94000000,1.429692543,1.366928884,4.13b,digitized_experimental_curve
6.95000000,1.430958967,1.358366471,4.13b,digitized_experimental_curve
6.96000000,1.430958967,1.353538497,4.13b,digitized_experimental_curve
6.97000000,1.430958967,1.357819704,4.13b,digitized_experimental_curve
6.98000000,1.434715018,1.350832757,4.13b,digitized_experimental_curve
6.99000000,1.437010143,1.348228590,4.13b,digitized_experimental_curve
7.00000000,1.436577916,1.351861457,4.13b,digitized_experimental_curve
7.01000000,1.428015503,1.343299043,4.13b,digitized_experimental_curve
7.02000000,1.430362494,1.340191332,4.13b,digitized_experimental_curve
7.03000000,1.437967525,1.340191332,4.13b,digitized_experimental_curve
7.04000000,1.442248732,1.340191332,4.13b,digitized_experimental_curve
7.05000000,1.443061319,1.336722712,4.13b,digitized_experimental_curve
7.06000000,1.441362667,1.332441505,4.13b,digitized_experimental_curve
7.07000000,1.437081460,1.328160299,4.13b,digitized_experimental_curve
7.08000000,1.437010143,1.328088981,4.13b,digitized_experimental_curve
7.09000000,1.439450063,1.328088981,4.13b,digitized_experimental_curve
7.10000000,1.443731270,1.328088981,4.13b,digitized_experimental_curve
7.11000000,1.448012477,1.328088981,4.13b,digitized_experimental_curve
7.12000000,1.449112494,1.321726602,4.13b,digitized_experimental_curve
7.13000000,1.450523715,1.315986630,4.13b,digitized_experimental_curve
7.14000000,1.454804922,1.315986630,4.13b,digitized_experimental_curve
7.15000000,1.459086128,1.308141713,4.13b,digitized_experimental_curve
7.16000000,1.461214846,1.306036768,4.13b,digitized_experimental_curve
7.17000000,1.461214846,1.309935454,4.13b,digitized_experimental_curve
7.18000000,1.461214846,1.309935454,4.13b,digitized_experimental_curve
7.19000000,1.464108604,1.304147937,4.13b,digitized_experimental_curve
7.20000000,1.467266021,1.298956893,4.13b,digitized_experimental_curve
7.21000000,1.467266021,1.303238099,4.13b,digitized_experimental_curve
7.22000000,1.470901049,1.303884278,4.13b,digitized_experimental_curve
7.23000000,1.477047314,1.302019220,4.13b,digitized_experimental_curve
7.24000000,1.485324458,1.297833103,4.13b,digitized_experimental_curve
7.25000000,1.481043251,1.297833103,4.13b,digitized_experimental_curve
7.26000000,1.479368373,1.295226775,4.13b,digitized_experimental_curve
7.27000000,1.480204731,1.293454645,4.13b,digitized_experimental_curve
7.28000000,1.484485938,1.302017059,4.13b,digitized_experimental_curve
7.29000000,1.485419548,1.300536682,4.13b,digitized_experimental_curve
7.30000000,1.483841920,1.299410731,4.13b,digitized_experimental_curve
7.31000000,1.479560713,1.303691938,4.13b,digitized_experimental_curve
7.32000000,1.483457238,1.295706547,4.13b,digitized_experimental_curve
7.33000000,1.485419548,1.294100824,4.13b,digitized_experimental_curve
7.34000000,1.485968476,1.297833103,4.13b,digitized_experimental_curve
7.35000000,1.490249683,1.297833103,4.13b,digitized_experimental_curve
7.36000000,1.488410558,1.294772937,4.13b,digitized_experimental_curve
7.37000000,1.485419548,1.293072124,4.13b,digitized_experimental_curve
7.38000000,1.485419548,1.297353331,4.13b,digitized_experimental_curve
7.39000000,1.485419548,1.297833103,4.13b,digitized_experimental_curve
7.40000000,1.485419548,1.297833103,4.13b,digitized_experimental_curve
7.41000000,1.485419548,1.297833103,4.13b,digitized_experimental_curve
7.42000000,1.485419548,1.297833103,4.13b,digitized_experimental_curve
7.43000000,1.482646813,1.297833103,4.13b,digitized_experimental_curve
7.44000000,1.480371139,1.297833103,4.13b,digitized_experimental_curve
7.45000000,1.484652346,1.297833103,4.13b,digitized_experimental_curve
7.46000000,1.488933552,1.297833103,4.13b,digitized_experimental_curve
7.47000000,1.487982653,1.299577138,4.13b,digitized_experimental_curve
7.48000000,1.479420240,1.303858345,4.13b,digitized_experimental_curve
7.49000000,1.487878919,1.299629005,4.13b,digitized_experimental_curve
7.50000000,1.491470724,1.300318407,4.13b,digitized_experimental_curve
7.51000000,1.491470724,1.303168943,4.13b,digitized_experimental_curve
7.52000000,1.491470724,1.298887736,4.13b,digitized_experimental_curve
7.53000000,1.494697297,1.301059676,4.13b,digitized_experimental_curve
7.54000000,1.497521899,1.302427674,4.13b,digitized_experimental_curve
7.55000000,1.497521899,1.298146467,4.13b,digitized_experimental_curve
7.56000000,1.497521899,1.297833103,4.13b,digitized_experimental_curve
7.57000000,1.499719773,1.295635229,4.13b,digitized_experimental_curve
7.58000000,1.503145171,1.292209832,4.13b,digitized_experimental_curve
7.59000000,1.498863964,1.296491038,4.13b,digitized_experimental_curve
7.60000000,1.497521899,1.300772245,4.13b,digitized_experimental_curve
7.61000000,1.498691073,1.303884278,4.13b,digitized_experimental_curve
7.62000000,1.502972280,1.303884278,4.13b,digitized_experimental_curve
7.63000000,1.503573075,1.296523456,4.13b,digitized_experimental_curve
7.64000000,1.505483518,1.293692370,4.13b,digitized_experimental_curve
7.65000000,1.509624251,1.297833103,4.13b,digitized_experimental_curve
7.66000000,1.509624251,1.297833103,4.13b,digitized_experimental_curve
7.67000000,1.509624251,1.300484814,4.13b,digitized_experimental_curve
7.68000000,1.509624251,1.303002536,4.13b,digitized_experimental_curve
7.69000000,1.509624251,1.298721329,4.13b,digitized_experimental_curve
7.70000000,1.509624251,1.297833103,4.13b,digitized_experimental_curve
7.71000000,1.509624251,1.296210091,4.13b,digitized_experimental_curve
7.72000000,1.509624251,1.291928884,4.13b,digitized_experimental_curve
7.73000000,1.505490001,1.300050426,4.13b,digitized_experimental_curve
7.74000000,1.505937356,1.303884278,4.13b,digitized_experimental_curve
7.75000000,1.509029939,1.303884278,4.13b,digitized_experimental_curve
7.76000000,1.504748732,1.303884278,4.13b,digitized_experimental_curve
7.77000000,1.506678625,1.300778729,4.13b,digitized_experimental_curve
7.78000000,1.508288670,1.297833103,4.13b,digitized_experimental_curve
7.79000000,1.504007463,1.297833103,4.13b,digitized_experimental_curve
7.80000000,1.507419894,1.297833103,4.13b,digitized_experimental_curve
7.81000000,1.509624251,1.297833103,4.13b,digitized_experimental_curve
7.82000000,1.509317370,1.297833103,4.13b,digitized_experimental_curve
7.83000000,1.505036163,1.297833103,4.13b,digitized_experimental_curve
7.84000000,1.506391194,1.300651222,4.13b,digitized_experimental_curve
7.85000000,1.508576101,1.302836128,4.13b,digitized_experimental_curve
7.86000000,1.504294894,1.298554922,4.13b,digitized_experimental_curve
7.87000000,1.503573075,1.297833103,4.13b,digitized_experimental_curve
7.88000000,1.503573075,1.297833103,4.13b,digitized_experimental_curve
7.89000000,1.503573075,1.297813653,4.13b,digitized_experimental_curve
7.90000000,1.503573075,1.293532446,4.13b,digitized_experimental_curve
7.91000000,1.506103763,1.296843303,4.13b,digitized_experimental_curve
7.92000000,1.509624251,1.303884278,4.13b,digitized_experimental_curve
7.93000000,1.509624251,1.303884278,4.13b,digitized_experimental_curve
7.94000000,1.503080337,1.303884278,4.13b,digitized_experimental_curve
7.95000000,1.499023888,1.303884278,4.13b,digitized_experimental_curve
7.96000000,1.503305095,1.303884278,4.13b,digitized_experimental_curve
7.97000000,1.503573075,1.303884278,4.13b,digitized_experimental_curve
7.98000000,1.510302847,1.303884278,4.13b,digitized_experimental_curve
7.99000000,1.521726602,1.303410990,4.13b,digitized_experimental_curve
8.00000000,1.521726602,1.299129783,4.13b,digitized_experimental_curve
8.01000000,1.518742076,1.300817629,4.13b,digitized_experimental_curve
8.02000000,1.515675426,1.305098836,4.13b,digitized_experimental_curve
8.03000000,1.515675426,1.309380043,4.13b,digitized_experimental_curve
8.04000000,1.511949631,1.309935454,4.13b,digitized_experimental_curve
8.05000000,1.511580077,1.307979628,4.13b,digitized_experimental_curve
8.06000000,1.515303711,1.304070136,4.13b,digitized_experimental_curve
8.07000000,1.506741298,1.308351343,4.13b,digitized_experimental_curve
8.08000000,1.503573075,1.307238359,4.13b,digitized_experimental_curve
8.09000000,1.502645949,1.304811405,4.13b,digitized_experimental_curve
8.10000000,1.498364742,1.309092612,4.13b,digitized_experimental_curve
8.11000000,1.497521899,1.306497090,4.13b,digitized_experimental_curve
8.12000000,1.495853504,1.307221070,4.13b,digitized_experimental_curve
8.13000000,1.491572297,1.315783483,4.13b,digitized_experimental_curve
8.14000000,1.487291090,1.311806996,4.13b,digitized_experimental_curve
8.15000000,1.483009884,1.309935454,4.13b,digitized_experimental_curve
8.16000000,1.479368373,1.310575150,4.13b,digitized_experimental_curve
8.17000000,1.479368373,1.314856357,4.13b,digitized_experimental_curve
8.18000000,1.482519306,1.315986630,4.13b,digitized_experimental_curve
8.19000000,1.485419548,1.315986630,4.13b,digitized_experimental_curve
8.20000000,1.485419548,1.315986630,4.13b,digitized_experimental_curve
8.21000000,1.485419548,1.315986630,4.13b,digitized_experimental_curve
8.22000000,1.483297314,1.315986630,4.13b,digitized_experimental_curve
8.23000000,1.478663843,1.316338895,4.13b,digitized_experimental_curve
8.24000000,1.470101429,1.320620101,4.13b,digitized_experimental_curve
8.25000000,1.461539016,1.322037805,4.13b,digitized_experimental_curve
8.26000000,1.456257204,1.322037805,4.13b,digitized_experimental_curve
8.27000000,1.460538411,1.322037805,4.13b,digitized_experimental_curve
8.28000000,1.461214846,1.322037805,4.13b,digitized_experimental_curve
8.29000000,1.457545240,1.323872608,4.13b,digitized_experimental_curve
8.30000000,1.449112494,1.328088981,4.13b,digitized_experimental_curve
8.31000000,1.449112494,1.328088981,4.13b,digitized_experimental_curve
8.32000000,1.449112494,1.330665053,4.13b,digitized_experimental_curve
8.33000000,1.449112494,1.333334054,4.13b,digitized_experimental_curve
8.34000000,1.449112494,1.329052847,4.13b,digitized_experimental_curve
8.35000000,1.449112494,1.328088981,4.13b,digitized_experimental_curve
8.36000000,1.447565122,1.331183725,4.13b,digitized_experimental_curve
8.37000000,1.443283915,1.339746139,4.13b,digitized_experimental_curve
8.38000000,1.443061319,1.336132722,4.13b,digitized_experimental_curve
8.39000000,1.440772678,1.336428798,4.13b,digitized_experimental_curve
8.40000000,1.436491471,1.340191332,4.13b,digitized_experimental_curve
8.41000000,1.432210264,1.340191332,4.13b,digitized_experimental_curve
8.42000000,1.430958967,1.340191332,4.13b,digitized_experimental_curve
8.43000000,1.428439085,1.340191332,4.13b,digitized_experimental_curve
8.44000000,1.419876671,1.340191332,4.13b,digitized_experimental_curve
8.45000000,1.418856616,1.340191332,4.13b,digitized_experimental_curve
8.46000000,1.418856616,1.342192543,4.13b,digitized_experimental_curve
8.47000000,1.418394133,1.346473749,4.13b,digitized_experimental_curve
8.48000000,1.409831720,1.350754956,4.13b,digitized_experimental_curve
8.49000000,1.404011785,1.349551204,4.13b,digitized_experimental_curve
8.50000000,1.399730579,1.346242508,4.13b,digitized_experimental_curve
8.51000000,1.395449372,1.346242508,4.13b,digitized_experimental_curve
8.52000000,1.394651913,1.346242508,4.13b,digitized_experimental_curve
8.53000000,1.394651913,1.346242508,4.13b,digitized_experimental_curve
8.54000000,1.394651913,1.346242508,4.13b,digitized_experimental_curve
8.55000000,1.390426896,1.342017491,4.13b,digitized_experimental_curve
8.56000000,1.386145689,1.340191332,4.13b,digitized_experimental_curve
8.57000000,1.381864482,1.339506253,4.13b,digitized_experimental_curve
8.58000000,1.377583276,1.335225046,4.13b,digitized_experimental_curve
8.59000000,1.376498386,1.334140157,4.13b,digitized_experimental_curve
8.60000000,1.377924735,1.335566505,4.13b,digitized_experimental_curve
8.61000000,1.382205942,1.339847712,4.13b,digitized_experimental_curve
8.62000000,1.390424735,1.352004092,4.13b,digitized_experimental_curve
8.63000000,1.394651913,1.358344859,4.13b,digitized_experimental_curve
8.64000000,1.394651913,1.358742508,4.13b,digitized_experimental_curve
8.65000000,1.394651913,1.363023715,4.13b,digitized_experimental_curve
8.66000000,1.391015805,1.364396035,4.13b,digitized_experimental_curve
8.67000000,1.385664297,1.365534953,4.13b,digitized_experimental_curve
8.68000000,1.380312788,1.369816160,4.13b,digitized_experimental_curve
8.69000000,1.374961280,1.370447211,4.13b,digitized_experimental_curve
8.70000000,1.369609771,1.368567024,4.13b,digitized_experimental_curve
8.71000000,1.364258263,1.364396035,4.13b,digitized_experimental_curve
8.72000000,1.358906754,1.364396035,4.13b,digitized_experimental_curve
8.73000000,1.353555246,1.364396035,4.13b,digitized_experimental_curve
8.74000000,1.348203737,1.364396035,4.13b,digitized_experimental_curve
8.75000000,1.342852229,1.364396035,4.13b,digitized_experimental_curve
8.76000000,1.337500720,1.364396035,4.13b,digitized_experimental_curve
8.77000000,1.332547401,1.364396035,4.13b,digitized_experimental_curve
8.78000000,1.328266194,1.364396035,4.13b,digitized_experimental_curve
8.79000000,1.323984987,1.364396035,4.13b,digitized_experimental_curve
8.80000000,1.324371830,1.364396035,4.13b,digitized_experimental_curve
8.81000000,1.328088981,1.364396035,4.13b,digitized_experimental_curve
8.82000000,1.328088981,1.364396035,4.13b,digitized_experimental_curve
8.83000000,1.328088981,1.367471329,4.13b,digitized_experimental_curve
8.84000000,1.326783656,1.370447211,4.13b,digitized_experimental_curve
8.85000000,1.322502449,1.370447211,4.13b,digitized_experimental_curve
8.86000000,1.322037805,1.370447211,4.13b,digitized_experimental_curve
8.87000000,1.322037805,1.372493805,4.13b,digitized_experimental_curve
8.88000000,1.321761180,1.376221761,4.13b,digitized_experimental_curve
8.89000000,1.317479973,1.371940554,4.13b,digitized_experimental_curve
8.90000000,1.313198767,1.373235074,4.13b,digitized_experimental_curve
8.91000000,1.309935454,1.375480492,4.13b,digitized_experimental_curve
8.92000000,1.309935454,1.371199285,4.13b,digitized_experimental_curve
8.93000000,1.306406322,1.373976343,4.13b,digitized_experimental_curve
8.94000000,1.302125115,1.376498386,4.13b,digitized_experimental_curve
8.95000000,1.297843908,1.376498386,4.13b,digitized_experimental_curve
8.96000000,1.297833103,1.376498386,4.13b,digitized_experimental_curve
8.97000000,1.295332671,1.376498386,4.13b,digitized_experimental_curve
8.98000000,1.292512391,1.377228850,4.13b,digitized_experimental_curve
8.99000000,1.296793597,1.381510056,4.13b,digitized_experimental_curve
9.00000000,1.294591402,1.382549562,4.13b,digitized_experimental_curve
9.01000000,1.288838462,1.381077830,4.13b,digitized_experimental_curve
9.02000000,1.280276049,1.376796623,4.13b,digitized_experimental_curve
9.03000000,1.287645516,1.376498386,4.13b,digitized_experimental_curve
9.04000000,1.287355924,1.378711388,4.13b,digitized_experimental_curve
9.05000000,1.279679576,1.382106530,4.13b,digitized_experimental_curve
9.06000000,1.279679576,1.377825323,4.13b,digitized_experimental_curve
9.07000000,1.279679576,1.382406927,4.13b,digitized_experimental_curve
9.08000000,1.279679576,1.388600738,4.13b,digitized_experimental_curve
9.09000000,1.279679576,1.388600738,4.13b,digitized_experimental_curve
9.10000000,1.275984036,1.384905198,4.13b,digitized_experimental_curve
9.11000000,1.275553971,1.384475133,4.13b,digitized_experimental_curve
9.12000000,1.279523974,1.388756339,4.13b,digitized_experimental_curve
9.13000000,1.275242767,1.393037546,4.13b,digitized_experimental_curve
9.14000000,1.273628400,1.391985074,4.13b,digitized_experimental_curve
9.15000000,1.273628400,1.389497608,4.13b,digitized_experimental_curve
9.16000000,1.273628400,1.393778815,4.13b,digitized_experimental_curve
9.17000000,1.270220292,1.394651913,4.13b,digitized_experimental_curve
9.18000000,1.267577225,1.394651913,4.13b,digitized_experimental_curve
9.19000000,1.267577225,1.394651913,4.13b,digitized_experimental_curve
9.20000000,1.263427847,1.390502536,4.13b,digitized_experimental_curve
9.21000000,1.261526049,1.393359555,4.13b,digitized_experimental_curve
9.22000000,1.260916609,1.400093649,4.13b,digitized_experimental_curve
9.23000000,1.256635402,1.395812442,4.13b,digitized_experimental_curve
9.24000000,1.258595551,1.394651913,4.13b,digitized_experimental_curve
9.25000000,1.253421796,1.396002622,4.13b,digitized_experimental_curve
9.26000000,1.227734555,1.400283829,4.13b,digitized_experimental_curve
9.27000000,1.217495101,1.400703089,4.13b,digitized_experimental_curve
9.28000000,1.217300599,1.402795067,4.13b,digitized_experimental_curve
9.29000000,1.225218995,1.406432256,4.13b,digitized_experimental_curve
9.30000000,1.225218995,1.402151049,4.13b,digitized_experimental_curve
9.31000000,1.225218995,1.400703089,4.13b,digitized_experimental_curve
9.32000000,1.226282273,1.401766367,4.13b,digitized_experimental_curve
9.33000000,1.230563480,1.406047574,4.13b,digitized_experimental_curve
9.34000000,1.231270171,1.406754265,4.13b,digitized_experimental_curve
9.35000000,1.229465624,1.408558812,4.13b,digitized_experimental_curve
9.36000000,1.225253573,1.412770862,4.13b,digitized_experimental_curve
9.37000000,1.229534780,1.408489655,4.13b,digitized_experimental_curve
9.38000000,1.228724355,1.404208449,4.13b,digitized_experimental_curve
9.39000000,1.225218995,1.402254783,4.13b,digitized_experimental_curve
9.40000000,1.225218995,1.410817197,4.13b,digitized_experimental_curve
9.41000000,1.225218995,1.406231270,4.13b,digitized_experimental_curve
9.42000000,1.225218995,1.402220205,4.13b,digitized_experimental_curve
9.43000000,1.225218995,1.406501412,4.13b,digitized_experimental_curve
9.44000000,1.221190641,1.410782619,4.13b,digitized_experimental_curve
9.45000000,1.221426204,1.410547055,4.13b,digitized_experimental_curve
9.46000000,1.224730579,1.407242681,4.13b,digitized_experimental_curve
9.47000000,1.220449372,1.411523888,4.13b,digitized_experimental_curve
9.48000000,1.228166782,1.412805440,4.13b,digitized_experimental_curve
9.49000000,1.237321346,1.414035126,4.13b,digitized_experimental_curve
9.50000000,1.237321346,1.418316332,4.13b,digitized_experimental_curve
9.51000000,1.237321346,1.418856616,4.13b,digitized_experimental_curve
9.52000000,1.237321346,1.416885662,4.13b,digitized_experimental_curve
9.53000000,1.236718390,1.413006426,4.13b,digitized_experimental_curve
9.54000000,1.223874769,1.417287633,4.13b,digitized_experimental_curve
9.55000000,1.221880043,1.418856616,4.13b,digitized_experimental_curve
9.56000000,1.224276740,1.419798870,4.13b,digitized_experimental_curve
9.57000000,1.219995534,1.424080077,4.13b,digitized_experimental_curve
9.58000000,1.226074804,1.421454299,4.13b,digitized_experimental_curve
9.59000000,1.229586647,1.417173092,4.13b,digitized_experimental_curve
9.60000000,1.225305440,1.412891886,4.13b,digitized_experimental_curve
9.61000000,1.225218995,1.417000202,4.13b,digitized_experimental_curve
9.62000000,1.225218995,1.421281408,4.13b,digitized_experimental_curve
9.63000000,1.225218995,1.424252968,4.13b,digitized_experimental_curve
9.64000000,1.225218995,1.419971761,4.13b,digitized_experimental_curve
9.65000000,1.228385056,1.422022678,4.13b,digitized_experimental_curve
9.66000000,1.228477985,1.424907792,4.13b,digitized_experimental_curve
9.67000000,1.219915572,1.424907792,4.13b,digitized_experimental_curve
9.68000000,1.223075150,1.432722453,4.13b,digitized_experimental_curve
9.69000000,1.223081633,1.434872781,4.13b,digitized_experimental_curve
9.70000000,1.219535212,1.430958967,4.13b,digitized_experimental_curve
9.71000000,1.223816419,1.430958967,4.13b,digitized_experimental_curve
9.72000000,1.225218995,1.430958967,4.13b,digitized_experimental_curve
9.73000000,1.225218995,1.430958967,4.13b,digitized_experimental_curve
9.74000000,1.225218995,1.430958967,4.13b,digitized_experimental_curve
9.75000000,1.225218995,1.434578867,4.13b,digitized_experimental_curve
9.76000000,1.225218995,1.437010143,4.13b,digitized_experimental_curve
9.77000000,1.225139033,1.437090105,4.13b,digitized_experimental_curve
9.78000000,1.220857826,1.441371312,4.13b,digitized_experimental_curve
9.79000000,1.219167819,1.443061319,4.13b,digitized_experimental_curve
9.80000000,1.219167819,1.443882550,4.13b,digitized_experimental_curve
9.81000000,1.219167819,1.448163756,4.13b,digitized_experimental_curve
9.82000000,1.219167819,1.445780025,4.13b,digitized_experimental_curve
9.83000000,1.217605319,1.444623819,4.13b,digitized_experimental_curve
9.84000000,1.213324112,1.448905025,4.13b,digitized_experimental_curve
9.85000000,1.213116644,1.449112494,4.13b,digitized_experimental_curve
9.86000000,1.210812875,1.449112494,4.13b,digitized_experimental_curve
9.87000000,1.207065468,1.449112494,4.13b,digitized_experimental_curve
9.88000000,1.207065468,1.449112494,4.13b,digitized_experimental_curve
9.89000000,1.207065468,1.455202570,4.13b,digitized_experimental_curve
9.90000000,1.205790399,1.459939776,4.13b,digitized_experimental_curve
9.91000000,1.201509192,1.455658570,4.13b,digitized_experimental_curve
9.92000000,1.212373213,1.458949977,4.13b,digitized_experimental_curve
9.93000000,1.219167819,1.461214846,4.13b,digitized_experimental_curve
9.94000000,1.219167819,1.461214846,4.13b,digitized_experimental_curve
9.95000000,1.219167819,1.461214846,4.13b,digitized_experimental_curve
9.96000000,1.219167819,1.466730060,4.13b,digitized_experimental_curve
9.97000000,1.216204904,1.472329559,4.13b,digitized_experimental_curve
9.98000000,1.203361284,1.468048352,4.13b,digitized_experimental_curve
9.99000000,1.204513169,1.467266021,4.13b,digitized_experimental_curve
10.00000000,1.205336561,1.467266021,4.13b,digitized_experimental_curve
10.01000000,1.201055354,1.467266021,4.13b,digitized_experimental_curve
10.02000000,1.201014292,1.471506166,4.13b,digitized_experimental_curve
10.03000000,1.203484469,1.473317197,4.13b,digitized_experimental_curve
10.04000000,1.206365260,1.474017404,4.13b,digitized_experimental_curve
10.05000000,1.202084054,1.478298611,4.13b,digitized_experimental_curve
10.06000000,1.204225738,1.482579818,4.13b,digitized_experimental_curve
10.07000000,1.205623991,1.483978072,4.13b,digitized_experimental_curve
10.08000000,1.201342785,1.479696865,4.13b,digitized_experimental_curve
10.09000000,1.208919721,1.483321087,4.13b,digitized_experimental_curve
10.10000000,1.213116644,1.485419548,4.13b,digitized_experimental_curve
10.11000000,1.213529420,1.485832325,4.13b,digitized_experimental_curve
10.12000000,1.217810627,1.490113532,4.13b,digitized_experimental_curve
10.13000000,1.216243805,1.491470724,4.13b,digitized_experimental_curve
10.14000000,1.213116644,1.491470724,4.13b,digitized_experimental_curve
10.15000000,1.213116644,1.491470724,4.13b,digitized_experimental_curve
10.16000000,1.216781927,1.491470724,4.13b,digitized_experimental_curve
10.17000000,1.221063134,1.491470724,4.13b,digitized_experimental_curve
10.18000000,1.225093649,1.491345378,4.13b,digitized_experimental_curve
10.19000000,1.220812442,1.487064171,4.13b,digitized_experimental_curve
10.20000000,1.221804403,1.490692716,4.13b,digitized_experimental_curve
10.21000000,1.226085610,1.497521899,4.13b,digitized_experimental_curve
10.22000000,1.230366817,1.497521899,4.13b,digitized_experimental_curve
10.23000000,1.227892318,1.500899752,4.13b,digitized_experimental_curve
10.24000000,1.225218995,1.503573075,4.13b,digitized_experimental_curve
10.25000000,1.225218995,1.503573075,4.13b,digitized_experimental_curve
10.26000000,1.225218995,1.503573075,4.13b,digitized_experimental_curve
10.27000000,1.225218995,1.503573075,4.13b,digitized_experimental_curve
10.28000000,1.225218995,1.504152259,4.13b,digitized_experimental_curve
10.29000000,1.225218995,1.508433466,4.13b,digitized_experimental_curve
10.30000000,1.222128573,1.509624251,4.13b,digitized_experimental_curve
10.31000000,1.217847366,1.509624251,4.13b,digitized_experimental_curve
10.32000000,1.213566160,1.509624251,4.13b,digitized_experimental_curve
10.33000000,1.213116644,1.509624251,4.13b,digitized_experimental_curve
10.34000000,1.215178366,1.509624251,4.13b,digitized_experimental_curve
10.35000000,1.218000807,1.509624251,4.13b,digitized_experimental_curve
10.36000000,1.200875980,1.509624251,4.13b,digitized_experimental_curve
10.37000000,1.192160126,1.515230233,4.13b,digitized_experimental_curve
10.38000000,1.190977985,1.520693580,4.13b,digitized_experimental_curve
10.39000000,1.199540399,1.516412373,4.13b,digitized_experimental_curve
10.40000000,1.193925772,1.515675426,4.13b,digitized_experimental_curve
10.41000000,1.194234814,1.517449718,4.13b,digitized_experimental_curve
10.42000000,1.207061146,1.521726602,4.13b,digitized_experimental_curve
10.43000000,1.202779939,1.521726602,4.13b,digitized_experimental_curve
10.44000000,1.203529852,1.519211042,4.13b,digitized_experimental_curve
10.45000000,1.206319877,1.516421018,4.13b,digitized_experimental_curve
10.46000000,1.202038670,1.520702225,4.13b,digitized_experimental_curve
10.47000000,1.197757463,1.521726602,4.13b,digitized_experimental_curve
10.48000000,1.196449977,1.521726602,4.13b,digitized_experimental_curve
10.49000000,1.200731184,1.521726602,4.13b,digitized_experimental_curve
10.50000000,1.205012391,1.521726602,4.13b,digitized_experimental_curve
10.51000000,1.204837339,1.523954731,4.13b,digitized_experimental_curve
10.52000000,1.199639811,1.527319617,4.13b,digitized_experimental_curve
10.53000000,1.186796191,1.523038411,4.13b,digitized_experimental_curve
10.54000000,1.179891367,1.521726602,4.13b,digitized_experimental_curve
10.55000000,1.176809590,1.521726602,4.13b,digitized_experimental_curve
10.56000000,1.176809590,1.521726602,4.13b,digitized_experimental_curve
10.57000000,1.176809590,1.518015935,4.13b,digitized_experimental_curve
10.58000000,1.178750288,1.517616125,4.13b,digitized_experimental_curve
10.59000000,1.182690036,1.521726602,4.13b,digitized_experimental_curve
10.60000000,1.178408829,1.521726602,4.13b,digitized_experimental_curve
10.61000000,1.174127622,1.521726602,4.13b,digitized_experimental_curve
10.62000000,1.170758414,1.520814604,4.13b,digitized_experimental_curve
10.63000000,1.170758414,1.516533397,4.13b,digitized_experimental_curve
10.64000000,1.170758414,1.515675426,4.13b,digitized_experimental_curve
10.65000000,1.169105146,1.515675426,4.13b,digitized_experimental_curve
10.66000000,1.164823940,1.515675426,4.13b,digitized_experimental_curve
10.67000000,1.168871744,1.515675426,4.13b,digitized_experimental_curve
10.68000000,1.165969341,1.513280890,4.13b,digitized_experimental_curve
10.69000000,1.158656063,1.510248819,4.13b,digitized_experimental_curve
10.70000000,1.158656063,1.514530025,4.13b,digitized_experimental_curve
10.71000000,1.158656063,1.512539621,4.13b,digitized_experimental_curve
10.72000000,1.157290226,1.506892577,4.13b,digitized_experimental_curve
10.73000000,1.153009019,1.498330164,4.13b,digitized_experimental_curve
10.74000000,1.152604887,1.505276049,4.13b,digitized_experimental_curve
10.75000000,1.150497781,1.507517145,4.13b,digitized_experimental_curve
10.76000000,1.146890848,1.503235938,4.13b,digitized_experimental_curve
10.77000000,1.151172055,1.498954731,4.13b,digitized_experimental_curve
10.78000000,1.149756512,1.500370274,4.13b,digitized_experimental_curve
10.79000000,1.146553711,1.502494669,4.13b,digitized_experimental_curve
10.80000000,1.146553711,1.498213462,4.13b,digitized_experimental_curve
10.81000000,1.146553711,1.490342612,4.13b,digitized_experimental_curve
10.82000000,1.146553711,1.489058898,4.13b,digitized_experimental_curve
10.83000000,1.146553711,1.497472193,4.13b,digitized_experimental_curve
10.84000000,1.146553711,1.493190987,4.13b,digitized_experimental_curve
10.85000000,1.141431823,1.491470724,4.13b,digitized_experimental_curve
10.86000000,1.134451360,1.490679749,4.13b,digitized_experimental_curve
10.87000000,1.134451360,1.486398542,4.13b,digitized_experimental_curve
10.88000000,1.134451360,1.482117335,4.13b,digitized_experimental_curve
10.89000000,1.135983604,1.480900617,4.13b,digitized_experimental_curve
10.90000000,1.140264811,1.485181823,4.13b,digitized_experimental_curve
10.91000000,1.136459054,1.477332584,4.13b,digitized_experimental_curve
10.92000000,1.134451360,1.473317197,4.13b,digitized_experimental_curve
10.93000000,1.134451360,1.472813653,4.13b,digitized_experimental_curve
10.94000000,1.134451360,1.468532446,4.13b,digitized_experimental_curve
10.95000000,1.131436578,1.467266021,4.13b,digitized_experimental_curve
10.96000000,1.127155371,1.467266021,4.13b,digitized_experimental_curve
10.97000000,1.122874164,1.467266021,4.13b,digitized_experimental_curve
10.98000000,1.129861111,1.463509970,4.13b,digitized_experimental_curve
10.99000000,1.132465278,1.461214846,4.13b,digitized_experimental_curve
11.00000000,1.128184071,1.461214846,4.13b,digitized_experimental_curve
11.01000000,1.123902864,1.461214846,4.13b,digitized_experimental_curve
11.02000000,1.127803711,1.458487494,4.13b,digitized_experimental_curve
11.03000000,1.132536595,1.455163670,4.13b,digitized_experimental_curve
11.04000000,1.123974182,1.455163670,4.13b,digitized_experimental_curve
11.05000000,1.122349009,1.451695050,4.13b,digitized_experimental_curve
11.06000000,1.122349009,1.447413843,4.13b,digitized_experimental_curve
11.07000000,1.122349009,1.443132636,4.13b,digitized_experimental_curve
11.08000000,1.118139119,1.443061319,4.13b,digitized_experimental_curve
11.09000000,1.118737754,1.440621398,4.13b,digitized_experimental_curve
11.10000000,1.121679057,1.435670240,4.13b,digitized_experimental_curve
11.11000000,1.117397850,1.427107826,4.13b,digitized_experimental_curve
11.12000000,1.113116644,1.431270171,4.13b,digitized_experimental_curve
11.13000000,1.111657878,1.434187702,4.13b,digitized_experimental_curve
11.14000000,1.115939085,1.425625288,4.13b,digitized_experimental_curve
11.15000000,1.116297833,1.424907792,4.13b,digitized_experimental_curve
11.16000000,1.114145343,1.424907792,4.13b,digitized_experimental_curve
11.17000000,1.110629178,1.424525271,4.13b,digitized_experimental_curve
11.18000000,1.114910385,1.420244064,4.13b,digitized_experimental_curve
11.19000000,1.113404074,1.415962857,4.13b,digitized_experimental_curve
11.20000000,1.110246657,1.411681651,4.13b,digitized_experimental_curve
11.21000000,1.110246657,1.407400444,4.13b,digitized_experimental_curve
11.22000000,1.110246657,1.406754265,4.13b,digitized_experimental_curve
11.23000000,1.108381599,1.404889206,4.13b,digitized_experimental_curve
11.24000000,1.104290572,1.400703089,4.13b,digitized_experimental_curve
11.25000000,1.108571778,1.400703089,4.13b,digitized_experimental_curve
11.26000000,1.110246657,1.400703089,4.13b,digitized_experimental_curve
11.27000000,1.108573940,1.399030371,4.13b,digitized_experimental_curve
11.28000000,1.100011526,1.390467958,4.13b,digitized_experimental_curve
11.29000000,1.101491903,1.388600738,4.13b,digitized_experimental_curve
11.30000000,1.102617854,1.388600738,4.13b,digitized_experimental_curve
11.31000000,1.098336647,1.388600738,4.13b,digitized_experimental_curve
11.32000000,1.102233172,1.384511872,4.13b,digitized_experimental_curve
11.33000000,1.104195482,1.382549562,4.13b,digitized_experimental_curve
11.34000000,1.103097626,1.382000634,4.13b,digitized_experimental_curve
11.35000000,1.094535212,1.377719427,4.13b,digitized_experimental_curve
11.36000000,1.095153296,1.373438220,4.13b,digitized_experimental_curve
11.37000000,1.095563912,1.369157014,4.13b,digitized_experimental_curve
11.38000000,1.087001498,1.364875807,4.13b,digitized_experimental_curve
11.39000000,1.093644825,1.364396035,4.13b,digitized_experimental_curve
11.40000000,1.098144306,1.364396035,4.13b,digitized_experimental_curve
11.41000000,1.097882809,1.363873041,4.13b,digitized_experimental_curve
11.42000000,1.093601602,1.355310627,4.13b,digitized_experimental_curve
11.43000000,1.092093130,1.352293684,4.13b,digitized_experimental_curve
11.44000000,1.091090364,1.352293684,4.13b,digitized_experimental_curve
11.45000000,1.086809157,1.352293684,4.13b,digitized_experimental_curve
11.46000000,1.086041955,1.352293684,4.13b,digitized_experimental_curve
11.47000000,1.084297920,1.348805613,4.13b,digitized_experimental_curve
11.48000000,1.080016713,1.340243200,4.13b,digitized_experimental_curve
11.49000000,1.084246052,1.344446606,4.13b,digitized_experimental_curve
11.50000000,1.086041955,1.346242508,4.13b,digitized_experimental_curve
11.51000000,1.085326619,1.345527173,4.13b,digitized_experimental_curve
11.52000000,1.081045413,1.341245966,4.13b,digitized_experimental_curve
11.53000000,1.076764206,1.336964759,4.13b,digitized_experimental_curve
11.54000000,1.075396208,1.332683552,4.13b,digitized_experimental_curve
11.55000000,1.079677415,1.328402346,4.13b,digitized_experimental_curve
11.56000000,1.079990779,1.332056823,4.13b,digitized_experimental_curve
11.57000000,1.077792906,1.331942283,4.13b,digitized_experimental_curve
11.58000000,1.074367508,1.328088981,4.13b,digitized_experimental_curve
11.59000000,1.078648715,1.328088981,4.13b,digitized_experimental_curve
11.60000000,1.077051637,1.328088981,4.13b,digitized_experimental_curve
11.61000000,1.073939604,1.326919808,4.13b,digitized_experimental_curve
11.62000000,1.073939604,1.322638601,4.13b,digitized_experimental_curve
11.63000000,1.073939604,1.318357394,4.13b,digitized_experimental_curve
11.64000000,1.073939604,1.315986630,4.13b,digitized_experimental_curve
11.65000000,1.073939604,1.315846156,4.13b,digitized_experimental_curve
11.66000000,1.073939604,1.311564949,4.13b,digitized_experimental_curve
11.67000000,1.071287892,1.307283743,4.13b,digitized_experimental_curve
11.68000000,1.068770171,1.305647764,4.13b,digitized_experimental_curve
11.69000000,1.073051377,1.314210178,4.13b,digitized_experimental_curve
11.70000000,1.070546623,1.309200669,4.13b,digitized_experimental_curve
11.71000000,1.067888428,1.302261267,4.13b,digitized_experimental_curve
11.72000000,1.067888428,1.297980060,4.13b,digitized_experimental_curve
11.73000000,1.067888428,1.297833103,4.13b,digitized_experimental_curve
11.74000000,1.067888428,1.295468822,4.13b,digitized_experimental_curve
11.75000000,1.067888428,1.291781927,4.13b,digitized_experimental_curve
11.76000000,1.067888428,1.291781927,4.13b,digitized_experimental_curve
11.77000000,1.067888428,1.291781927,4.13b,digitized_experimental_curve
11.78000000,1.067888428,1.290446346,4.13b,digitized_experimental_curve
11.79000000,1.067888428,1.286165139,4.13b,digitized_experimental_curve
11.80000000,1.067888428,1.289577570,4.13b,digitized_experimental_curve
11.81000000,1.067888428,1.289705077,4.13b,digitized_experimental_curve
11.82000000,1.067888428,1.285730751,4.13b,digitized_experimental_curve
11.83000000,1.067888428,1.285730751,4.13b,digitized_experimental_curve
11.84000000,1.067888428,1.285730751,4.13b,digitized_experimental_curve
11.85000000,1.067888428,1.284682601,4.13b,digitized_experimental_curve
11.86000000,1.067888428,1.280401395,4.13b,digitized_experimental_curve
11.87000000,1.075007204,1.276120188,4.13b,digitized_experimental_curve
11.88000000,1.072833103,1.275417819,4.13b,digitized_experimental_curve
11.89000000,1.055766626,1.279679576,4.13b,digitized_experimental_curve
11.90000000,1.051485420,1.279679576,4.13b,digitized_experimental_curve
11.91000000,1.049734901,1.277148888,4.13b,digitized_experimental_curve
11.92000000,1.050495620,1.273628400,4.13b,digitized_experimental_curve
11.93000000,1.054776827,1.273628400,4.13b,digitized_experimental_curve
11.94000000,1.055112438,1.273628400,4.13b,digitized_experimental_curve
11.95000000,1.054231013,1.272126412,4.13b,digitized_experimental_curve
11.96000000,1.053349588,1.267845205,4.13b,digitized_experimental_curve
11.97000000,1.052468164,1.271590451,4.13b,digitized_experimental_curve
11.98000000,1.051586739,1.271385143,4.13b,digitized_experimental_curve
11.99000000,1.050705314,1.267103936,4.13b,digitized_experimental_curve
12.00000000,1.049823889,1.262822729,4.13b,digitized_experimental_curve
12.01000000,1.048942464,1.261526049,4.13b,digitized_experimental_curve
12.02000000,1.048061039,1.262740606,4.13b,digitized_experimental_curve
12.03000000,1.047179614,1.267021813,4.13b,digitized_experimental_curve
12.04000000,1.046298189,1.263851429,4.13b,digitized_experimental_curve
12.05000000,1.045416764,1.259570222,4.13b,digitized_experimental_curve
12.06000000,1.044535339,1.255660731,4.13b,digitized_experimental_curve
12.07000000,1.043653914,1.259941938,4.13b,digitized_experimental_curve
12.08000000,1.042772489,1.258828953,4.13b,digitized_experimental_curve
12.09000000,1.041891064,1.255474873,4.13b,digitized_experimental_curve
12.10000000,1.041009640,1.255474873,4.13b,digitized_experimental_curve
12.11000000,1.040128215,1.255474873,4.13b,digitized_experimental_curve
12.12000000,1.039246790,1.255474873,4.13b,digitized_experimental_curve
12.13000000,1.038365365,1.255474873,4.13b,digitized_experimental_curve
12.14000000,1.037483940,1.251295240,4.13b,digitized_experimental_curve
12.15000000,1.036602515,1.251833362,4.13b,digitized_experimental_curve
12.16000000,1.035721090,1.254835178,4.13b,digitized_experimental_curve
12.17000000,1.034839665,1.250553971,4.13b,digitized_experimental_curve
12.18000000,1.033958240,1.246272764,4.13b,digitized_experimental_curve
12.19000000,1.033076815,1.246134451,4.13b,digitized_experimental_curve
12.20000000,1.032195390,1.254696865,4.13b,digitized_experimental_curve
12.21000000,1.031313965,1.247690468,4.13b,digitized_experimental_curve
12.22000000,1.030432540,1.243372522,4.13b,digitized_experimental_curve
12.23000000,1.029551115,1.243724787,4.13b,digitized_experimental_curve
12.24000000,1.028669691,1.248005994,4.13b,digitized_experimental_curve
12.25000000,1.027788266,1.246560195,4.13b,digitized_experimental_curve
12.26000000,1.026906841,1.243372522,4.13b,digitized_experimental_curve
12.27000000,1.026025416,1.243372522,4.13b,digitized_experimental_curve
12.28000000,1.025143991,1.246977294,4.13b,digitized_experimental_curve
12.29000000,1.024262566,1.247588895,4.13b,digitized_experimental_curve
12.30000000,1.023381141,1.243307688,4.13b,digitized_experimental_curve
12.31000000,1.022499716,1.239026481,4.13b,digitized_experimental_curve
12.32000000,1.021618291,1.239897418,4.13b,digitized_experimental_curve
12.33000000,1.020736866,1.241760316,4.13b,digitized_experimental_curve
12.34000000,1.019855441,1.233197902,4.13b,digitized_experimental_curve
12.35000000,1.018974016,1.234587512,4.13b,digitized_experimental_curve
12.36000000,1.018092591,1.237321346,4.13b,digitized_experimental_curve
12.37000000,1.017211167,1.237321346,4.13b,digitized_experimental_curve
12.38000000,1.016329742,1.237321346,4.13b,digitized_experimental_curve
12.39000000,1.015448317,1.237321346,4.13b,digitized_experimental_curve
12.40000000,1.014566892,1.237840018,4.13b,digitized_experimental_curve
12.41000000,1.013685467,1.242121225,4.13b,digitized_experimental_curve
12.42000000,1.013427847,1.237312702,4.13b,digitized_experimental_curve
12.43000000,1.013427847,1.232530112,4.13b,digitized_experimental_curve
12.44000000,1.013427847,1.236811319,4.13b,digitized_experimental_curve
12.45000000,1.009656668,1.237321346,4.13b,digitized_experimental_curve
12.46000000,1.009377882,1.237321346,4.13b,digitized_experimental_curve
12.47000000,1.013427847,1.237321346,4.13b,digitized_experimental_curve
12.48000000,1.013427847,1.237321346,4.13b,digitized_experimental_curve
12.49000000,1.016170326,1.234578867,4.13b,digitized_experimental_curve
12.50000000,1.018506512,1.231270171,4.13b,digitized_experimental_curve
12.51000000,1.014225305,1.231270171,4.13b,digitized_experimental_curve
12.52000000,1.016911595,1.231270171,4.13b,digitized_experimental_curve
12.53000000,1.017765243,1.229556391,4.13b,digitized_experimental_curve
12.54000000,1.013484036,1.225275184,4.13b,digitized_experimental_curve
12.55000000,1.013427847,1.225218995,4.13b,digitized_experimental_curve
12.56000000,1.010972799,1.225218995,4.13b,digitized_experimental_curve
12.57000000,1.006691592,1.224533915,4.13b,digitized_experimental_curve
12.58000000,1.002410385,1.220252709,4.13b,digitized_experimental_curve
12.59000000,1.001325496,1.222364137,4.13b,digitized_experimental_curve
12.60000000,0.999899147,1.223792646,4.13b,digitized_experimental_curve
12.61000000,0.995617940,1.219511440,4.13b,digitized_experimental_curve
12.62000000,0.999211906,1.223105406,4.13b,digitized_experimental_curve
12.63000000,1.001325496,1.223051377,4.13b,digitized_experimental_curve
12.64000000,1.000927847,1.219565468,4.13b,digitized_experimental_curve
12.65000000,0.996646640,1.223846675,4.13b,digitized_experimental_curve
12.66000000,0.995274320,1.225218995,4.13b,digitized_experimental_curve
12.67000000,0.994135402,1.224080077,4.13b,digitized_experimental_curve
12.68000000,0.989854195,1.219798870,4.13b,digitized_experimental_curve
12.69000000,0.992873300,1.219167819,4.13b,digitized_experimental_curve
12.70000000,0.991513947,1.217287633,4.13b,digitized_experimental_curve
12.71000000,0.983171969,1.213226861,4.13b,digitized_experimental_curve
12.72000000,0.983171969,1.217508068,4.13b,digitized_experimental_curve
12.73000000,0.983171969,1.216546364,4.13b,digitized_experimental_curve
12.74000000,0.983171969,1.213968130,4.13b,digitized_experimental_curve
12.75000000,0.983171969,1.218249337,4.13b,digitized_experimental_curve
12.76000000,0.983171969,1.219167819,4.13b,digitized_experimental_curve
12.77000000,0.987950236,1.217575063,4.13b,digitized_experimental_curve
12.78000000,1.000793857,1.213293857,4.13b,digitized_experimental_curve
12.79000000,1.001325496,1.213116644,4.13b,digitized_experimental_curve
12.80000000,1.005993545,1.213116644,4.13b,digitized_experimental_curve
12.81000000,1.012863791,1.213116644,4.13b,digitized_experimental_curve
12.82000000,1.008582584,1.213116644,4.13b,digitized_experimental_curve
12.83000000,1.022753141,1.213116644,4.13b,digitized_experimental_curve
12.84000000,1.037632550,1.213116644,4.13b,digitized_experimental_curve
12.85000000,1.037632550,1.213116644,4.13b,digitized_experimental_curve
12.86000000,1.037632550,1.213116644,4.13b,digitized_experimental_curve
12.87000000,1.037632550,1.211070050,4.13b,digitized_experimental_curve
12.88000000,1.037909175,1.207065468,4.13b,digitized_experimental_curve
12.89000000,1.042190382,1.207065468,4.13b,digitized_experimental_curve
12.90000000,1.043683725,1.209853331,4.13b,digitized_experimental_curve
12.91000000,1.044701619,1.212098749,4.13b,digitized_experimental_curve
12.92000000,1.048982826,1.207817543,4.13b,digitized_experimental_curve
12.93000000,1.046205769,1.207065468,4.13b,digitized_experimental_curve
12.94000000,1.034887909,1.207065468,4.13b,digitized_experimental_curve
12.95000000,1.013481875,1.207065468,4.13b,digitized_experimental_curve
12.96000000,1.013427847,1.207065468,4.13b,digitized_experimental_curve
12.97000000,1.015928279,1.204565036,4.13b,digitized_experimental_curve
12.98000000,1.019479023,1.201014292,4.13b,digitized_experimental_curve
12.99000000,1.019479023,1.201014292,4.13b,digitized_experimental_curve
13.00000000,1.003270516,1.204255994,4.13b,digitized_experimental_curve
