steps_per_cycle,delta_time_s,core_ratio,step,phase_t_over_T,active_strip_count,material_ring_count,max_abs_q_m2_s,q_l2_m2_s,max_abs_q_over_Uc,augmented_condition_number,no_penetration_max_abs,lesp_constraint_max_abs,eq9_max_abs_m2_s,material_geometry_finite,force_scoring_status,canonical_eligible
20,0.02,0.1,0,0.0,4,4,0.06493852065922635,0.10067355548367486,0.09082310581709979,82.6280720952751,6.661338147750939e-16,2.7755575615628914e-17,0.0,True,blocked_mechanical_time_march_unscored,False
20,0.02,0.1,1,0.05,0,4,0.0,0.0,0.0,2.3743250232443205,6.661338147750939e-16,0.0,0.0,True,blocked_mechanical_time_march_unscored,False
20,0.02,0.1,2,0.1,0,4,0.0,0.0,0.0,2.371592622935928,4.440892098500626e-16,0.0,0.0,True,blocked_mechanical_time_march_unscored,False
20,0.02,0.1,3,0.15,0,4,0.0,0.0,0.0,2.3659848127562917,1.1102230246251565e-16,0.0,0.0,True,blocked_mechanical_time_march_unscored,False
20,0.02,0.1,4,0.2,0,4,0.0,0.0,0.0,2.358613710070984,1.6653345369377348e-16,0.0,0.0,True,blocked_mechanical_time_march_unscored,False
20,0.02,0.1,5,0.25,3,7,0.026517190803300412,0.030619585223535174,0.037086980144476096,80.33028692145564,4.440892098500626e-16,1.3877787807814457e-17,0.0,True,blocked_mechanical_time_march_unscored,False
20,0.02,0.1,6,0.3,4,11,0.13008799812457278,0.20519822161958362,0.18194125611828357,78.727230046787,4.440892098500626e-16,2.7755575615628914e-17,0.0,True,blocked_mechanical_time_march_unscored,False
20,0.02,0.1,7,0.35,4,15,0.8223083907906081,1.0855410600709425,1.1500816654414099,158.94788320828374,4.440892098500626e-16,9.71445146547012e-17,0.0,True,blocked_mechanical_time_march_unscored,False
20,0.02,0.1,8,0.4,4,19,0.8764145438027686,1.0397089053325101,1.2257546067171587,132.6335561385267,1.1102230246251565e-15,4.163336342344337e-17,0.0,True,blocked_mechanical_time_march_unscored,False
20,0.02,0.1,9,0.45,4,23,1.3580782713590014,1.6835450321297283,1.899410169732869,143.1257473426279,1.7763568394002505e-15,9.71445146547012e-17,0.0,True,blocked_mechanical_time_march_unscored,False
20,0.02,0.25,0,0.0,4,4,0.06493852065922635,0.10067355548367486,0.09082310581709979,82.6280720952751,6.661338147750939e-16,2.7755575615628914e-17,0.0,True,blocked_mechanical_time_march_unscored,False
20,0.02,0.25,1,0.05,0,4,0.0,0.0,0.0,2.3743250232443205,4.440892098500626e-16,0.0,0.0,True,blocked_mechanical_time_march_unscored,False
20,0.02,0.25,2,0.1,0,4,0.0,0.0,0.0,2.371592622935928,2.220446049250313e-16,0.0,0.0,True,blocked_mechanical_time_march_unscored,False
20,0.02,0.25,3,0.15,0,4,0.0,0.0,0.0,2.3659848127562917,1.1102230246251565e-16,0.0,0.0,True,blocked_mechanical_time_march_unscored,False
20,0.02,0.25,4,0.2,0,4,0.0,0.0,0.0,2.358613710070984,2.220446049250313e-16,0.0,0.0,True,blocked_mechanical_time_march_unscored,False
20,0.02,0.25,5,0.25,3,7,0.02644634531808266,0.030514995665326634,0.036987895549765955,80.32995734010467,6.661338147750939e-16,2.7755575615628914e-17,0.0,True,blocked_mechanical_time_march_unscored,False
20,0.02,0.25,6,0.3,4,11,0.12781980459178896,0.20559900511337786,0.1787689574710335,79.0725343272042,8.881784197001252e-16,2.7755575615628914e-17,0.0,True,blocked_mechanical_time_march_unscored,False
20,0.02,0.25,7,0.35,4,15,0.5648234808558434,0.6345946582772429,0.7899629102878928,143.7710797941084,4.440892098500626e-16,4.163336342344337e-17,0.0,True,blocked_mechanical_time_march_unscored,False
20,0.02,0.25,8,0.4,4,19,1.4985930705838724,1.582080751250352,2.095934364452968,367.20561578962224,2.6645352591003757e-15,4.163336342344337e-17,0.0,True,blocked_mechanical_time_march_unscored,False
20,0.02,0.25,9,0.45,4,23,1.9030501558088069,2.052464389877832,2.6616086095228066,479.80176517693485,8.881784197001252e-16,5.551115123125783e-17,0.0,True,blocked_mechanical_time_march_unscored,False
20,0.02,0.49,0,0.0,4,4,0.06493852065922635,0.10067355548367486,0.09082310581709979,82.6280720952751,6.661338147750939e-16,2.7755575615628914e-17,0.0,True,blocked_mechanical_time_march_unscored,False
20,0.02,0.49,1,0.05,0,4,0.0,0.0,0.0,2.3743250232443205,4.440892098500626e-16,0.0,0.0,True,blocked_mechanical_time_march_unscored,False
20,0.02,0.49,2,0.1,0,4,0.0,0.0,0.0,2.371592622935928,1.1102230246251565e-16,0.0,0.0,True,blocked_mechanical_time_march_unscored,False
20,0.02,0.49,3,0.15,0,4,0.0,0.0,0.0,2.3659848127562917,2.220446049250313e-16,0.0,0.0,True,blocked_mechanical_time_march_unscored,False
20,0.02,0.49,4,0.2,0,4,0.0,0.0,0.0,2.358613710070984,2.220446049250313e-16,0.0,0.0,True,blocked_mechanical_time_march_unscored,False
20,0.02,0.49,5,0.25,3,7,0.026241936679799797,0.03021542750284798,0.036702009342377336,80.3290109436155,6.661338147750939e-16,1.3877787807814457e-17,0.0,True,blocked_mechanical_time_march_unscored,False
20,0.02,0.49,6,0.3,4,11,0.12759049089822272,0.20573274151471915,0.1784482390184933,79.08902848849112,8.881784197001252e-16,2.7755575615628914e-17,0.0,True,blocked_mechanical_time_march_unscored,False
20,0.02,0.49,7,0.35,4,15,0.7982899317243893,1.0039007338755728,1.1164894149991458,155.23625426436524,1.7763568394002505e-15,5.551115123125783e-17,0.0,True,blocked_mechanical_time_march_unscored,False
20,0.02,0.49,8,0.4,4,19,2.5116044343068697,2.5410553934225035,3.5127334745550622,301.8060622147566,3.552713678800501e-15,2.7755575615628914e-17,0.0,True,blocked_mechanical_time_march_unscored,False
20,0.02,0.49,9,0.45,4,23,7.426481690800968,7.787981881054232,10.386687679441913,1731.2996218424053,4.440892098500626e-15,8.326672684688674e-17,0.0,True,blocked_mechanical_time_march_unscored,False
40,0.01,0.1,0,0.0,4,4,0.05041876685350753,0.07630563041297808,0.07051575783707346,84.94014618881016,4.440892098500626e-16,1.3877787807814457e-17,0.0,True,blocked_mechanical_time_march_unscored,False
40,0.01,0.1,1,0.025,1,5,0.07552245929405786,0.07552245929405786,0.10562581719448651,66.06040667348118,2.220446049250313e-16,1.3877787807814457e-17,0.0,True,blocked_mechanical_time_march_unscored,False
40,0.01,0.1,2,0.05,0,5,0.0,0.0,0.0,2.1638598949664707,2.220446049250313e-16,0.0,0.0,True,blocked_mechanical_time_march_unscored,False
40,0.01,0.1,3,0.075,0,5,0.0,0.0,0.0,2.1631572337534926,4.440892098500626e-16,0.0,0.0,True,blocked_mechanical_time_march_unscored,False
40,0.01,0.1,4,0.1,0,5,0.0,0.0,0.0,2.1620508397054974,2.220446049250313e-16,0.0,0.0,True,blocked_mechanical_time_march_unscored,False
40,0.01,0.1,5,0.125,0,5,0.0,0.0,0.0,2.160522645482222,1.1102230246251565e-16,0.0,0.0,True,blocked_mechanical_time_march_unscored,False
40,0.01,0.1,6,0.15,0,5,0.0,0.0,0.0,2.1585787050256733,2.220446049250313e-16,0.0,0.0,True,blocked_mechanical_time_march_unscored,False
40,0.01,0.1,7,0.175,0,5,0.0,0.0,0.0,2.156271149598691,2.220446049250313e-16,0.0,0.0,True,blocked_mechanical_time_march_unscored,False
40,0.01,0.1,8,0.2,0,5,0.0,0.0,0.0,2.153715856835117,2.220446049250313e-16,0.0,0.0,True,blocked_mechanical_time_march_unscored,False
40,0.01,0.1,9,0.225,1,6,0.0012712571067799354,0.0012712571067799354,0.001777981967524385,68.46899209522765,4.440892098500626e-16,1.3877787807814457e-17,0.0,True,blocked_mechanical_time_march_unscored,False
40,0.01,0.1,10,0.25,4,10,0.048184736663392035,0.06788175658775815,0.06739124008866018,83.79019588484135,4.440892098500626e-16,1.3877787807814457e-17,0.0,True,blocked_mechanical_time_march_unscored,False
40,0.01,0.1,11,0.275,4,14,0.11806559746337764,0.1756435581316907,0.16512670973898969,80.87136401966583,8.881784197001252e-16,1.3877787807814457e-17,0.0,True,blocked_mechanical_time_march_unscored,False
40,0.01,0.1,12,0.3,4,18,0.24392475590738774,0.3658013275802757,0.3411535047655772,78.79000316087046,8.881784197001252e-16,2.7755575615628914e-17,0.0,True,blocked_mechanical_time_march_unscored,False
40,0.01,0.1,13,0.325,4,22,0.6225925864536339,0.9407812434199294,0.8707588621729144,76.35552227617121,1.7763568394002505e-15,4.163336342344337e-17,0.0,True,blocked_mechanical_time_march_unscored,False
40,0.01,0.1,14,0.35,4,26,1.2745963406006782,1.8560625118755263,1.782652224616333,78.59754064058973,2.6645352591003757e-15,2.498001805406602e-16,0.0,True,blocked_mechanical_time_march_unscored,False
40,0.01,0.1,15,0.375,4,30,1.1963097081825742,1.7412469767118215,1.6731604310245791,81.7769926622338,3.552713678800501e-15,1.249000902703301e-16,0.0,True,blocked_mechanical_time_march_unscored,False
40,0.01,0.1,16,0.4,4,34,1.0578377884257055,1.8858622736367723,1.479493410385602,91.38795679957497,1.7763568394002505e-15,1.5265566588595902e-16,0.0,True,blocked_mechanical_time_march_unscored,False
40,0.01,0.1,17,0.425,4,38,1.0443931830673077,1.8936788113262337,1.4606897665277028,94.6230087494444,3.552713678800501e-15,1.942890293094024e-16,0.0,True,blocked_mechanical_time_march_unscored,False
40,0.01,0.1,18,0.45,4,42,1.1459999119749456,1.7978497471534676,1.6027970796852384,90.8690939884334,3.552713678800501e-15,1.8041124150158794e-16,0.0,True,blocked_mechanical_time_march_unscored,False
40,0.01,0.1,19,0.475,4,46,2.3949511442056837,2.568241887786307,3.349582019868089,85.28469329945621,3.552713678800501e-15,2.914335439641036e-16,0.0,True,blocked_mechanical_time_march_unscored,False
40,0.01,0.25,0,0.0,4,4,0.05041876685350753,0.07630563041297808,0.07051575783707346,84.94014618881016,4.440892098500626e-16,1.3877787807814457e-17,0.0,True,blocked_mechanical_time_march_unscored,False
40,0.01,0.25,1,0.025,0,4,0.0,0.0,0.0,2.1641834767402273,2.220446049250313e-16,0.0,0.0,True,blocked_mechanical_time_march_unscored,False
40,0.01,0.25,2,0.05,0,4,0.0,0.0,0.0,2.1638598949664707,2.220446049250313e-16,0.0,0.0,True,blocked_mechanical_time_march_unscored,False
40,0.01,0.25,3,0.075,0,4,0.0,0.0,0.0,2.1631572337534926,2.220446049250313e-16,0.0,0.0,True,blocked_mechanical_time_march_unscored,False
40,0.01,0.25,4,0.1,0,4,0.0,0.0,0.0,2.1620508397054974,2.220446049250313e-16,0.0,0.0,True,blocked_mechanical_time_march_unscored,False
40,0.01,0.25,5,0.125,0,4,0.0,0.0,0.0,2.160522645482222,2.220446049250313e-16,0.0,0.0,True,blocked_mechanical_time_march_unscored,False
40,0.01,0.25,6,0.15,0,4,0.0,0.0,0.0,2.1585787050256733,1.1102230246251565e-16,0.0,0.0,True,blocked_mechanical_time_march_unscored,False
40,0.01,0.25,7,0.175,0,4,0.0,0.0,0.0,2.156271149598691,3.3306690738754696e-16,0.0,0.0,True,blocked_mechanical_time_march_unscored,False
40,0.01,0.25,8,0.2,0,4,0.0,0.0,0.0,2.153715856835117,3.3306690738754696e-16,0.0,0.0,True,blocked_mechanical_time_march_unscored,False
40,0.01,0.25,9,0.225,1,5,0.0008954315184548056,0.0008954315184548056,0.001252351774062665,68.46868480420986,2.220446049250313e-16,1.3877787807814457e-17,0.0,True,blocked_mechanical_time_march_unscored,False
40,0.01,0.25,10,0.25,4,9,0.04776139606087149,0.06735468279812265,0.0667991553298902,83.79004352918311,4.440892098500626e-16,2.7755575615628914e-17,0.0,True,blocked_mechanical_time_march_unscored,False
40,0.01,0.25,11,0.275,4,13,0.11775440101096253,0.17656160638373333,0.16469146994540212,80.72086012965666,8.881784197001252e-16,4.163336342344337e-17,0.0,True,blocked_mechanical_time_march_unscored,False
40,0.01,0.25,12,0.3,4,17,0.2423741093850756,0.36043140616936625,0.33898476837073505,78.83408116001236,1.3322676295501878e-15,2.7755575615628914e-17,0.0,True,blocked_mechanical_time_march_unscored,False
40,0.01,0.25,13,0.325,4,21,0.4254937695839233,0.7412137630607732,0.5950961812362563,76.20867373494846,1.7763568394002505e-15,9.71445146547012e-17,0.0,True,blocked_mechanical_time_march_unscored,False
40,0.01,0.25,14,0.35,4,25,1.8759412717838977,2.24532960391132,2.6236940864110454,79.48978382624776,3.552713678800501e-15,4.3021142204224816e-16,0.0,True,blocked_mechanical_time_march_unscored,False
40,0.01,0.25,15,0.375,4,29,1.459467176356184,2.043520823170007,2.0412128340645928,86.08110548507794,1.7763568394002505e-15,2.636779683484747e-16,0.0,True,blocked_mechanical_time_march_unscored,False
40,0.01,0.25,16,0.4,4,33,1.2512596885523999,2.0952630889603627,1.7500135504229366,82.98907108792251,1.7763568394002505e-15,3.469446951953614e-16,0.0,True,blocked_mechanical_time_march_unscored,False
40,0.01,0.25,17,0.425,4,37,1.1887566651598078,2.078451697642442,1.6625967344892416,89.88695688695468,3.552713678800501e-15,8.326672684688674e-17,0.0,True,blocked_mechanical_time_march_unscored,False
40,0.01,0.25,18,0.45,4,41,1.678809940899253,2.4552769273771844,2.347985931327626,88.04933002536985,1.7763568394002505e-15,1.942890293094024e-16,0.0,True,blocked_mechanical_time_march_unscored,False
40,0.01,0.25,19,0.475,4,45,1.9269686807923914,3.26666573661641,2.69506109201733,85.88450779365573,7.105427357601002e-15,5.689893001203927e-16,0.0,True,blocked_mechanical_time_march_unscored,False
40,0.01,0.49,0,0.0,4,4,0.05041876685350753,0.07630563041297808,0.07051575783707346,84.94014618881016,4.440892098500626e-16,1.3877787807814457e-17,0.0,True,blocked_mechanical_time_march_unscored,False
40,0.01,0.49,1,0.025,0,4,0.0,0.0,0.0,2.1641834767402273,2.220446049250313e-16,0.0,0.0,True,blocked_mechanical_time_march_unscored,False
40,0.01,0.49,2,0.05,0,4,0.0,0.0,0.0,2.1638598949664707,4.440892098500626e-16,0.0,0.0,True,blocked_mechanical_time_march_unscored,False
40,0.01,0.49,3,0.075,0,4,0.0,0.0,0.0,2.1631572337534926,4.440892098500626e-16,0.0,0.0,True,blocked_mechanical_time_march_unscored,False
40,0.01,0.49,4,0.1,0,4,0.0,0.0,0.0,2.1620508397054974,2.220446049250313e-16,0.0,0.0,True,blocked_mechanical_time_march_unscored,False
40,0.01,0.49,5,0.125,0,4,0.0,0.0,0.0,2.160522645482222,1.1102230246251565e-16,0.0,0.0,True,blocked_mechanical_time_march_unscored,False
40,0.01,0.49,6,0.15,0,4,0.0,0.0,0.0,2.1585787050256733,1.1102230246251565e-16,0.0,0.0,True,blocked_mechanical_time_march_unscored,False
40,0.01,0.49,7,0.175,0,4,0.0,0.0,0.0,2.156271149598691,5.551115123125783e-16,0.0,0.0,True,blocked_mechanical_time_march_unscored,False
40,0.01,0.49,8,0.2,0,4,0.0,0.0,0.0,2.153715856835117,4.440892098500626e-16,0.0,0.0,True,blocked_mechanical_time_march_unscored,False
40,0.01,0.49,9,0.225,1,5,0.0007330431159822797,0.0007330431159822797,0.0010252351272479435,68.46855211776916,2.220446049250313e-16,1.3877787807814457e-17,0.0,True,blocked_mechanical_time_march_unscored,False
40,0.01,0.49,10,0.25,4,9,0.04756380974484464,0.0671022124045721,0.06652281083195054,83.78995513130745,6.661338147750939e-16,1.3877787807814457e-17,0.0,True,blocked_mechanical_time_march_unscored,False
40,0.01,0.49,11,0.275,4,13,0.11770348717954292,0.17743221941216838,0.16462026178957048,80.60990038857533,8.881784197001252e-16,2.7755575615628914e-17,0.0,True,blocked_mechanical_time_march_unscored,False
40,0.01,0.49,12,0.3,4,17,0.23857113240479635,0.34316217082941114,0.3336659194472676,79.10668317423811,8.881784197001252e-16,4.163336342344337e-17,0.0,True,blocked_mechanical_time_march_unscored,False
40,0.01,0.49,13,0.325,4,21,0.37779076372891945,0.6079434214483733,0.5283786905299572,76.10407717704615,8.881784197001252e-16,1.1102230246251565e-16,0.0,True,blocked_mechanical_time_march_unscored,False
40,0.01,0.49,14,0.35,4,25,0.87873185465564,1.16577390306698,1.228995600916979,77.27134329424898,1.7763568394002505e-15,2.0816681711721685e-16,0.0,True,blocked_mechanical_time_march_unscored,False
40,0.01,0.49,15,0.375,3,28,0.6471234330087671,0.9770645192317038,0.9050677384738,78.65015539958904,3.552713678800501e-15,1.1102230246251565e-16,0.0,True,blocked_mechanical_time_march_unscored,False
40,0.01,0.49,16,0.4,4,32,1.7650230169866776,2.07274991685986,2.468563660121227,84.08541220355926,3.552713678800501e-15,1.942890293094024e-16,0.0,True,blocked_mechanical_time_march_unscored,False
40,0.01,0.49,17,0.425,3,35,1.2820114693649456,1.62971985334646,1.7930230340768467,78.9918525754285,3.552713678800501e-15,2.3592239273284576e-16,0.0,True,blocked_mechanical_time_march_unscored,False
40,0.01,0.49,18,0.45,3,38,0.5556069839978787,0.8236029687192937,0.7770727048921379,86.92010287157875,1.7763568394002505e-15,5.551115123125783e-17,0.0,True,blocked_mechanical_time_march_unscored,False
40,0.01,0.49,19,0.475,4,42,1.2904625603088518,1.8463549642538808,1.8048427416907016,112.68092621557692,8.881784197001252e-16,9.71445146547012e-17,0.0,True,blocked_mechanical_time_march_unscored,False
80,0.005,0.1,0,0.0,4,4,0.041625737414392544,0.061716923416499446,0.05821781456558397,87.98412739420374,8.881784197001252e-16,2.7755575615628914e-17,0.0,True,blocked_mechanical_time_march_unscored,False
80,0.005,0.1,1,0.0125,0,4,0.0,0.0,0.0,2.0762853912477652,3.3306690738754696e-16,0.0,0.0,True,blocked_mechanical_time_march_unscored,False
80,0.005,0.1,2,0.025,1,5,0.10604539381815375,0.10604539381815375,0.14831523610930594,71.19981887914963,2.220446049250313e-16,2.7755575615628914e-17,0.0,True,blocked_mechanical_time_march_unscored,False
80,0.005,0.1,3,0.0375,0,5,0.0,0.0,0.0,2.0762367274633555,4.440892098500626e-16,0.0,0.0,True,blocked_mechanical_time_march_unscored,False
80,0.005,0.1,4,0.05,1,6,0.0029737105974334877,0.0029737105974334877,0.004159035800606276,71.23266458450111,4.440892098500626e-16,1.3877787807814457e-17,0.0,True,blocked_mechanical_time_march_unscored,False
80,0.005,0.1,5,0.0625,0,6,0.0,0.0,0.0,2.0761079141809664,2.220446049250313e-16,0.0,0.0,True,blocked_mechanical_time_march_unscored,False
80,0.005,0.1,6,0.075,0,6,0.0,0.0,0.0,2.0760102928366715,8.881784197001252e-16,0.0,0.0,True,blocked_mechanical_time_march_unscored,False
80,0.005,0.1,7,0.0875,0,6,0.0,0.0,0.0,2.0758881999272565,6.661338147750939e-16,0.0,0.0,True,blocked_mechanical_time_march_unscored,False
80,0.005,0.1,8,0.1,0,6,0.0,0.0,0.0,2.0757394808346583,2.220446049250313e-16,0.0,0.0,True,blocked_mechanical_time_march_unscored,False
80,0.005,0.1,9,0.1125,0,6,0.0,0.0,0.0,2.07556166700944,6.661338147750939e-16,0.0,0.0,True,blocked_mechanical_time_march_unscored,False
80,0.005,0.1,10,0.125,0,6,0.0,0.0,0.0,2.0753520124241676,2.220446049250313e-16,0.0,0.0,True,blocked_mechanical_time_march_unscored,False
80,0.005,0.1,11,0.1375,0,6,0.0,0.0,0.0,2.0751075693938126,1.1102230246251565e-16,0.0,0.0,True,blocked_mechanical_time_march_unscored,False
80,0.005,0.1,12,0.15,0,6,0.0,0.0,0.0,2.0748253257661964,2.220446049250313e-16,0.0,0.0,True,blocked_mechanical_time_march_unscored,False
80,0.005,0.1,13,0.1625,0,6,0.0,0.0,0.0,2.0745024302640225,2.220446049250313e-16,0.0,0.0,True,blocked_mechanical_time_march_unscored,False
80,0.005,0.1,14,0.175,0,6,0.0,0.0,0.0,2.07413653022172,2.220446049250313e-16,0.0,0.0,True,blocked_mechanical_time_march_unscored,False
80,0.005,0.1,15,0.1875,0,6,0.0,0.0,0.0,2.073726227289837,3.3306690738754696e-16,0.0,0.0,True,blocked_mechanical_time_march_unscored,False
80,0.005,0.1,16,0.2,0,6,0.0,0.0,0.0,2.0732716145080254,4.440892098500626e-16,0.0,0.0,True,blocked_mechanical_time_march_unscored,False
80,0.005,0.1,17,0.2125,0,6,0.0,0.0,0.0,2.0727747963556444,3.3306690738754696e-16,0.0,0.0,True,blocked_mechanical_time_march_unscored,False
80,0.005,0.1,18,0.225,1,7,0.013105469517338167,0.013105469517338167,0.018329327996277154,71.62739623537914,2.220446049250313e-16,1.3877787807814457e-17,0.0,True,blocked_mechanical_time_march_unscored,False
80,0.005,0.1,19,0.2375,3,10,0.03602934146705651,0.04741525621095974,0.050390687366512595,84.53357620033083,8.881784197001252e-16,1.3877787807814457e-17,0.0,True,blocked_mechanical_time_march_unscored,False
80,0.005,0.1,20,0.25,4,14,0.0720522730024068,0.09645272774305402,0.10077240979357593,85.50651845376223,4.440892098500626e-16,2.7755575615628914e-17,0.0,True,blocked_mechanical_time_march_unscored,False
80,0.005,0.1,21,0.2625,4,18,0.14821533243968346,0.20053733538104448,0.20729417124431251,85.68562663659446,4.440892098500626e-16,1.3877787807814457e-17,0.0,True,blocked_mechanical_time_march_unscored,False
80,0.005,0.1,22,0.275,4,22,0.3554821266011311,0.4546189704111696,0.49717779944214135,82.35573240171016,8.881784197001252e-16,8.326672684688674e-17,0.0,True,blocked_mechanical_time_march_unscored,False
80,0.005,0.1,23,0.2875,4,26,0.46871880228409557,0.5900535081967128,0.6555507724253085,83.83247835797592,1.3322676295501878e-15,6.938893903907228e-17,0.0,True,blocked_mechanical_time_march_unscored,False
80,0.005,0.1,24,0.3,4,30,2.9225896634509247,3.17718719603929,4.087537990840453,83.74478569754523,1.2878587085651816e-14,2.498001805406602e-16,0.0,True,blocked_mechanical_time_march_unscored,False
80,0.005,0.1,25,0.3125,4,34,0.6172471249003023,1.1010563718100146,0.8632826921682549,95.33120440895914,1.7763568394002505e-15,9.71445146547012e-17,0.0,True,blocked_mechanical_time_march_unscored,False
80,0.005,0.1,26,0.325,4,38,1.0064129826945138,1.1240033221860801,1.4075706051671522,85.60938829231978,1.7763568394002505e-15,1.1102230246251565e-16,0.0,True,blocked_mechanical_time_march_unscored,False
80,0.005,0.1,27,0.3375,4,42,2.5806026246711453,3.0716389123156325,3.6092344400995033,95.11050256345895,7.993605777301127e-15,1.6653345369377348e-16,0.0,True,blocked_mechanical_time_march_unscored,False
80,0.005,0.1,28,0.35,2,44,0.24757545009526227,0.3465811915231542,0.34625937076260455,74.08791874326377,1.7763568394002505e-15,4.163336342344337e-17,0.0,True,blocked_mechanical_time_march_unscored,False
80,0.005,0.1,29,0.3625,3,47,0.4390939448778627,0.6981046976477973,0.6141174054235841,85.60573944793934,3.552713678800501e-15,8.326672684688674e-17,0.0,True,blocked_mechanical_time_march_unscored,False
80,0.005,0.1,30,0.375,4,51,0.4139479416948384,0.7241591718428191,0.5789481702025712,86.10594340212035,3.552713678800501e-15,9.71445146547012e-17,0.0,True,blocked_mechanical_time_march_unscored,False
80,0.005,0.1,31,0.3875,4,55,0.45802645279641957,0.7986430243652036,0.6405964374775098,92.56376129387343,3.552713678800501e-15,2.7755575615628914e-17,0.0,True,blocked_mechanical_time_march_unscored,False
80,0.005,0.1,32,0.4,4,59,0.5721372583131911,0.9748904610227114,0.8001919696687986,88.28119691067408,3.552713678800501e-15,4.163336342344337e-17,0.0,True,blocked_mechanical_time_march_unscored,False
80,0.005,0.1,33,0.4125,4,63,0.6725409038375071,1.0302465351755117,0.940616648723786,86.75874862404541,2.6645352591003757e-15,1.249000902703301e-16,0.0,True,blocked_mechanical_time_march_unscored,False
80,0.005,0.1,34,0.425,4,67,0.6221878171297572,1.1384565924553198,0.8701927512304296,84.99513729998449,3.552713678800501e-15,4.163336342344337e-17,0.0,True,blocked_mechanical_time_march_unscored,False
80,0.005,0.1,35,0.4375,4,71,0.7307307190928046,1.155251018693411,1.0220010057242022,87.73395092495612,1.7763568394002505e-15,1.942890293094024e-16,0.0,True,blocked_mechanical_time_march_unscored,False
80,0.005,0.1,36,0.45,4,75,0.769481131553545,1.2060104414647674,1.0761973867881747,87.34348127129859,1.7763568394002505e-15,4.163336342344337e-17,0.0,True,blocked_mechanical_time_march_unscored,False
80,0.005,0.1,37,0.4625,4,79,1.0060547493501266,1.6992287163744415,1.4070695795106665,100.5920915048412,1.7763568394002505e-15,8.326672684688674e-17,0.0,True,blocked_mechanical_time_march_unscored,False
80,0.005,0.1,38,0.475,4,83,1.4260528964511707,2.4020193060152835,1.9944795754561826,85.4937313663061,3.552713678800501e-15,2.3592239273284576e-16,0.0,True,blocked_mechanical_time_march_unscored,False
80,0.005,0.1,39,0.4875,4,87,1.6709414315264284,2.174460914182829,2.3369810231138857,87.14467239699309,3.552713678800501e-15,1.5265566588595902e-16,0.0,True,blocked_mechanical_time_march_unscored,False
80,0.005,0.25,0,0.0,4,4,0.041625737414392544,0.061716923416499446,0.05821781456558397,87.98412739420374,8.881784197001252e-16,2.7755575615628914e-17,0.0,True,blocked_mechanical_time_march_unscored,False
80,0.005,0.25,1,0.0125,0,4,0.0,0.0,0.0,2.0762853912477652,2.220446049250313e-16,0.0,0.0,True,blocked_mechanical_time_march_unscored,False
80,0.005,0.25,2,0.025,0,4,0.0,0.0,0.0,2.0762706032666944,4.440892098500626e-16,0.0,0.0,True,blocked_mechanical_time_march_unscored,False
80,0.005,0.25,3,0.0375,0,4,0.0,0.0,0.0,2.0762367274633555,2.220446049250313e-16,0.0,0.0,True,blocked_mechanical_time_march_unscored,False
80,0.005,0.25,4,0.05,0,4,0.0,0.0,0.0,2.076182891854055,4.440892098500626e-16,0.0,0.0,True,blocked_mechanical_time_march_unscored,False
80,0.005,0.25,5,0.0625,0,4,0.0,0.0,0.0,2.0761079141809664,2.220446049250313e-16,0.0,0.0,True,blocked_mechanical_time_march_unscored,False
80,0.005,0.25,6,0.075,0,4,0.0,0.0,0.0,2.0760102928366715,4.440892098500626e-16,0.0,0.0,True,blocked_mechanical_time_march_unscored,False
80,0.005,0.25,7,0.0875,0,4,0.0,0.0,0.0,2.0758881999272565,3.3306690738754696e-16,0.0,0.0,True,blocked_mechanical_time_march_unscored,False
80,0.005,0.25,8,0.1,0,4,0.0,0.0,0.0,2.0757394808346583,3.3306690738754696e-16,0.0,0.0,True,blocked_mechanical_time_march_unscored,False
80,0.005,0.25,9,0.1125,0,4,0.0,0.0,0.0,2.07556166700944,4.440892098500626e-16,0.0,0.0,True,blocked_mechanical_time_march_unscored,False
80,0.005,0.25,10,0.125,0,4,0.0,0.0,0.0,2.0753520124241676,2.220446049250313e-16,0.0,0.0,True,blocked_mechanical_time_march_unscored,False
80,0.005,0.25,11,0.1375,0,4,0.0,0.0,0.0,2.0751075693938126,2.220446049250313e-16,0.0,0.0,True,blocked_mechanical_time_march_unscored,False
80,0.005,0.25,12,0.15,0,4,0.0,0.0,0.0,2.0748253257661964,2.220446049250313e-16,0.0,0.0,True,blocked_mechanical_time_march_unscored,False
80,0.005,0.25,13,0.1625,0,4,0.0,0.0,0.0,2.0745024302640225,1.6653345369377348e-16,0.0,0.0,True,blocked_mechanical_time_march_unscored,False
80,0.005,0.25,14,0.175,0,4,0.0,0.0,0.0,2.07413653022172,2.220446049250313e-16,0.0,0.0,True,blocked_mechanical_time_march_unscored,False
80,0.005,0.25,15,0.1875,0,4,0.0,0.0,0.0,2.073726227289837,5.551115123125783e-16,0.0,0.0,True,blocked_mechanical_time_march_unscored,False
80,0.005,0.25,16,0.2,0,4,0.0,0.0,0.0,2.0732716145080254,4.440892098500626e-16,0.0,0.0,True,blocked_mechanical_time_march_unscored,False
80,0.005,0.25,17,0.2125,0,4,0.0,0.0,0.0,2.0727747963556444,4.440892098500626e-16,0.0,0.0,True,blocked_mechanical_time_march_unscored,False
80,0.005,0.25,18,0.225,1,5,0.013528510015444936,0.013528510015444936,0.018920993028594315,71.62755203139857,4.440892098500626e-16,1.3877787807814457e-17,0.0,True,blocked_mechanical_time_march_unscored,False
80,0.005,0.25,19,0.2375,3,8,0.03633844330175226,0.04792042569068746,0.05082299762482833,84.5336364833462,1.1102230246251565e-15,1.3877787807814457e-17,0.0,True,blocked_mechanical_time_march_unscored,False
80,0.005,0.25,20,0.25,4,12,0.07260362453015504,0.09712631756920909,0.10154353081140563,85.50622779061065,6.661338147750939e-16,1.3877787807814457e-17,0.0,True,blocked_mechanical_time_march_unscored,False
80,0.005,0.25,21,0.2625,4,16,0.1501431658872236,0.20247617189798517,0.2099904418003127,85.48110033184919,4.440892098500626e-16,2.7755575615628914e-17,0.0,True,blocked_mechanical_time_march_unscored,False
80,0.005,0.25,22,0.275,4,20,0.36272538124969544,0.4626092155905452,0.5073082255240495,82.28524212217852,8.881784197001252e-16,1.3877787807814457e-17,0.0,True,blocked_mechanical_time_march_unscored,False
80,0.005,0.25,23,0.2875,4,24,0.4652150863669916,0.5898093261642331,0.6506504704433448,83.86987070326455,1.7763568394002505e-15,4.163336342344337e-17,0.0,True,blocked_mechanical_time_march_unscored,False
80,0.005,0.25,24,0.3,4,28,0.7504004229115612,1.1058804488746243,1.0495110809951904,83.69707755765276,1.7763568394002505e-15,1.249000902703301e-16,0.0,True,blocked_mechanical_time_march_unscored,False
80,0.005,0.25,25,0.3125,4,32,0.8317110776931743,1.077127475688092,1.16323227649395,84.70134106379336,2.6645352591003757e-15,9.71445146547012e-17,0.0,True,blocked_mechanical_time_march_unscored,False
80,0.005,0.25,26,0.325,4,36,0.7578616954857742,1.1484140034989831,1.059946427252831,91.47264869746711,1.3322676295501878e-15,1.249000902703301e-16,0.0,True,blocked_mechanical_time_march_unscored,False
80,0.005,0.25,27,0.3375,4,40,1.144986823391028,1.622792585392569,1.6013801725748642,86.8258977410854,7.105427357601002e-15,1.249000902703301e-16,0.0,True,blocked_mechanical_time_march_unscored,False
80,0.005,0.25,28,0.35,4,44,1.2613918281669974,1.5848377936190554,1.7641843750587374,87.26571120335959,3.552713678800501e-15,1.5265566588595902e-16,0.0,True,blocked_mechanical_time_march_unscored,False
80,0.005,0.25,29,0.3625,4,48,0.7683001368268384,1.3700014938454312,1.074545645911662,84.43498851707716,7.105427357601002e-15,1.249000902703301e-16,0.0,True,blocked_mechanical_time_march_unscored,False
80,0.005,0.25,30,0.375,4,52,1.5584197428730173,2.033714430284528,2.1796080319902336,86.14811919428158,5.329070518200751e-15,3.191891195797325e-16,0.0,True,blocked_mechanical_time_march_unscored,False
80,0.005,0.25,31,0.3875,4,56,1.1001469031397615,1.6950480630465348,1.5386669973982676,91.1863323657731,1.7763568394002505e-15,1.8041124150158794e-16,0.0,True,blocked_mechanical_time_march_unscored,False
80,0.005,0.25,32,0.4,3,59,1.2234333494009215,1.6630966876303506,1.7110955935677221,78.43447863133487,2.220446049250313e-15,1.6653345369377348e-16,0.0,True,blocked_mechanical_time_march_unscored,False
80,0.005,0.25,33,0.4125,3,62,1.1919192329672805,1.5018214881861691,1.6670199062479447,84.84309010741957,1.7763568394002505e-15,8.326672684688674e-17,0.0,True,blocked_mechanical_time_march_unscored,False
80,0.005,0.25,34,0.425,3,65,0.8230658109936497,1.0511356963339593,1.1511409943967128,79.80272950690454,2.6645352591003757e-15,6.938893903907228e-17,0.0,True,blocked_mechanical_time_march_unscored,False
80,0.005,0.25,35,0.4375,3,68,0.43529307175769055,0.5510842681882415,0.6088014989618049,83.86731415125692,1.7763568394002505e-15,5.551115123125783e-17,0.0,True,blocked_mechanical_time_march_unscored,False
80,0.005,0.25,36,0.45,4,72,1.1058327613850274,1.4535280701062974,1.5466192466923459,85.18908792628478,4.884981308350689e-15,1.6653345369377348e-16,0.0,True,blocked_mechanical_time_march_unscored,False
80,0.005,0.25,37,0.4625,4,76,1.2996334557871327,1.722552318988766,1.8176691689330526,90.63119045893625,3.552713678800501e-15,5.551115123125783e-17,0.0,True,blocked_mechanical_time_march_unscored,False
80,0.005,0.25,38,0.475,4,80,0.8832723295208523,1.0716956028640479,1.2353459154137794,93.62207324570034,3.552713678800501e-15,4.163336342344337e-17,0.0,True,blocked_mechanical_time_march_unscored,False
80,0.005,0.25,39,0.4875,4,84,0.463907162293048,0.6613256147145694,0.6488212060042629,86.14088268227869,1.7763568394002505e-15,4.163336342344337e-17,0.0,True,blocked_mechanical_time_march_unscored,False
80,0.005,0.49,0,0.0,4,4,0.041625737414392544,0.061716923416499446,0.05821781456558397,87.98412739420374,8.881784197001252e-16,2.7755575615628914e-17,0.0,True,blocked_mechanical_time_march_unscored,False
80,0.005,0.49,1,0.0125,0,4,0.0,0.0,0.0,2.0762853912477652,1.1102230246251565e-16,0.0,0.0,True,blocked_mechanical_time_march_unscored,False
80,0.005,0.49,2,0.025,0,4,0.0,0.0,0.0,2.0762706032666944,2.220446049250313e-16,0.0,0.0,True,blocked_mechanical_time_march_unscored,False
80,0.005,0.49,3,0.0375,0,4,0.0,0.0,0.0,2.0762367274633555,2.220446049250313e-16,0.0,0.0,True,blocked_mechanical_time_march_unscored,False
80,0.005,0.49,4,0.05,0,4,0.0,0.0,0.0,2.076182891854055,4.440892098500626e-16,0.0,0.0,True,blocked_mechanical_time_march_unscored,False
80,0.005,0.49,5,0.0625,0,4,0.0,0.0,0.0,2.0761079141809664,6.661338147750939e-16,0.0,0.0,True,blocked_mechanical_time_march_unscored,False
80,0.005,0.49,6,0.075,0,4,0.0,0.0,0.0,2.0760102928366715,4.440892098500626e-16,0.0,0.0,True,blocked_mechanical_time_march_unscored,False
80,0.005,0.49,7,0.0875,0,4,0.0,0.0,0.0,2.0758881999272565,4.440892098500626e-16,0.0,0.0,True,blocked_mechanical_time_march_unscored,False
80,0.005,0.49,8,0.1,0,4,0.0,0.0,0.0,2.0757394808346583,2.220446049250313e-16,0.0,0.0,True,blocked_mechanical_time_march_unscored,False
80,0.005,0.49,9,0.1125,0,4,0.0,0.0,0.0,2.07556166700944,4.440892098500626e-16,0.0,0.0,True,blocked_mechanical_time_march_unscored,False
80,0.005,0.49,10,0.125,0,4,0.0,0.0,0.0,2.0753520124241676,4.440892098500626e-16,0.0,0.0,True,blocked_mechanical_time_march_unscored,False
80,0.005,0.49,11,0.1375,0,4,0.0,0.0,0.0,2.0751075693938126,1.1102230246251565e-16,0.0,0.0,True,blocked_mechanical_time_march_unscored,False
80,0.005,0.49,12,0.15,0,4,0.0,0.0,0.0,2.0748253257661964,5.551115123125783e-16,0.0,0.0,True,blocked_mechanical_time_march_unscored,False
80,0.005,0.49,13,0.1625,0,4,0.0,0.0,0.0,2.0745024302640225,2.220446049250313e-16,0.0,0.0,True,blocked_mechanical_time_march_unscored,False
80,0.005,0.49,14,0.175,0,4,0.0,0.0,0.0,2.07413653022172,2.220446049250313e-16,0.0,0.0,True,blocked_mechanical_time_march_unscored,False
80,0.005,0.49,15,0.1875,0,4,0.0,0.0,0.0,2.073726227289837,2.220446049250313e-16,0.0,0.0,True,blocked_mechanical_time_march_unscored,False
80,0.005,0.49,16,0.2,0,4,0.0,0.0,0.0,2.0732716145080254,2.220446049250313e-16,0.0,0.0,True,blocked_mechanical_time_march_unscored,False
80,0.005,0.49,17,0.2125,0,4,0.0,0.0,0.0,2.0727747963556444,6.661338147750939e-16,0.0,0.0,True,blocked_mechanical_time_march_unscored,False
80,0.005,0.49,18,0.225,1,5,0.01369163561095731,0.01369163561095731,0.019149140714625607,71.62761213643189,3.3306690738754696e-16,1.3877787807814457e-17,0.0,True,blocked_mechanical_time_march_unscored,False
80,0.005,0.49,19,0.2375,3,8,0.0364599975742118,0.048119024600663605,0.05099300360029621,84.5337808915003,4.440892098500626e-16,1.3877787807814457e-17,0.0,True,blocked_mechanical_time_march_unscored,False
80,0.005,0.49,20,0.25,4,12,0.07282166647377997,0.0973968212165431,0.10184848457871323,85.50651749420238,8.881784197001252e-16,2.7755575615628914e-17,0.0,True,blocked_mechanical_time_march_unscored,False
80,0.005,0.49,21,0.2625,4,16,0.14687250620646908,0.19944750778593248,0.20541609259646024,84.47129879129606,8.881784197001252e-16,1.3877787807814457e-17,0.0,True,blocked_mechanical_time_march_unscored,False
80,0.005,0.49,22,0.275,4,20,0.34747504478271796,0.45053415761820514,0.4859790836121929,82.42571653974373,8.881784197001252e-16,5.551115123125783e-17,0.0,True,blocked_mechanical_time_march_unscored,False
80,0.005,0.49,23,0.2875,4,24,0.43268119141587763,0.5800691104673548,0.6051485194627658,84.06538064302991,1.3322676295501878e-15,4.163336342344337e-17,0.0,True,blocked_mechanical_time_march_unscored,False
80,0.005,0.49,24,0.3,4,28,0.5619721599575482,0.7821496337830395,0.7859750488916758,83.88304463740819,1.3322676295501878e-15,5.551115123125783e-17,0.0,True,blocked_mechanical_time_march_unscored,False
80,0.005,0.49,25,0.3125,4,32,0.5262742836113705,0.7762092484941638,0.7360479491068118,87.14685631697564,8.881784197001252e-16,1.249000902703301e-16,0.0,True,blocked_mechanical_time_march_unscored,False
80,0.005,0.49,26,0.325,4,36,0.6766261093352223,1.1952203371259418,0.9463302228464646,86.91262764218502,3.552713678800501e-15,1.249000902703301e-16,0.0,True,blocked_mechanical_time_march_unscored,False
80,0.005,0.49,27,0.3375,4,40,0.7331921336233707,1.2431942738538233,1.0254435435291895,89.96885971721663,2.6645352591003757e-15,6.938893903907228e-17,0.0,True,blocked_mechanical_time_march_unscored,False
80,0.005,0.49,28,0.35,4,44,0.7908147798771428,1.245219327285744,1.1060346571708288,89.17812743516663,1.7763568394002505e-15,9.71445146547012e-17,0.0,True,blocked_mechanical_time_march_unscored,False
80,0.005,0.49,29,0.3625,4,48,0.8092296796652546,1.2323137609768893,1.1317897617695867,88.55830693464718,3.552713678800501e-15,2.0816681711721685e-16,0.0,True,blocked_mechanical_time_march_unscored,False
80,0.005,0.49,30,0.375,4,52,0.8554063141827399,1.2657888197129323,1.1963724673884473,89.68421201944751,1.7763568394002505e-15,1.3877787807814457e-16,0.0,True,blocked_mechanical_time_march_unscored,False
80,0.005,0.49,31,0.3875,4,56,2.166000052981037,2.591830988420046,3.029370703469981,199.0447575710308,3.552713678800501e-15,2.0816681711721685e-16,0.0,True,blocked_mechanical_time_march_unscored,False
80,0.005,0.49,32,0.4,4,60,1.006169092984451,1.6354215768952234,1.4072295006775535,97.3031085685169,3.552713678800501e-15,1.6653345369377348e-16,0.0,True,blocked_mechanical_time_march_unscored,False
80,0.005,0.49,33,0.4125,4,64,1.4804794316788579,2.685242261355579,2.0706006037466542,82.51854962946642,3.552713678800501e-15,2.7755575615628914e-16,0.0,True,blocked_mechanical_time_march_unscored,False
80,0.005,0.49,34,0.425,4,68,1.2438287416071718,1.987317331842222,1.739620617632408,94.97640104844987,3.552713678800501e-15,1.249000902703301e-16,0.0,True,blocked_mechanical_time_march_unscored,False
80,0.005,0.49,35,0.4375,4,72,1.8224159626526644,2.6167935365291304,2.54883351419953,88.96938885607999,3.552713678800501e-15,1.6653345369377348e-16,0.0,True,blocked_mechanical_time_march_unscored,False
80,0.005,0.49,36,0.45,4,76,1.2596837155091825,2.1549291382581877,1.7617954063065486,91.07445367738957,1.7763568394002505e-15,3.3306690738754696e-16,0.0,True,blocked_mechanical_time_march_unscored,False
80,0.005,0.49,37,0.4625,4,80,3.2206624498133536,4.068152322030005,4.504423006731963,93.75576720889933,3.552713678800501e-15,5.689893001203927e-16,0.0,True,blocked_mechanical_time_march_unscored,False
80,0.005,0.49,38,0.475,4,84,2.160967325038884,3.426897900745396,3.022331923131306,95.02723074439741,3.552713678800501e-15,2.636779683484747e-16,0.0,True,blocked_mechanical_time_march_unscored,False
80,0.005,0.49,39,0.4875,4,88,1.8539590006435696,2.9642574255637677,2.5929496512497474,93.18520730336323,3.552713678800501e-15,1.8041124150158794e-16,0.0,True,blocked_mechanical_time_march_unscored,False
160,0.0025,0.1,0,0.0,4,4,0.03676915583790351,0.05378053042091534,0.05142539278028462,90.74466709052179,4.440892098500626e-16,1.3877787807814457e-17,0.0,True,blocked_mechanical_time_march_unscored,False
160,0.0025,0.1,1,0.00625,0,4,0.0,0.0,0.0,2.064513207810265,4.440892098500626e-16,0.0,0.0,True,blocked_mechanical_time_march_unscored,False
160,0.0025,0.1,2,0.0125,0,4,0.0,0.0,0.0,2.064513866935541,2.220446049250313e-16,0.0,0.0,True,blocked_mechanical_time_march_unscored,False
160,0.0025,0.1,3,0.01875,1,5,0.01558184668066576,0.01558184668066576,0.02179279256037169,74.19361873286428,2.220446049250313e-16,1.3877787807814457e-17,0.0,True,blocked_mechanical_time_march_unscored,False
160,0.0025,0.1,4,0.025,0,5,0.0,0.0,0.0,2.0645185561865023,4.440892098500626e-16,0.0,0.0,True,blocked_mechanical_time_march_unscored,False
160,0.0025,0.1,5,0.03125,0,5,0.0,0.0,0.0,2.064522597822649,4.440892098500626e-16,0.0,0.0,True,blocked_mechanical_time_march_unscored,False
160,0.0025,0.1,6,0.0375,0,5,0.0,0.0,0.0,2.064527773865307,1.6653345369377348e-16,0.0,0.0,True,blocked_mechanical_time_march_unscored,False
160,0.0025,0.1,7,0.04375,0,5,0.0,0.0,0.0,2.0645340821472584,4.440892098500626e-16,0.0,0.0,True,blocked_mechanical_time_march_unscored,False
160,0.0025,0.1,8,0.05,0,5,0.0,0.0,0.0,2.0645415158627634,4.440892098500626e-16,0.0,0.0,True,blocked_mechanical_time_march_unscored,False
160,0.0025,0.1,9,0.05625,0,5,0.0,0.0,0.0,2.064550062445561,4.440892098500626e-16,0.0,0.0,True,blocked_mechanical_time_march_unscored,False
160,0.0025,0.1,10,0.0625,0,5,0.0,0.0,0.0,2.0645597022280446,2.220446049250313e-16,0.0,0.0,True,blocked_mechanical_time_march_unscored,False
160,0.0025,0.1,11,0.06875,0,5,0.0,0.0,0.0,2.064570406867858,3.3306690738754696e-16,0.0,0.0,True,blocked_mechanical_time_march_unscored,False
160,0.0025,0.1,12,0.075,0,5,0.0,0.0,0.0,2.064582137531982,2.220446049250313e-16,0.0,0.0,True,blocked_mechanical_time_march_unscored,False
160,0.0025,0.1,13,0.08125,0,5,0.0,0.0,0.0,2.0645948428350187,4.440892098500626e-16,0.0,0.0,True,blocked_mechanical_time_march_unscored,False
160,0.0025,0.1,14,0.0875,0,5,0.0,0.0,0.0,2.0646084565384863,3.3306690738754696e-16,0.0,0.0,True,blocked_mechanical_time_march_unscored,False
160,0.0025,0.1,15,0.09375,0,5,0.0,0.0,0.0,2.064622895032151,3.3306690738754696e-16,0.0,0.0,True,blocked_mechanical_time_march_unscored,False
160,0.0025,0.1,16,0.1,0,5,0.0,0.0,0.0,2.0646380546377765,2.220446049250313e-16,0.0,0.0,True,blocked_mechanical_time_march_unscored,False
160,0.0025,0.1,17,0.10625,0,5,0.0,0.0,0.0,2.064653808800478,3.3306690738754696e-16,0.0,0.0,True,blocked_mechanical_time_march_unscored,False
160,0.0025,0.1,18,0.1125,0,5,0.0,0.0,0.0,2.064670005263419,6.661338147750939e-16,0.0,0.0,True,blocked_mechanical_time_march_unscored,False
160,0.0025,0.1,19,0.11875,0,5,0.0,0.0,0.0,2.064686463357653,2.220446049250313e-16,0.0,0.0,True,blocked_mechanical_time_march_unscored,False
160,0.0025,0.1,20,0.125,0,5,0.0,0.0,0.0,2.0647029715790355,2.220446049250313e-16,0.0,0.0,True,blocked_mechanical_time_march_unscored,False
160,0.0025,0.1,21,0.13125,0,5,0.0,0.0,0.0,2.0647192856659307,2.220446049250313e-16,0.0,0.0,True,blocked_mechanical_time_march_unscored,False
160,0.0025,0.1,22,0.1375,0,5,0.0,0.0,0.0,2.0647351274309047,2.220446049250313e-16,0.0,0.0,True,blocked_mechanical_time_march_unscored,False
160,0.0025,0.1,23,0.14375,0,5,0.0,0.0,0.0,2.0647501846309932,2.220446049250313e-16,0.0,0.0,True,blocked_mechanical_time_march_unscored,False
160,0.0025,0.1,24,0.15,0,5,0.0,0.0,0.0,2.064764112177152,2.220446049250313e-16,0.0,0.0,True,blocked_mechanical_time_march_unscored,False
160,0.0025,0.1,25,0.15625,0,5,0.0,0.0,0.0,2.06477653497554,1.1102230246251565e-16,0.0,0.0,True,blocked_mechanical_time_march_unscored,False
160,0.0025,0.1,26,0.1625,0,5,0.0,0.0,0.0,2.0647870526529197,3.3306690738754696e-16,0.0,0.0,True,blocked_mechanical_time_march_unscored,False
160,0.0025,0.1,27,0.16875,0,5,0.0,0.0,0.0,2.0647952463380195,2.220446049250313e-16,0.0,0.0,True,blocked_mechanical_time_march_unscored,False
160,0.0025,0.1,28,0.175,0,5,0.0,0.0,0.0,2.064800687546747,3.3306690738754696e-16,0.0,0.0,True,blocked_mechanical_time_march_unscored,False
160,0.0025,0.1,29,0.18125,0,5,0.0,0.0,0.0,2.064802949053326,4.440892098500626e-16,0.0,0.0,True,blocked_mechanical_time_march_unscored,False
160,0.0025,0.1,30,0.1875,0,5,0.0,0.0,0.0,2.0648016174316477,2.220446049250313e-16,0.0,0.0,True,blocked_mechanical_time_march_unscored,False
160,0.0025,0.1,31,0.19375,0,5,0.0,0.0,0.0,2.0647963067396042,4.440892098500626e-16,0.0,0.0,True,blocked_mechanical_time_march_unscored,False
160,0.0025,0.1,32,0.2,0,5,0.0,0.0,0.0,2.0647866726203983,2.220446049250313e-16,0.0,0.0,True,blocked_mechanical_time_march_unscored,False
160,0.0025,0.1,33,0.20625,0,5,0.0,0.0,0.0,2.0647724259398506,5.551115123125783e-16,0.0,0.0,True,blocked_mechanical_time_march_unscored,False
160,0.0025,0.1,34,0.2125,0,5,0.0,0.0,0.0,2.0647533449985684,2.220446049250313e-16,0.0,0.0,True,blocked_mechanical_time_march_unscored,False
160,0.0025,0.1,35,0.21875,1,6,0.008458186966254904,0.008458186966254904,0.011829632120636228,74.52486659791914,4.440892098500626e-16,2.7755575615628914e-17,0.0,True,blocked_mechanical_time_march_unscored,False
160,0.0025,0.1,36,0.225,3,9,0.020149402035215074,0.02146323326539822,0.028180981867433667,87.80037385842577,6.661338147750939e-16,1.3877787807814457e-17,0.0,True,blocked_mechanical_time_march_unscored,False
160,0.0025,0.1,37,0.23125,3,12,0.030762385079256143,0.03848543781069829,0.043024314796162436,86.75685008375875,8.881784197001252e-16,1.3877787807814457e-17,0.0,True,blocked_mechanical_time_march_unscored,False
160,0.0025,0.1,38,0.2375,3,15,0.04392655352245026,0.05726408456673256,0.06143573919223812,86.05445011833916,8.881784197001252e-16,1.3877787807814457e-17,0.0,True,blocked_mechanical_time_march_unscored,False
160,0.0025,0.1,39,0.24375,4,19,0.06539042500842872,0.08492254592612658,0.09145513987192827,88.76243978279321,6.661338147750939e-16,2.7755575615628914e-17,0.0,True,blocked_mechanical_time_march_unscored,False
160,0.0025,0.1,40,0.25,4,23,0.09891722757692414,0.14144522217417002,0.13834577283485894,89.15952255521539,8.881784197001252e-16,2.7755575615628914e-17,0.0,True,blocked_mechanical_time_march_unscored,False
160,0.0025,0.1,41,0.25625,4,27,0.12379332960476061,0.18284482869026045,0.1731375239227421,88.26492795759175,8.881784197001252e-16,1.3877787807814457e-17,0.0,True,blocked_mechanical_time_march_unscored,False
160,0.0025,0.1,42,0.2625,4,31,0.14757356778571276,0.21684074302365489,0.20639659830169615,88.65585595515684,8.881784197001252e-16,2.7755575615628914e-17,0.0,True,blocked_mechanical_time_march_unscored,False
160,0.0025,0.1,43,0.26875,4,35,0.20066071550022405,0.31553631517778374,0.28064435734297066,88.73622869283983,8.881784197001252e-16,2.7755575615628914e-17,0.0,True,blocked_mechanical_time_march_unscored,False
160,0.0025,0.1,44,0.275,4,39,0.2270774805153575,0.3644535984294682,0.31759088183966083,88.01660326626973,8.881784197001252e-16,4.163336342344337e-17,0.0,True,blocked_mechanical_time_march_unscored,False
160,0.0025,0.1,45,0.28125,4,43,0.23251185886957879,0.3615029149535082,0.32519141100640386,89.52335884051314,8.881784197001252e-16,2.7755575615628914e-17,0.0,True,blocked_mechanical_time_march_unscored,False
160,0.0025,0.1,46,0.2875,4,47,0.35478258863479795,0.5539249067484043,0.49619942466405303,90.1292408902814,2.220446049250313e-15,2.7755575615628914e-17,0.0,True,blocked_mechanical_time_march_unscored,False
160,0.0025,0.1,47,0.29375,4,51,0.5285082210320281,0.7609600422610802,0.7391723371077316,89.03968803541207,8.881784197001252e-16,2.7755575615628914e-17,0.0,True,blocked_mechanical_time_march_unscored,False
160,0.0025,0.1,48,0.3,4,55,0.40625816982200563,0.6352033680756303,0.5681932445063015,89.86697977491082,8.881784197001252e-16,5.551115123125783e-17,0.0,True,blocked_mechanical_time_march_unscored,False
160,0.0025,0.1,49,0.30625,4,59,0.4390421450941352,0.7431850194157827,0.6140449581736156,89.12927950275065,8.881784197001252e-16,4.163336342344337e-17,0.0,True,blocked_mechanical_time_march_unscored,False
160,0.0025,0.1,50,0.3125,4,63,0.44802444347287146,0.7409831729131624,0.6266076132487712,88.22619416739661,8.881784197001252e-16,5.551115123125783e-17,0.0,True,blocked_mechanical_time_march_unscored,False
160,0.0025,0.1,51,0.31875,4,67,0.5729263144116188,0.8808894515717143,0.8012955446316345,90.49506279595326,1.7763568394002505e-15,8.326672684688674e-17,0.0,True,blocked_mechanical_time_march_unscored,False
160,0.0025,0.1,52,0.325,4,71,0.7886456689284633,1.183635738907783,1.1030009355642842,99.41800781956974,2.6645352591003757e-15,8.326672684688674e-17,0.0,True,blocked_mechanical_time_march_unscored,False
160,0.0025,0.1,53,0.33125,4,75,0.7536349798126172,1.1829644344202608,1.054034936800863,95.69934497440293,1.7763568394002505e-15,5.551115123125783e-17,0.0,True,blocked_mechanical_time_march_unscored,False
160,0.0025,0.1,54,0.3375,3,78,0.5343501875279683,0.6950779682727761,0.7473429196195359,88.65734969102121,2.6645352591003757e-15,1.1102230246251565e-16,0.0,True,blocked_mechanical_time_march_unscored,False
160,0.0025,0.1,55,0.34375,3,81,0.512976893946083,0.8405996207860654,0.7174502013231929,86.84725276529154,1.7763568394002505e-15,9.71445146547012e-17,0.0,True,blocked_mechanical_time_march_unscored,False
160,0.0025,0.1,56,0.35,4,85,1.0603747081862074,1.4212152027051266,1.4830415499107794,88.4356213309998,1.7763568394002505e-15,6.938893903907228e-17,0.0,True,blocked_mechanical_time_march_unscored,False
160,0.0025,0.1,57,0.35625,4,89,0.3547607901054122,0.6770102205109024,0.4961689372103667,88.91599092049566,1.7763568394002505e-15,8.326672684688674e-17,0.0,True,blocked_mechanical_time_march_unscored,False
160,0.0025,0.1,58,0.3625,3,92,2.788959434870436,3.1420421327261705,3.9006425662523574,87.41271810393106,3.552713678800501e-15,4.718447854656915e-16,0.0,True,blocked_mechanical_time_march_unscored,False
160,0.0025,0.1,59,0.36875,4,96,0.9653084479073067,1.0967730567984693,1.3500817453249043,91.49366312953092,5.329070518200751e-15,3.3306690738754696e-16,0.0,True,blocked_mechanical_time_march_unscored,False
160,0.0025,0.1,60,0.375,4,100,1.3767172762006619,1.9350667624439317,1.9254787079729534,92.19639542756018,1.7763568394002505e-15,1.3877787807814457e-16,0.0,True,blocked_mechanical_time_march_unscored,False
160,0.0025,0.1,61,0.38125,4,104,0.8749299262873422,1.2238303062991078,1.2236782185836952,91.38708781699879,3.552713678800501e-15,1.249000902703301e-16,0.0,True,blocked_mechanical_time_march_unscored,False
160,0.0025,0.1,62,0.3875,2,106,2.373623823880322,2.5503400619543974,3.3197535998326178,84.42018289526133,3.1086244689504383e-15,1.1102230246251565e-16,0.0,True,blocked_mechanical_time_march_unscored,False
160,0.0025,0.1,63,0.39375,4,110,0.8978299189697053,1.1925327181757899,1.25570618037721,90.40946700698817,3.1086244689504383e-15,1.942890293094024e-16,0.0,True,blocked_mechanical_time_march_unscored,False
160,0.0025,0.1,64,0.4,4,114,1.8110545393672839,2.9017540335801204,2.5329434117024947,87.70653404600512,3.552713678800501e-15,2.3592239273284576e-16,0.0,True,blocked_mechanical_time_march_unscored,False
160,0.0025,0.1,65,0.40625,4,118,6.406527991994551,6.78684359252331,8.960179009782587,94.31161226016623,2.2648549702353193e-14,3.885780586188048e-16,0.0,True,blocked_mechanical_time_march_unscored,False
160,0.0025,0.1,66,0.4125,3,121,1.2891187727584459,1.7850140032825863,1.8029633185432807,93.36531669665871,1.7763568394002505e-15,2.0816681711721685e-16,0.0,True,blocked_mechanical_time_march_unscored,False
160,0.0025,0.1,67,0.41875,2,123,0.6597027049614895,0.6718912439899419,0.9226611258202649,76.67903624699194,1.7763568394002505e-15,2.7755575615628914e-17,0.0,True,blocked_mechanical_time_march_unscored,False
160,0.0025,0.1,68,0.425,3,126,0.25909876710558805,0.3052184546036285,0.36237589804977344,84.25787107029186,3.552713678800501e-15,2.7755575615628914e-17,0.0,True,blocked_mechanical_time_march_unscored,False
160,0.0025,0.1,69,0.43125,2,128,0.24440514900255372,0.26081512254033584,0.34182538322035483,75.16898061828941,8.881784197001252e-16,1.3877787807814457e-17,0.0,True,blocked_mechanical_time_march_unscored,False
160,0.0025,0.1,70,0.4375,4,132,0.6512205637433232,0.9188963976869032,0.9107979912494029,89.71872998608197,3.9968028886505635e-15,1.249000902703301e-16,0.0,True,blocked_mechanical_time_march_unscored,False
160,0.0025,0.1,71,0.44375,4,136,0.7981673199081946,1.100286980496848,1.1163179299415307,88.72570773584191,5.329070518200751e-15,5.551115123125783e-17,0.0,True,blocked_mechanical_time_march_unscored,False
160,0.0025,0.1,72,0.45,4,140,2.096459557053686,2.5244763092601077,2.932111268606554,89.66854705235117,3.552713678800501e-15,2.3592239273284576e-16,0.0,True,blocked_mechanical_time_march_unscored,False
160,0.0025,0.1,73,0.45625,4,144,3.0275977334477213,3.735781415475724,4.234402424402407,88.01259080715903,2.042810365310288e-14,3.0531133177191805e-16,0.0,True,blocked_mechanical_time_march_unscored,False
160,0.0025,0.1,74,0.4625,4,148,2.9204421152082443,4.173963274220015,4.084534426864677,94.22939472901768,8.881784197001252e-15,4.163336342344337e-16,0.0,True,blocked_mechanical_time_march_unscored,False
160,0.0025,0.1,75,0.46875,4,152,1.4978503561382683,2.423958849352049,2.0948956029905847,92.1404169657685,5.329070518200751e-15,2.0816681711721685e-16,0.0,True,blocked_mechanical_time_march_unscored,False
160,0.0025,0.1,76,0.475,4,156,1.6764325649440452,2.3863719325181547,2.3446609299916714,90.65304570127319,3.552713678800501e-15,2.7755575615628914e-16,0.0,True,blocked_mechanical_time_march_unscored,False
160,0.0025,0.1,77,0.48125,4,160,1.8206256553087323,2.432852968321098,2.546329587844381,120.18876731492344,5.329070518200751e-15,2.914335439641036e-16,0.0,True,blocked_mechanical_time_march_unscored,False
160,0.0025,0.1,78,0.4875,4,164,1.4441148307116507,1.856849029330396,2.0197410219743364,98.07615025241705,3.552713678800501e-15,1.249000902703301e-16,0.0,True,blocked_mechanical_time_march_unscored,False
160,0.0025,0.1,79,0.49375,4,168,0.8085806547598343,1.3508163985841262,1.1308820346291388,91.77931885530161,3.552713678800501e-15,8.326672684688674e-17,0.0,True,blocked_mechanical_time_march_unscored,False
160,0.0025,0.25,0,0.0,4,4,0.03676915583790351,0.05378053042091534,0.05142539278028462,90.74466709052179,4.440892098500626e-16,1.3877787807814457e-17,0.0,True,blocked_mechanical_time_march_unscored,False
160,0.0025,0.25,1,0.00625,0,4,0.0,0.0,0.0,2.064513207810265,2.220446049250313e-16,0.0,0.0,True,blocked_mechanical_time_march_unscored,False
160,0.0025,0.25,2,0.0125,0,4,0.0,0.0,0.0,2.064513866935541,4.440892098500626e-16,0.0,0.0,True,blocked_mechanical_time_march_unscored,False
160,0.0025,0.25,3,0.01875,1,5,0.030777295193726305,0.030777295193726305,0.04304516810311371,74.1914299810662,4.440892098500626e-16,1.3877787807814457e-17,0.0,True,blocked_mechanical_time_march_unscored,False
160,0.0025,0.25,4,0.025,0,5,0.0,0.0,0.0,2.0645185561865023,2.220446049250313e-16,0.0,0.0,True,blocked_mechanical_time_march_unscored,False
160,0.0025,0.25,5,0.03125,0,5,0.0,0.0,0.0,2.064522597822649,2.220446049250313e-16,0.0,0.0,True,blocked_mechanical_time_march_unscored,False
160,0.0025,0.25,6,0.0375,0,5,0.0,0.0,0.0,2.064527773865307,2.220446049250313e-16,0.0,0.0,True,blocked_mechanical_time_march_unscored,False
160,0.0025,0.25,7,0.04375,0,5,0.0,0.0,0.0,2.0645340821472584,6.661338147750939e-16,0.0,0.0,True,blocked_mechanical_time_march_unscored,False
160,0.0025,0.25,8,0.05,0,5,0.0,0.0,0.0,2.0645415158627634,4.440892098500626e-16,0.0,0.0,True,blocked_mechanical_time_march_unscored,False
160,0.0025,0.25,9,0.05625,0,5,0.0,0.0,0.0,2.064550062445561,2.220446049250313e-16,0.0,0.0,True,blocked_mechanical_time_march_unscored,False
160,0.0025,0.25,10,0.0625,0,5,0.0,0.0,0.0,2.0645597022280446,2.220446049250313e-16,0.0,0.0,True,blocked_mechanical_time_march_unscored,False
160,0.0025,0.25,11,0.06875,0,5,0.0,0.0,0.0,2.064570406867858,5.551115123125783e-16,0.0,0.0,True,blocked_mechanical_time_march_unscored,False
160,0.0025,0.25,12,0.075,0,5,0.0,0.0,0.0,2.064582137531982,2.220446049250313e-16,0.0,0.0,True,blocked_mechanical_time_march_unscored,False
160,0.0025,0.25,13,0.08125,0,5,0.0,0.0,0.0,2.0645948428350187,2.220446049250313e-16,0.0,0.0,True,blocked_mechanical_time_march_unscored,False
160,0.0025,0.25,14,0.0875,0,5,0.0,0.0,0.0,2.0646084565384863,2.220446049250313e-16,0.0,0.0,True,blocked_mechanical_time_march_unscored,False
160,0.0025,0.25,15,0.09375,0,5,0.0,0.0,0.0,2.064622895032151,4.440892098500626e-16,0.0,0.0,True,blocked_mechanical_time_march_unscored,False
160,0.0025,0.25,16,0.1,0,5,0.0,0.0,0.0,2.0646380546377765,4.440892098500626e-16,0.0,0.0,True,blocked_mechanical_time_march_unscored,False
160,0.0025,0.25,17,0.10625,0,5,0.0,0.0,0.0,2.064653808800478,6.661338147750939e-16,0.0,0.0,True,blocked_mechanical_time_march_unscored,False
160,0.0025,0.25,18,0.1125,0,5,0.0,0.0,0.0,2.064670005263419,2.220446049250313e-16,0.0,0.0,True,blocked_mechanical_time_march_unscored,False
160,0.0025,0.25,19,0.11875,0,5,0.0,0.0,0.0,2.064686463357653,4.440892098500626e-16,0.0,0.0,True,blocked_mechanical_time_march_unscored,False
160,0.0025,0.25,20,0.125,0,5,0.0,0.0,0.0,2.0647029715790355,1.1102230246251565e-16,0.0,0.0,True,blocked_mechanical_time_march_unscored,False
160,0.0025,0.25,21,0.13125,0,5,0.0,0.0,0.0,2.0647192856659307,2.220446049250313e-16,0.0,0.0,True,blocked_mechanical_time_march_unscored,False
160,0.0025,0.25,22,0.1375,0,5,0.0,0.0,0.0,2.0647351274309047,1.1102230246251565e-16,0.0,0.0,True,blocked_mechanical_time_march_unscored,False
160,0.0025,0.25,23,0.14375,0,5,0.0,0.0,0.0,2.0647501846309932,5.551115123125783e-16,0.0,0.0,True,blocked_mechanical_time_march_unscored,False
160,0.0025,0.25,24,0.15,0,5,0.0,0.0,0.0,2.064764112177152,1.1102230246251565e-16,0.0,0.0,True,blocked_mechanical_time_march_unscored,False
160,0.0025,0.25,25,0.15625,0,5,0.0,0.0,0.0,2.06477653497554,2.220446049250313e-16,0.0,0.0,True,blocked_mechanical_time_march_unscored,False
160,0.0025,0.25,26,0.1625,0,5,0.0,0.0,0.0,2.0647870526529197,2.220446049250313e-16,0.0,0.0,True,blocked_mechanical_time_march_unscored,False
160,0.0025,0.25,27,0.16875,0,5,0.0,0.0,0.0,2.0647952463380195,2.220446049250313e-16,0.0,0.0,True,blocked_mechanical_time_march_unscored,False
160,0.0025,0.25,28,0.175,0,5,0.0,0.0,0.0,2.064800687546747,2.220446049250313e-16,0.0,0.0,True,blocked_mechanical_time_march_unscored,False
160,0.0025,0.25,29,0.18125,0,5,0.0,0.0,0.0,2.064802949053326,3.3306690738754696e-16,0.0,0.0,True,blocked_mechanical_time_march_unscored,False
160,0.0025,0.25,30,0.1875,0,5,0.0,0.0,0.0,2.0648016174316477,2.220446049250313e-16,0.0,0.0,True,blocked_mechanical_time_march_unscored,False
160,0.0025,0.25,31,0.19375,0,5,0.0,0.0,0.0,2.0647963067396042,2.220446049250313e-16,0.0,0.0,True,blocked_mechanical_time_march_unscored,False
160,0.0025,0.25,32,0.2,0,5,0.0,0.0,0.0,2.0647866726203983,4.440892098500626e-16,0.0,0.0,True,blocked_mechanical_time_march_unscored,False
160,0.0025,0.25,33,0.20625,0,5,0.0,0.0,0.0,2.0647724259398506,8.881784197001252e-16,0.0,0.0,True,blocked_mechanical_time_march_unscored,False
160,0.0025,0.25,34,0.2125,0,5,0.0,0.0,0.0,2.0647533449985684,4.440892098500626e-16,0.0,0.0,True,blocked_mechanical_time_march_unscored,False
160,0.0025,0.25,35,0.21875,1,6,0.008314117191772684,0.008314117191772684,0.011628135932549208,74.52484204353243,1.1102230246251565e-15,1.3877787807814457e-17,0.0,True,blocked_mechanical_time_march_unscored,False
160,0.0025,0.25,36,0.225,3,9,0.02001886363537065,0.021284421227082368,0.027998410678840065,87.80038686739844,8.881784197001252e-16,1.3877787807814457e-17,0.0,True,blocked_mechanical_time_march_unscored,False
160,0.0025,0.25,37,0.23125,3,12,0.030663991901294017,0.038328477770842466,0.04288670195985177,86.75710107559705,4.440892098500626e-16,1.3877787807814457e-17,0.0,True,blocked_mechanical_time_march_unscored,False
160,0.0025,0.25,38,0.2375,3,15,0.043787271194946506,0.05708932799258196,0.06124093873419091,86.05654658734743,4.440892098500626e-16,1.3877787807814457e-17,0.0,True,blocked_mechanical_time_march_unscored,False
160,0.0025,0.25,39,0.24375,4,19,0.06522891099927483,0.08465537090600853,0.09122924615283193,88.76221237744737,1.1102230246251565e-15,2.7755575615628914e-17,0.0,True,blocked_mechanical_time_march_unscored,False
160,0.0025,0.25,40,0.25,4,23,0.09878563184061864,0.1412599591250648,0.13816172285401207,89.15821698382601,1.7763568394002505e-15,1.3877787807814457e-17,0.0,True,blocked_mechanical_time_march_unscored,False
160,0.0025,0.25,41,0.25625,4,27,0.123656551978996,0.18264299130292305,0.17294622654405034,88.26691011126587,4.440892098500626e-16,2.7755575615628914e-17,0.0,True,blocked_mechanical_time_march_unscored,False
160,0.0025,0.25,42,0.2625,4,31,0.14753892629254312,0.216697485554832,0.20634814866089943,88.65638322523615,8.881784197001252e-16,2.7755575615628914e-17,0.0,True,blocked_mechanical_time_march_unscored,False
160,0.0025,0.25,43,0.26875,4,35,0.20055388328168144,0.3154381584030413,0.2804949416527013,88.72923505411485,8.881784197001252e-16,1.3877787807814457e-17,0.0,True,blocked_mechanical_time_march_unscored,False
160,0.0025,0.25,44,0.275,4,39,0.226447894940536,0.36383978361154024,0.3167103425741762,88.01571045853346,8.881784197001252e-16,5.551115123125783e-17,0.0,True,blocked_mechanical_time_march_unscored,False
160,0.0025,0.25,45,0.28125,4,43,0.2323666004051791,0.361222959498272,0.3249882523149358,89.52208453474148,1.3322676295501878e-15,8.326672684688674e-17,0.0,True,blocked_mechanical_time_march_unscored,False
160,0.0025,0.25,46,0.2875,4,47,0.3552870682177993,0.550067095439979,0.49690499051440457,90.51325691232242,8.881784197001252e-16,2.7755575615628914e-17,0.0,True,blocked_mechanical_time_march_unscored,False
160,0.0025,0.25,47,0.29375,4,51,0.5630093174450287,0.7998071876451263,0.7874256188042359,89.05419018852082,1.7763568394002505e-15,9.71445146547012e-17,0.0,True,blocked_mechanical_time_march_unscored,False
160,0.0025,0.25,48,0.3,4,55,0.40921901620015705,0.6499647611245178,0.572334288391828,90.45815743396001,8.881784197001252e-16,9.71445146547012e-17,0.0,True,blocked_mechanical_time_march_unscored,False
160,0.0025,0.25,49,0.30625,4,59,0.43227308909578427,0.7337864691050353,0.6045777469871108,89.30237455231773,8.881784197001252e-16,5.551115123125783e-17,0.0,True,blocked_mechanical_time_march_unscored,False
160,0.0025,0.25,50,0.3125,4,63,0.43052925228060834,0.709487013594967,0.6021388143784732,89.10253892486348,8.881784197001252e-16,4.163336342344337e-17,0.0,True,blocked_mechanical_time_march_unscored,False
160,0.0025,0.25,51,0.31875,4,67,0.5371993475216442,0.8143923059984504,0.7513277587715302,92.32136497546944,8.881784197001252e-16,4.163336342344337e-17,0.0,True,blocked_mechanical_time_march_unscored,False
160,0.0025,0.25,52,0.325,4,71,0.4778469833602694,0.8130850978248759,0.6683174592451319,90.48841696450907,8.881784197001252e-16,4.163336342344337e-17,0.0,True,blocked_mechanical_time_march_unscored,False
160,0.0025,0.25,53,0.33125,4,75,0.59140479839212,0.9934631221960725,0.8271395781707971,92.6778373598988,1.7763568394002505e-15,1.5265566588595902e-16,0.0,True,blocked_mechanical_time_march_unscored,False
160,0.0025,0.25,54,0.3375,4,79,0.7796245643166275,1.2174630462383518,1.0903840060372412,96.85843258571039,1.7763568394002505e-15,1.6653345369377348e-16,0.0,True,blocked_mechanical_time_march_unscored,False
160,0.0025,0.25,55,0.34375,4,83,0.8248600673450793,1.1867692364232758,1.1536504438392716,88.16007268527426,1.7763568394002505e-15,1.3877787807814457e-16,0.0,True,blocked_mechanical_time_march_unscored,False
160,0.0025,0.25,56,0.35,4,87,0.7046795486904576,0.9447089157106647,0.9855658023642762,87.636341311212,4.440892098500626e-15,1.6653345369377348e-16,0.0,True,blocked_mechanical_time_march_unscored,False
160,0.0025,0.25,57,0.35625,4,91,1.17412824899834,1.613160592614254,1.6421374111864893,90.64559412189625,3.552713678800501e-15,1.249000902703301e-16,0.0,True,blocked_mechanical_time_march_unscored,False
160,0.0025,0.25,58,0.3625,4,95,1.1091184846605664,1.702823929761,1.5512146638609319,86.83773734251467,3.552713678800501e-15,1.8041124150158794e-16,0.0,True,blocked_mechanical_time_march_unscored,False
160,0.0025,0.25,59,0.36875,4,99,1.2438459069908812,1.7636273389681718,1.7396446251620714,92.10016373861232,3.552713678800501e-15,4.718447854656915e-16,0.0,True,blocked_mechanical_time_march_unscored,False
160,0.0025,0.25,60,0.375,4,103,1.3348181564065673,1.7824320988333777,1.8668785404287653,92.89833500688009,3.552713678800501e-15,1.249000902703301e-16,0.0,True,blocked_mechanical_time_march_unscored,False
160,0.0025,0.25,61,0.38125,4,107,1.9935833371774174,2.7507863125031,2.7882284436047793,89.68360435551705,1.3322676295501878e-14,1.3877787807814457e-16,0.0,True,blocked_mechanical_time_march_unscored,False
160,0.0025,0.25,62,0.3875,3,110,1.350326372152547,1.9617062584390088,1.8885683526609045,84.81669373769658,3.552713678800501e-15,9.71445146547012e-17,0.0,True,blocked_mechanical_time_march_unscored,False
160,0.0025,0.25,63,0.39375,4,114,2.5262719002688145,3.05870500141913,3.5332474129633766,89.54720952739369,7.105427357601002e-15,2.7755575615628914e-16,0.0,True,blocked_mechanical_time_march_unscored,False
160,0.0025,0.25,64,0.4,4,118,1.147531633608441,1.521436935391115,1.604939347704113,89.3790443312042,3.552713678800501e-15,1.8041124150158794e-16,0.0,True,blocked_mechanical_time_march_unscored,False
160,0.0025,0.25,65,0.40625,4,122,1.6012242128368133,1.8715864733905598,2.2394744235479904,89.27990833007556,7.105427357601002e-15,3.885780586188048e-16,0.0,True,blocked_mechanical_time_march_unscored,False
160,0.0025,0.25,66,0.4125,4,126,3.356175246628929,3.8536867774261565,4.693951393886613,89.84349090872938,5.329070518200751e-15,2.498001805406602e-16,0.0,True,blocked_mechanical_time_march_unscored,False
160,0.0025,0.25,67,0.41875,4,130,2.7221687736501194,4.346022907022265,3.8072290540561107,94.83301859675998,9.325873406851315e-15,6.800116025829084e-16,0.0,True,blocked_mechanical_time_march_unscored,False
160,0.0025,0.25,68,0.425,4,134,4.570309129275924,6.098953596574876,6.392040740246047,90.84276354424011,7.105427357601002e-15,4.0245584642661925e-16,0.0,True,blocked_mechanical_time_march_unscored,False
160,0.0025,0.25,69,0.43125,4,138,9.461800839171786,10.769129764606497,13.233287886953546,118.72310224834216,1.4210854715202004e-14,5.551115123125783e-16,0.0,True,blocked_mechanical_time_march_unscored,False
160,0.0025,0.25,70,0.4375,4,142,10.061259963521607,11.888524260259459,14.071692256673575,94.88169422888599,1.5987211554602254e-14,7.771561172376096e-16,0.0,True,blocked_mechanical_time_march_unscored,False
160,0.0025,0.25,71,0.44375,4,146,12.872279732255475,16.541642623385357,18.00318843672094,92.09039531098189,5.684341886080802e-14,8.604228440844963e-16,0.0,True,blocked_mechanical_time_march_unscored,False
160,0.0025,0.25,72,0.45,4,150,8.859052997490444,13.481410283870547,12.390283912574047,98.64432921473393,2.1316282072803006e-14,1.582067810090848e-15,0.0,True,blocked_mechanical_time_march_unscored,False
160,0.0025,0.25,73,0.45625,4,154,6.81455257853887,8.79876567596426,9.53084276718723,129.30300604359164,2.842170943040401e-14,4.163336342344337e-16,0.0,True,blocked_mechanical_time_march_unscored,False
160,0.0025,0.25,74,0.4625,4,158,10.49050825624003,15.568245625112167,14.672039519216824,96.0429784188746,2.842170943040401e-14,8.743006318923108e-16,0.0,True,blocked_mechanical_time_march_unscored,False
160,0.0025,0.25,75,0.46875,4,162,8.787303197848725,13.380889552953827,12.289934542445769,94.71525307586694,4.263256414560601e-14,1.0269562977782698e-15,0.0,True,blocked_mechanical_time_march_unscored,False
160,0.0025,0.25,76,0.475,4,166,5.374274309978283,9.954961800153875,7.5164675664031915,92.71407181385877,1.4210854715202004e-14,8.326672684688674e-16,0.0,True,blocked_mechanical_time_march_unscored,False
160,0.0025,0.25,77,0.48125,3,169,6.468066262999398,10.121706450629794,9.046246521677478,88.59603900373676,7.105427357601002e-15,5.689893001203927e-16,0.0,True,blocked_mechanical_time_march_unscored,False
160,0.0025,0.25,78,0.4875,4,173,5.229517470432422,7.238199397444131,7.314010448157233,89.83209978918164,1.5987211554602254e-14,4.0245584642661925e-16,0.0,True,blocked_mechanical_time_march_unscored,False
160,0.0025,0.25,79,0.49375,4,177,4.499848985091051,7.343272120186165,6.2934950840434265,99.67774193224926,1.4210854715202004e-14,6.106226635438361e-16,0.0,True,blocked_mechanical_time_march_unscored,False
160,0.0025,0.49,0,0.0,4,4,0.03676915583790351,0.05378053042091534,0.05142539278028462,90.74466709052179,4.440892098500626e-16,1.3877787807814457e-17,0.0,True,blocked_mechanical_time_march_unscored,False
160,0.0025,0.49,1,0.00625,0,4,0.0,0.0,0.0,2.064513207810265,1.1102230246251565e-16,0.0,0.0,True,blocked_mechanical_time_march_unscored,False
160,0.0025,0.49,2,0.0125,0,4,0.0,0.0,0.0,2.064513866935541,4.440892098500626e-16,0.0,0.0,True,blocked_mechanical_time_march_unscored,False
160,0.0025,0.49,3,0.01875,1,5,0.0340078487259461,0.0340078487259461,0.047563424791533006,74.19097007044834,6.661338147750939e-16,1.3877787807814457e-17,0.0,True,blocked_mechanical_time_march_unscored,False
160,0.0025,0.49,4,0.025,0,5,0.0,0.0,0.0,2.0645185561865023,2.220446049250313e-16,0.0,0.0,True,blocked_mechanical_time_march_unscored,False
160,0.0025,0.49,5,0.03125,0,5,0.0,0.0,0.0,2.064522597822649,2.220446049250313e-16,0.0,0.0,True,blocked_mechanical_time_march_unscored,False
160,0.0025,0.49,6,0.0375,0,5,0.0,0.0,0.0,2.064527773865307,4.440892098500626e-16,0.0,0.0,True,blocked_mechanical_time_march_unscored,False
160,0.0025,0.49,7,0.04375,0,5,0.0,0.0,0.0,2.0645340821472584,2.220446049250313e-16,0.0,0.0,True,blocked_mechanical_time_march_unscored,False
160,0.0025,0.49,8,0.05,0,5,0.0,0.0,0.0,2.0645415158627634,4.440892098500626e-16,0.0,0.0,True,blocked_mechanical_time_march_unscored,False
160,0.0025,0.49,9,0.05625,0,5,0.0,0.0,0.0,2.064550062445561,2.220446049250313e-16,0.0,0.0,True,blocked_mechanical_time_march_unscored,False
160,0.0025,0.49,10,0.0625,0,5,0.0,0.0,0.0,2.0645597022280446,4.440892098500626e-16,0.0,0.0,True,blocked_mechanical_time_march_unscored,False
160,0.0025,0.49,11,0.06875,0,5,0.0,0.0,0.0,2.064570406867858,2.220446049250313e-16,0.0,0.0,True,blocked_mechanical_time_march_unscored,False
160,0.0025,0.49,12,0.075,0,5,0.0,0.0,0.0,2.064582137531982,4.440892098500626e-16,0.0,0.0,True,blocked_mechanical_time_march_unscored,False
160,0.0025,0.49,13,0.08125,0,5,0.0,0.0,0.0,2.0645948428350187,2.220446049250313e-16,0.0,0.0,True,blocked_mechanical_time_march_unscored,False
160,0.0025,0.49,14,0.0875,0,5,0.0,0.0,0.0,2.0646084565384863,4.440892098500626e-16,0.0,0.0,True,blocked_mechanical_time_march_unscored,False
160,0.0025,0.49,15,0.09375,0,5,0.0,0.0,0.0,2.064622895032151,2.220446049250313e-16,0.0,0.0,True,blocked_mechanical_time_march_unscored,False
160,0.0025,0.49,16,0.1,0,5,0.0,0.0,0.0,2.0646380546377765,3.3306690738754696e-16,0.0,0.0,True,blocked_mechanical_time_march_unscored,False
160,0.0025,0.49,17,0.10625,0,5,0.0,0.0,0.0,2.064653808800478,2.220446049250313e-16,0.0,0.0,True,blocked_mechanical_time_march_unscored,False
160,0.0025,0.49,18,0.1125,0,5,0.0,0.0,0.0,2.064670005263419,2.220446049250313e-16,0.0,0.0,True,blocked_mechanical_time_march_unscored,False
160,0.0025,0.49,19,0.11875,0,5,0.0,0.0,0.0,2.064686463357653,3.3306690738754696e-16,0.0,0.0,True,blocked_mechanical_time_march_unscored,False
160,0.0025,0.49,20,0.125,0,5,0.0,0.0,0.0,2.0647029715790355,1.1102230246251565e-16,0.0,0.0,True,blocked_mechanical_time_march_unscored,False
160,0.0025,0.49,21,0.13125,0,5,0.0,0.0,0.0,2.0647192856659307,2.220446049250313e-16,0.0,0.0,True,blocked_mechanical_time_march_unscored,False
160,0.0025,0.49,22,0.1375,0,5,0.0,0.0,0.0,2.0647351274309047,2.220446049250313e-16,0.0,0.0,True,blocked_mechanical_time_march_unscored,False
160,0.0025,0.49,23,0.14375,0,5,0.0,0.0,0.0,2.0647501846309932,2.220446049250313e-16,0.0,0.0,True,blocked_mechanical_time_march_unscored,False
160,0.0025,0.49,24,0.15,0,5,0.0,0.0,0.0,2.064764112177152,2.220446049250313e-16,0.0,0.0,True,blocked_mechanical_time_march_unscored,False
160,0.0025,0.49,25,0.15625,0,5,0.0,0.0,0.0,2.06477653497554,4.440892098500626e-16,0.0,0.0,True,blocked_mechanical_time_march_unscored,False
160,0.0025,0.49,26,0.1625,0,5,0.0,0.0,0.0,2.0647870526529197,3.3306690738754696e-16,0.0,0.0,True,blocked_mechanical_time_march_unscored,False
160,0.0025,0.49,27,0.16875,0,5,0.0,0.0,0.0,2.0647952463380195,1.3877787807814457e-16,0.0,0.0,True,blocked_mechanical_time_march_unscored,False
160,0.0025,0.49,28,0.175,0,5,0.0,0.0,0.0,2.064800687546747,4.440892098500626e-16,0.0,0.0,True,blocked_mechanical_time_march_unscored,False
160,0.0025,0.49,29,0.18125,0,5,0.0,0.0,0.0,2.064802949053326,4.440892098500626e-16,0.0,0.0,True,blocked_mechanical_time_march_unscored,False
160,0.0025,0.49,30,0.1875,0,5,0.0,0.0,0.0,2.0648016174316477,2.220446049250313e-16,0.0,0.0,True,blocked_mechanical_time_march_unscored,False
160,0.0025,0.49,31,0.19375,0,5,0.0,0.0,0.0,2.0647963067396042,2.220446049250313e-16,0.0,0.0,True,blocked_mechanical_time_march_unscored,False
160,0.0025,0.49,32,0.2,0,5,0.0,0.0,0.0,2.0647866726203983,2.220446049250313e-16,0.0,0.0,True,blocked_mechanical_time_march_unscored,False
160,0.0025,0.49,33,0.20625,0,5,0.0,0.0,0.0,2.0647724259398506,3.3306690738754696e-16,0.0,0.0,True,blocked_mechanical_time_march_unscored,False
160,0.0025,0.49,34,0.2125,0,5,0.0,0.0,0.0,2.0647533449985684,4.440892098500626e-16,0.0,0.0,True,blocked_mechanical_time_march_unscored,False
160,0.0025,0.49,35,0.21875,1,6,0.008459252370222749,0.008459252370222749,0.01183112219611573,74.52486677951391,6.661338147750939e-16,1.3877787807814457e-17,0.0,True,blocked_mechanical_time_march_unscored,False
160,0.0025,0.49,36,0.225,3,9,0.02014986919255391,0.021463842379092202,0.02818163523434113,87.80042815368303,4.440892098500626e-16,1.3877787807814457e-17,0.0,True,blocked_mechanical_time_march_unscored,False
160,0.0025,0.49,37,0.23125,3,12,0.03076254091425753,0.03848615365452699,0.04302453274721332,86.75754801254303,8.881784197001252e-16,1.3877787807814457e-17,0.0,True,blocked_mechanical_time_march_unscored,False
160,0.0025,0.49,38,0.2375,3,15,0.04395917733191301,0.057315464845417476,0.06148136689778043,86.06233325231189,4.440892098500626e-16,1.3877787807814457e-17,0.0,True,blocked_mechanical_time_march_unscored,False
160,0.0025,0.49,39,0.24375,4,19,0.06552571274061136,0.08512458981904235,0.09164435348337252,88.76502422489828,6.661338147750939e-16,1.3877787807814457e-17,0.0,True,blocked_mechanical_time_march_unscored,False
160,0.0025,0.49,40,0.25,4,23,0.09924850560812185,0.14184938596795452,0.13880909875261796,89.21192475075175,8.881784197001252e-16,2.7755575615628914e-17,0.0,True,blocked_mechanical_time_march_unscored,False
160,0.0025,0.49,41,0.25625,4,27,0.12416835195918295,0.18329897487410796,0.17366203071214398,88.27441538148183,4.440892098500626e-16,1.3877787807814457e-17,0.0,True,blocked_mechanical_time_march_unscored,False
160,0.0025,0.49,42,0.2625,4,31,0.1472171846093892,0.21658130031600425,0.20589816029285202,88.62621238736969,4.440892098500626e-16,4.163336342344337e-17,0.0,True,blocked_mechanical_time_march_unscored,False
160,0.0025,0.49,43,0.26875,4,35,0.19993849788209248,0.3150416342698796,0.27963426277215725,88.89730676200976,8.881784197001252e-16,4.163336342344337e-17,0.0,True,blocked_mechanical_time_march_unscored,False
160,0.0025,0.49,44,0.275,4,39,0.2276187787369853,0.3657489699957744,0.31834794228948987,88.05475753766628,8.881784197001252e-16,8.326672684688674e-17,0.0,True,blocked_mechanical_time_march_unscored,False
160,0.0025,0.49,45,0.28125,4,43,0.2299219592090915,0.3623766512137892,0.32156917371900906,89.49614141228153,8.881784197001252e-16,5.551115123125783e-17,0.0,True,blocked_mechanical_time_march_unscored,False
160,0.0025,0.49,46,0.2875,4,47,0.3597722511884178,0.5759634646942379,0.5031779736900948,91.00909666463298,1.7763568394002505e-15,8.326672684688674e-17,0.0,True,blocked_mechanical_time_march_unscored,False
160,0.0025,0.49,47,0.29375,4,51,0.41735346230948395,0.6135994430092111,0.5837111360971803,88.25483966909185,8.881784197001252e-16,5.551115123125783e-17,0.0,True,blocked_mechanical_time_march_unscored,False
160,0.0025,0.49,48,0.3,4,55,0.4535195931971263,0.6753222376436133,0.6342931373386381,88.3853593356797,1.7763568394002505e-15,4.163336342344337e-17,0.0,True,blocked_mechanical_time_march_unscored,False
160,0.0025,0.49,49,0.30625,4,59,0.5060301022118912,0.7270762933912083,0.7077344086879596,89.94669034391042,8.881784197001252e-16,6.938893903907228e-17,0.0,True,blocked_mechanical_time_march_unscored,False
160,0.0025,0.49,50,0.3125,4,63,0.5474465069687312,0.8365572219459252,0.7656594503059176,88.54764916065216,1.7763568394002505e-15,4.163336342344337e-17,0.0,True,blocked_mechanical_time_march_unscored,False
160,0.0025,0.49,51,0.31875,4,67,0.6684442746105779,1.076113846521046,0.9348870973574515,91.33464749490145,1.7763568394002505e-15,1.6653345369377348e-16,0.0,True,blocked_mechanical_time_march_unscored,False
160,0.0025,0.49,52,0.325,4,71,0.6089092370966439,1.0626844901476962,0.8516213106246767,89.78367319158036,1.7763568394002505e-15,1.5265566588595902e-16,0.0,True,blocked_mechanical_time_march_unscored,False
160,0.0025,0.49,53,0.33125,4,75,0.6692870137394039,1.021840817029392,0.9360657534816836,91.2146121088204,1.7763568394002505e-15,6.938893903907228e-17,0.0,True,blocked_mechanical_time_march_unscored,False
160,0.0025,0.49,54,0.3375,4,79,0.6143090116957094,0.9477411475492447,0.859173442931062,87.44629829913256,8.881784197001252e-16,5.551115123125783e-17,0.0,True,blocked_mechanical_time_march_unscored,False
160,0.0025,0.49,55,0.34375,3,82,2.1132316774723017,2.336781340949363,2.9555687796815406,87.25057994373213,5.329070518200751e-15,1.8041124150158794e-16,0.0,True,blocked_mechanical_time_march_unscored,False
160,0.0025,0.49,56,0.35,4,86,0.7777677984537967,0.9491021744591741,1.0877871307046107,88.58370111495815,2.220446049250313e-15,1.1102230246251565e-16,0.0,True,blocked_mechanical_time_march_unscored,False
160,0.0025,0.49,57,0.35625,4,90,1.118623874585381,1.7784660931874363,1.564508915504029,88.56133291554592,2.6645352591003757e-15,1.8041124150158794e-16,0.0,True,blocked_mechanical_time_march_unscored,False
160,0.0025,0.49,58,0.3625,4,94,1.9824530690269155,2.08585952163248,2.7726616350026787,88.65971513745706,7.105427357601002e-15,2.3592239273284576e-16,0.0,True,blocked_mechanical_time_march_unscored,False
160,0.0025,0.49,59,0.36875,3,97,1.093413006272501,1.1655327382893503,1.5292489598216794,89.66844775632201,1.7763568394002505e-15,8.326672684688674e-17,0.0,True,blocked_mechanical_time_march_unscored,False
160,0.0025,0.49,60,0.375,3,100,1.8855314855357743,2.1277202588121447,2.6371069727773064,83.18511315395574,5.329070518200751e-15,1.5265566588595902e-16,0.0,True,blocked_mechanical_time_march_unscored,False
160,0.0025,0.49,61,0.38125,4,104,3.7100358099980784,5.208467607640641,5.188861272724584,90.48322406399643,3.552713678800501e-15,3.608224830031759e-16,0.0,True,blocked_mechanical_time_march_unscored,False
160,0.0025,0.49,62,0.3875,4,108,3.6379518922339584,4.673031285801913,5.088044604523018,89.2088011550634,1.9984014443252818e-14,6.938893903907228e-16,0.0,True,blocked_mechanical_time_march_unscored,False
160,0.0025,0.49,63,0.39375,4,112,3.8928682482719426,5.523551085397629,5.444570976604115,174.79067452372064,1.4654943925052066e-14,4.996003610813204e-16,0.0,True,blocked_mechanical_time_march_unscored,False
160,0.0025,0.49,64,0.4,3,115,3.5875580985711197,4.01336289393122,5.017563774225342,95.74136749449225,2.842170943040401e-14,1.249000902703301e-16,0.0,True,blocked_mechanical_time_march_unscored,False
160,0.0025,0.49,65,0.40625,3,118,2.106906759206814,3.392651586697863,2.9467227401493896,98.7392912739419,7.105427357601002e-15,1.942890293094024e-16,0.0,True,blocked_mechanical_time_march_unscored,False
160,0.0025,0.49,66,0.4125,4,122,3.6475460612164197,4.896445853687848,5.101463022680306,94.57997892339753,7.105427357601002e-15,4.996003610813204e-16,0.0,True,blocked_mechanical_time_march_unscored,False
160,0.0025,0.49,67,0.41875,4,126,2.8869240013483295,4.643061205607753,4.037655945941719,85.26894944662527,7.105427357601002e-15,3.469446951953614e-16,0.0,True,blocked_mechanical_time_march_unscored,False
160,0.0025,0.49,68,0.425,4,130,5.081769852018778,5.239690369901243,7.107370422403884,100.18678652086663,2.1316282072803006e-14,6.522560269672795e-16,0.0,True,blocked_mechanical_time_march_unscored,False
160,0.0025,0.49,69,0.43125,4,134,3.054352166521009,4.226268080579333,4.271821211917495,112.21416288814345,1.4210854715202004e-14,3.885780586188048e-16,0.0,True,blocked_mechanical_time_march_unscored,False
160,0.0025,0.49,70,0.4375,4,138,15.075076722502342,15.301978027332964,21.08402338811516,120.72305351052637,1.4210854715202004e-14,1.0547118733938987e-15,0.0,True,blocked_mechanical_time_march_unscored,False
160,0.0025,0.49,71,0.44375,4,142,3.463046414026179,5.075159345911327,4.843421558078571,99.41778737184643,7.105427357601002e-15,8.326672684688674e-16,0.0,True,blocked_mechanical_time_march_unscored,False
160,0.0025,0.49,72,0.45,4,146,4.463732555086863,4.761117505934326,6.2429825945270805,106.62616738690281,2.842170943040401e-14,4.718447854656915e-16,0.0,True,blocked_mechanical_time_march_unscored,False
160,0.0025,0.49,73,0.45625,4,150,1.6404024862595534,2.2568224269189217,2.2942692115518226,96.54178600368232,7.105427357601002e-15,1.6653345369377348e-16,0.0,True,blocked_mechanical_time_march_unscored,False
160,0.0025,0.49,74,0.4625,4,154,3.8948703044602015,4.741044205945957,5.447371055189093,95.49204091538583,2.842170943040401e-14,1.4432899320127035e-15,0.0,True,blocked_mechanical_time_march_unscored,False
160,0.0025,0.49,75,0.46875,4,158,2.333706327463583,2.6526715579702502,3.2639249335155007,96.65534613338806,1.4210854715202004e-14,1.942890293094024e-16,0.0,True,blocked_mechanical_time_march_unscored,False
160,0.0025,0.49,76,0.475,3,161,1.8472939887137492,1.8631317673654255,2.5836279562430056,85.10302694471989,3.552713678800501e-15,3.469446951953614e-16,0.0,True,blocked_mechanical_time_march_unscored,False
160,0.0025,0.49,77,0.48125,4,165,1.1448563592360155,1.2072390304182699,1.6011977052251962,91.07274799589891,7.105427357601002e-15,5.551115123125783e-17,0.0,True,blocked_mechanical_time_march_unscored,False
160,0.0025,0.49,78,0.4875,4,169,4.335151517322272,4.903179997531878,6.0631489752759045,90.51004092037053,7.105427357601002e-15,2.3592239273284576e-16,0.0,True,blocked_mechanical_time_march_unscored,False
160,0.0025,0.49,79,0.49375,4,173,3.3911220089407,4.176579531722785,4.742827984532447,88.25896924986502,7.105427357601002e-15,9.298117831235686e-16,0.0,True,blocked_mechanical_time_march_unscored,False
