case_id,model,quantity,observation_count,mae,rmse,bias,max_abs_error,range_nrmse,correlation,observed_mean,predicted_mean,observed_max,predicted_max,max_phase_error_cycle,observed_min,predicted_min,min_phase_error_cycle
W1,fluxv_old,CL,400,0.42258528504360926,0.5332285830237422,-0.2928437214300751,1.0153269614947518,0.1615844190981037,0.9796501667662436,1.0399112499998224,0.7470675285697475,2.86,1.9315667717147909,-0.012500000000000011,-0.44,-0.37831397710533426,0.06499999999999995
W1,fluxv_old,CD,400,0.2122741944901919,0.22984198379389734,-0.2122741944901919,0.3516563413868341,0.3780788332767357,0.9292433562837425,0.03218049504951393,-0.18009369944067793,0.29702970297,0.06291576215530925,0.0625,-0.310891089109,-0.6345035663840539,0.012499999999999956
W1,fluxv_old_filtered,CL,400,0.42258533150041994,0.533228587804656,-0.29284371206154797,1.0153281541058903,0.16158442054686545,0.9796501627043349,1.0399112499998224,0.7470675379382746,2.86,1.9315730411427257,-0.012500000000000011,-0.44,-0.37830702995272397,0.06499999999999995
W1,fluxv_old_filtered,CD,400,0.2122741940391791,0.22984196626839143,-0.2122741940391791,0.35165694581570345,0.3780788044481348,0.9292434601702068,0.03218049504951393,-0.18009369898966518,0.29702970297,0.06290821386895534,0.0625,-0.310891089109,-0.6345014022163911,0.012499999999999956
W1,fluxv_v4b,CL,400,0.3979855922607571,0.5182419224630304,-0.2670037717877768,1.088608410390078,0.1570430068069789,0.9784639100734149,1.0399112499998224,0.7729074782120458,2.86,2.052390651914826,0.0,-0.44,-0.33938535642565626,0.06499999999999995
W1,fluxv_v4b,CD,400,0.14083207423328614,0.1610374287885482,-0.14083207423328614,0.30363498506800213,0.26489870207897287,0.9006794148394005,0.03218049504951393,-0.10865157918377219,0.29702970297,0.08998001031381257,0.0675,-0.310891089109,-0.36340971842988695,0.012499999999999956
W1,fluxv_v4b_filtered,CL,400,0.39877515485467724,0.5156649730771129,-0.26702298626385274,1.0045387957388043,0.15626211305367058,0.9804926766340027,1.0399112499998224,0.7728882637359697,2.86,1.9198938883799561,-0.012500000000000011,-0.44,-0.32645313250135016,0.08499999999999996
W1,fluxv_v4b_filtered,CD,400,0.14083148669886167,0.16090663539311115,-0.14083148669886167,0.3061832787017753,0.2646835533340356,0.901754759551151,0.03218049504951393,-0.10865099164934772,0.29702970297,0.08042233480775404,0.06000000000000005,-0.310891089109,-0.351007467174092,0.012499999999999956
W1,fluxv_v4b_lcrit019,CL,400,0.3679063446003712,0.48127666523808005,-0.23772072976560743,1.187178152178347,0.14584141370850912,0.983519249296201,1.0399112499998224,0.8021905202342151,2.86,2.1136221711386285,-0.015000000000000013,-0.44,-0.3352371728357861,0.057499999999999996
W1,fluxv_v4b_lcrit019,CD,400,0.15235971042429827,0.17218474208549311,-0.15235971042429827,0.3258417799285139,0.283235487795452,0.8878821665694603,0.03218049504951393,-0.12017921537478435,0.29702970297,0.05157785678978563,0.05249999999999999,-0.310891089109,-0.3928210379053544,0.022499999999999964
W1,fluxv_v4b_lcrit019_filtered,CL,400,0.36653319435854137,0.47846674598607897,-0.23772409115942977,0.9769841674092647,0.14498992302608454,0.9854753354159296,1.0399112499998224,0.8021871588403927,2.86,2.045059949598331,-0.020000000000000018,-0.44,-0.3504992628396785,0.06499999999999995
W1,fluxv_v4b_lcrit019_filtered,CD,400,0.15235978812718134,0.1720745999513201,-0.15235978812718134,0.3335494085000731,0.28305430936627485,0.8887395788524529,0.03218049504951393,-0.12017929307766742,0.29702970297,0.04794327766035077,0.4650000000000001,-0.310891089109,-0.38269761573593575,0.012499999999999956
W1,published_standard_theodorsen_digitized,CL,400,0.4177775908908681,0.5278133783638072,-0.1689072217573263,0.9683559718953805,0.15994344798903248,0.9786502883782682,1.0399112499998224,0.8710040282424962,2.86,1.8991517043994832,0.030000000000000027,-0.44,-0.22473706621188783,0.10499999999999998
W2,fluxv_old,CL,400,0.944896338653482,1.0789472959879427,-0.9287585189046819,2.009758544147929,0.20784253860387902,0.9833824718144629,2.1151700367647135,1.1864115178600314,4.64705882353,4.105497514510586,0.15999999999999992,-0.544117647059,-2.154279981756421,-0.05249999999999999
W2,fluxv_old,CD,400,0.6198984380758502,0.7828095193434259,-0.5612989232817861,1.5999090681750923,0.19557952837350934,0.8789539783258357,-0.1251317132538862,-0.6864306365356722,1.69472361809,0.8701849416131308,-0.010000000000000009,-2.30778894472,-2.3923236067357276,0.022499999999999964
W2,fluxv_old_filtered,CL,400,0.9429781776411713,1.0783796093886717,-0.9287584717835915,2.0053574835706307,0.20773318254509596,0.9835072485462099,2.1151700367647135,1.186411564981122,4.64705882353,4.088865370448778,0.14250000000000007,-0.544117647059,-2.156061187507974,-0.05249999999999999
W2,fluxv_old_filtered,CD,400,0.6191280958503704,0.7890522113169248,-0.5612989171635521,1.653279507873988,0.19713922166004738,0.874374257896379,-0.1251317132538862,-0.6864306304174383,1.69472361809,0.8228593689292149,-0.01750000000000007,-2.30778894472,-2.368963750395836,0.03249999999999997
W2,fluxv_v4b,CL,400,0.9001001049180286,1.03589735436152,-0.8749154621657117,1.8837770200494903,0.19954963200162318,0.9808671406591797,2.1151700367647135,1.2402545745990017,4.64705882353,4.463479052373555,0.135,-0.544117647059,-2.238298596361571,-0.030000000000000027
W2,fluxv_v4b,CD,400,0.6030134206974381,0.7230497193031789,-0.40843173433082564,1.4696587344656855,0.18064895686312482,0.8600224399844081,-0.1251317132538862,-0.5335634475847116,1.69472361809,0.913575340403298,-0.01750000000000007,-2.30778894472,-2.0472788227535825,0.03249999999999997
W2,fluxv_v4b_filtered,CL,400,0.8966912863805693,1.0323056437701223,-0.874928908668316,1.8988729721723223,0.1988577444089461,0.9815697968961451,2.1151700367647135,1.2402411280963974,4.64705882353,4.166847377450921,0.10499999999999998,-0.544117647059,-2.125387128123564,-0.03750000000000009
W2,fluxv_v4b_filtered,CD,400,0.6044957840698144,0.725677862528139,-0.408443298937531,1.4825057841333869,0.18130558021750978,0.858172381486086,-0.1251317132538862,-0.5335750121914171,1.69472361809,0.8924620760466855,-0.007500000000000062,-2.30778894472,-1.9759566526381198,0.04749999999999999
W2,fluxv_v4b_lcrit019,CL,400,0.8142971598995854,0.9421931130091308,-0.7656294591797121,1.8384677195240977,0.18149895661363016,0.9841245485206949,2.1151700367647135,1.3495405775850013,4.64705882353,4.680220113643887,0.10250000000000004,-0.544117647059,-2.0163080855033946,-0.05249999999999999
W2,fluxv_v4b_lcrit019,CD,400,0.5848736383033483,0.7140564697543537,-0.4484124087719125,1.4663406308362248,0.17840205584590194,0.8791494449175765,-0.1251317132538862,-0.5735441220257987,1.69472361809,0.9464754995336864,-0.007500000000000062,-2.30778894472,-2.1304623790531423,0.01750000000000007
W2,fluxv_v4b_lcrit019_filtered,CL,400,0.8041256271537294,0.9362861056974531,-0.7655353478375639,1.8332074507326306,0.18036106285387374,0.9851472745533844,2.1151700367647135,1.3496346889271496,4.64705882353,4.328142068681411,0.07499999999999996,-0.544117647059,-2.0003164621237906,-0.04500000000000004
W2,fluxv_v4b_lcrit019_filtered,CD,400,0.5863767402735991,0.7176797846273442,-0.4484217804798684,1.5120692229232955,0.17930731593344224,0.8767252767104161,-0.1251317132538862,-0.5735534937337545,1.69472361809,0.9148031631817783,-0.007500000000000062,-2.30778894472,-2.0890440084768636,0.040000000000000036
W2,published_standard_theodorsen_digitized,CL,400,1.3624943291365725,1.5419580587312278,-1.3167035275660033,2.7577939509172547,0.29703441357990945,0.9158162604168237,2.1151700367647135,0.7984665091987102,4.64705882353,2.994854351998886,0.08250000000000002,-0.544117647059,-1.3120426549014599,-0.1725
W3,fluxv_old,CL,400,0.3698746196971088,0.38651826646127474,-0.3698746196971088,0.6112577517631712,0.1253067283207075,0.9944135873894562,1.1404167910448346,0.7705421713477258,2.75124378109,2.287512216562062,0.0,-0.333333333333,-0.6778299011300041,-0.007500000000000062
W3,fluxv_old,CD,400,0.3218458296565487,0.3308441915765789,-0.3218458296565487,0.4374485240127156,0.5391654087702022,0.9178912881393994,0.12705842105261791,-0.19478740860393082,0.382456140351,0.03756992540189738,-0.029999999999999916,-0.231166666667,-0.5860809816694388,0.020000000000000018
W3,fluxv_old_filtered,CL,400,0.369874526704172,0.38650947489819987,-0.369874526704172,0.6116951080282998,0.12530387815267838,0.9944167294743211,1.1404167910448346,0.7705422643406626,2.75124378109,2.284120865873448,0.0,-0.333333333333,-0.6778397005836613,-0.007500000000000062
W3,fluxv_old_filtered,CD,400,0.32184582743726525,0.3309651983122779,-0.32184582743726525,0.43416557559231717,0.5393626092886886,0.9166495930250296,0.12705842105261791,-0.19478740638464728,0.382456140351,0.042368946748833236,0.41500000000000004,-0.231166666667,-0.5814742613120675,0.020000000000000018
W3,fluxv_v4b,CL,400,0.34863715766574344,0.37708029197335435,-0.34863715766574344,0.6757690080069242,0.12224699788187687,0.990438010569776,1.1404167910448346,0.7917796333790913,2.75124378109,2.27123964094833,0.0,-0.333333333333,-0.570978143916587,-0.03749999999999998
W3,fluxv_v4b,CD,400,0.24064510618231297,0.26310623403983824,-0.24064510618231297,0.4263447450805407,0.4287751873474942,0.8227191553473954,0.12705842105261791,-0.11358668512969505,0.382456140351,0.06944118150665482,-0.015000000000000013,-0.231166666667,-0.3151602011316064,0.03749999999999998
W3,fluxv_v4b_filtered,CL,400,0.3486287525010631,0.3743187762452229,-0.3486287525010631,0.596652064603066,0.12135173229904576,0.9915504829862368,1.1404167910448346,0.7917880385437713,2.75124378109,2.2157677896732064,0.010000000000000009,-0.333333333333,-0.4945099413141977,-0.022500000000000075
W3,fluxv_v4b_filtered,CD,400,0.240645869061019,0.2625914511712678,-0.240645869061019,0.39858738740329275,0.42793626339831425,0.8314379340179852,0.12705842105261791,-0.11358744800840112,0.382456140351,0.04020335023696953,-0.029999999999999916,-0.231166666667,-0.31549097186759184,0.05249999999999999
W3,fluxv_v4b_lcrit019,CL,400,0.2869577955146037,0.30439352957139687,-0.2867480673281227,0.5396208311649549,0.09868241845797933,0.994843808539356,1.1404167910448346,0.8536687237167119,2.75124378109,2.4140687804393264,-0.015000000000000013,-0.333333333333,-0.5957351081082739,-0.0050000000000000044
W3,fluxv_v4b_lcrit019,CD,400,0.25254925356168806,0.2692519175912419,-0.25254925356168806,0.3818057209284762,0.43879059662028447,0.8650322427287674,0.12705842105261791,-0.12549083250907017,0.382456140351,0.0745739703458543,-0.007499999999999951,-0.231166666667,-0.34873321316904543,0.02750000000000008
W3,fluxv_v4b_lcrit019_filtered,CL,400,0.2867078289412264,0.29939123245097254,-0.2867078289412264,0.4646061436861366,0.09706070600441986,0.9963251251984979,1.1404167910448346,0.8537089621036082,2.75124378109,2.3438003078105174,0.0,-0.333333333333,-0.5429068991011938,0.0
W3,fluxv_v4b_lcrit019_filtered,CD,400,0.2525511260078071,0.2688956952934278,-0.2525511260078071,0.3750088568644521,0.4382100733839576,0.8703618982192408,0.12705842105261791,-0.1254927049551892,0.382456140351,0.05917923399627782,-0.015000000000000013,-0.231166666667,-0.33683450997210196,0.04499999999999993
W3,published_standard_theodorsen_digitized,CL,400,0.2898169725648085,0.3652318714757093,-0.25218359568861076,0.7284724632588677,0.11840581639795686,0.9837537191051755,1.1404167910448346,0.8882331953562237,2.75124378109,2.028955103357297,0.01750000000000007,-0.333333333333,-0.24942319461440135,-0.007500000000000062
W4,fluxv_old,CL,400,0.6373695943239747,0.7812440108032124,-0.38592818912720134,1.4578828469422787,0.1615825966119321,0.9466468402321453,1.3730909283980068,0.9871627392708056,4.28640776699,2.865530969431884,-0.007500000000000007,-0.54854368932,-0.8382133440342714,0.0675
W4,fluxv_old,CD,400,0.26245593137631235,0.27923771046148665,-0.2369871837941122,0.4578448330806799,0.11076062727965603,0.9816636686686935,-0.3033136476425149,-0.5403008314366272,0.606699751861,0.5417086929989157,0.06499999999999995,-1.91439205955,-2.1642710643087226,0.007500000000000062
W4,fluxv_old_filtered,CL,400,0.6373780604033213,0.7812438160303125,-0.3859281860489521,1.458084946387347,0.16158255632757731,0.9466469058834326,1.3730909283980068,0.9871627423490545,4.28640776699,2.8658660624212646,-0.007500000000000007,-0.54854368932,-0.8383641498784613,0.0675
W4,fluxv_old_filtered,CD,400,0.2624681223887161,0.27924869571819533,-0.2369871828326396,0.45699770097254494,0.11076498462065368,0.9816581222180543,-0.3033136476425149,-0.5403008304751544,0.606699751861,0.5422320784729602,0.06499999999999995,-1.91439205955,-2.1638503757989933,0.007500000000000062
W4,fluxv_v4b,CL,400,0.5522187646976295,0.7120346033291168,-0.3276462749711031,1.5998786353400796,0.1472682010901794,0.9570461224472347,1.3730909283980068,1.0454446534269037,4.28640776699,3.3352132692984857,-0.015000000000000013,-0.54854368932,-0.7708328689875525,0.06000000000000005
W4,fluxv_v4b,CD,400,0.20705079062966955,0.23375521937329088,-0.14088776250400747,0.4207195421610774,0.09271983603106593,0.97306292655926,-0.3033136476425149,-0.44420141014652237,0.606699751861,0.566811430865643,0.04749999999999999,-1.91439205955,-1.8594633195393602,0.010000000000000009
W4,fluxv_v4b_filtered,CL,400,0.5513585353101536,0.7078780735787529,-0.32766761845953213,1.4751097735853307,0.1464085172261482,0.95859377124821,1.3730909283980068,1.0454233099384749,4.28640776699,3.1075152175444343,-0.01749999999999996,-0.54854368932,-0.7741070277411719,0.0675
W4,fluxv_v4b_filtered,CD,400,0.20505497143270648,0.2314337267583123,-0.1408810786126834,0.4124942915390929,0.0917990077595722,0.9744009521269934,-0.3033136476425149,-0.4441947262551983,0.606699751861,0.5391811573637635,0.05499999999999994,-1.91439205955,-1.7465342535872135,0.007500000000000062
W4,fluxv_v4b_lcrit019,CL,400,0.5167953674023318,0.6653490773334527,-0.30409310309293713,1.5446279483158127,0.13761235936818328,0.9648821832101231,1.3730909283980068,1.0689978253050698,4.28640776699,3.416388798235816,-0.06999999999999995,-0.54854368932,-0.7433725366006576,0.06000000000000005
W4,fluxv_v4b_lcrit019,CD,400,0.19458436681084698,0.22900439961128463,-0.160502270942645,0.43147043997543894,0.09083540653885028,0.978627121971576,-0.3033136476425149,-0.4638159185851599,0.606699751861,0.4948380299545158,0.07250000000000001,-1.91439205955,-1.8752927289972592,0.007500000000000062
W4,fluxv_v4b_lcrit019_filtered,CL,400,0.5151095326079149,0.6616287427830501,-0.3041444957020977,1.3687617829060814,0.1368428925836621,0.9661678844226779,1.3730909283980068,1.0689464326959095,4.28640776699,3.2468235708062836,-0.022499999999999964,-0.54854368932,-0.7410345751237576,0.0525000000000001
W4,fluxv_v4b_lcrit019_filtered,CD,400,0.19097320962766468,0.22678916199021443,-0.16048274703178134,0.4220875778927685,0.08995672468718444,0.9797997750612534,-0.3033136476425149,-0.4637963946742963,0.606699751861,0.4992189301286361,0.04999999999999993,-1.91439205955,-1.8377213221439708,0.007500000000000062
W4,published_standard_theodorsen_digitized,CL,400,0.5916671561698146,0.8474945440524677,-0.49058793025740377,1.7988794428600001,0.17528501613939046,0.9644428845249661,1.3730909283980068,0.8825029981406032,4.28640776699,2.523693154802607,0.07750000000000001,-0.54854368932,-0.8678256212117069,0.010000000000000009
