Time,Z_tip
0,0
0.002,3.1396098021659e-08
0.0040000000000000001,1.5621495060071918e-07
0.0060000000000000001,4.3395249074212863e-07
0.0080000000000000002,9.2207190186129874e-07
0.01,1.678934844460573e-06
0.012,2.7651715227237715e-06
0.014,4.2423851968859316e-06
0.016,6.1708449981442279e-06
0.018000000000000002,8.6084232364300298e-06
0.02,1.1611481746400714e-05
0.021999999999999999,1.5236518957093501e-05
0.024,1.9540917465197946e-05
0.026000000000000002,2.4582231863361985e-05
0.028000000000000001,3.0416851719332166e-05
0.029999999999999999,3.7099273659794436e-05
0.032000000000000001,4.4682457998803295e-05
0.034000000000000002,5.321871684154583e-05
0.036000000000000004,6.2760231280620742e-05
0.037999999999999999,7.3358793118941533e-05
0.040000000000000001,8.5065109475530434e-05
0.042000000000000003,9.7928305701636533e-05
0.043999999999999997,0.00011199595192152655
0.045999999999999999,0.00012731441934911965
0.048000000000000001,0.00014392913917896395
0.050000000000000003,0.00016188453030069574
0.052000000000000005,0.00018122371988807593
0.053999999999999999,0.00020198834866130271
0.056000000000000001,0.00022421861274857704
0.058000000000000003,0.00024795342485894726
0.059999999999999998,0.00027323044589086152
0.062,0.00030008585514662605
0.064000000000000001,0.00032855397759328902
0.066000000000000003,0.00035866705427944196
0.068000000000000005,0.00039045539226047286
0.070000000000000007,0.00042394789593835143
0.072000000000000008,0.00045917293846153639
0.073999999999999996,0.00049615915159301075
0.075999999999999998,0.00053493535426981926
0.078,0.00057552934709837486
0.080000000000000002,0.00061796614050975635
0.082000000000000003,0.00066226661338280451
0.084000000000000005,0.00070844729633072479
0.086000000000000007,0.00075652140350397884
0.087999999999999995,0.00080650073476787277
0.089999999999999997,0.00085839777138481497
0.091999999999999998,0.00091222718455653362
0.094,0.0009680060709876578
0.096000000000000002,0.0010257525745082589
0.098000000000000004,0.0010854831327677856
0.10000000000000001,0.0011472092125997878
0.10200000000000001,0.0012109347518160527
0.10400000000000001,0.0012766553693716917
0.106,0.0013443597615373458
0.108,0.0014140328635458513
0.11,0.0014856597168786778
0.112,0.0015592288039685215
0.114,0.0016347339030627114
0.11600000000000001,0.0017121740756944443
0.11800000000000001,0.0017915519666567223
0.12,0.0018728709870416732
0.122,0.0019561321068965781
0.124,0.0020413309425332087
0.126,0.0021284556572044562
0.128,0.0022174859704257761
0.13,0.0023083933423045408
0.13200000000000001,0.0024011422028310967
0.13400000000000001,0.0024956919567487583
0.13600000000000001,0.0025919994206097621
0.13800000000000001,0.0026900213331807151
0.14000000000000001,0.0027897161497714416
0.14200000000000002,0.0028910449073349261
0.14400000000000002,0.0029939719034212248
0.14599999999999999,0.0030984655223895881
0.14799999999999999,0.0032044986472768095
0.14999999999999999,0.0033120478530262133
0.152,0.003421091360129806
0.154,0.0035316064394410912
0.156,0.003643567038771067
0.158,0.0037569419702825528
0.16,0.0038716935846617394
0.16200000000000001,0.0039877768269619999
0.16400000000000001,0.0041051388198593639
0.16600000000000001,0.0042237192807878772
0.16800000000000001,0.0043434519123318584
0.17000000000000001,0.004464266517399164
0.17200000000000001,0.0045860912943035551
0.17400000000000002,0.0047088547779060462
0.17599999999999999,0.0048324871631614148
0.17799999999999999,0.0049569210502029551
0.17999999999999999,0.0050820917960892947
0.182,0.0052079376307614918
0.184,0.0053343996095622914
0.186,0.0054614214417817832
0.188,0.0055889492640067585
0.19,0.0057169314499359875
0.192,0.005845318507157052
0.19400000000000001,0.0059740630201724721
0.19600000000000001,0.0061031195251979422
0.19800000000000001,0.0062324442010186802
0.20000000000000001,0.0063619943281745606
0.20200000000000001,0.0064917584781380979
0.20400000000000001,0.0066217542884478434
0.20600000000000002,0.0067519956254551176
0.20800000000000002,0.0068824928984533842
0.20999999999999999,0.0070132535316679455
0.21199999999999999,0.0071442814948652058
0.214,0.0072755761357757012
0.216,0.0074071313280390837
0.218,0.0075389356615966421
0.22,0.0076709736401516359
0.222,0.0078032272365346714
0.224,0.0079356771859895783
0.22600000000000001,0.008068303886501909
0.22800000000000001,0.0082010881652007893
0.23000000000000001,0.0083340121112754108
0.23200000000000001,0.0084670598166934081
0.23400000000000001,0.0086002176335349505
0.23600000000000002,0.008733473717579196
0.23800000000000002,0.0088668170576063458
0.23999999999999999,0.0090002365246558309
0.24199999999999999,0.0091337204512266599
0.24399999999999999,0.009267256910211203
0.246,0.0094008344795333178
0.248,0.0095344431046749892
0.25,0.0096680747580086702
0.252,0.0098017237997883103
0.254,0.0099353870924625519
0.25600000000000001,0.010069063935397306
0.25800000000000001,0.010202755828419275
0.26000000000000001,0.010336466043322274
0.26200000000000001,0.010470199034162266
0.26400000000000001,0.010603959815115046
0.26600000000000001,0.010737753496784727
0.26800000000000002,0.010871585134963091
0.27000000000000002,0.011005459909782184
0.27200000000000002,0.011139383481854509
0.27400000000000002,0.011273362260403656
0.27600000000000002,0.011407403416695194
0.27800000000000002,0.011541514572053132
0.28000000000000003,0.011675703226543033
0.28200000000000003,0.011809976288069917
0.28400000000000003,0.011944340219477422
0.28600000000000003,0.012078802117739748
0.28800000000000003,0.012213371481364765
0.28999999999999998,0.012348061885296564
0.29199999999999998,0.012482891596364573
0.29399999999999998,0.012617882457843246
0.29599999999999999,0.012753057024848594
0.29799999999999999,0.012888434651493029
0.29999999999999999,0.01302402770864983
0.30199999999999999,0.013159839154423663
0.30399999999999999,0.013295862270871589
0.30599999999999999,0.013432082672706208
0.308,0.013568481947355984
0.31,0.013705041771672519
0.312,0.013841747245616449
0.314,0.013978588500665872
0.316,0.014115560231162042
0.318,0.014252659423433
0.32000000000000001,0.014389882005399701
0.32200000000000001,0.014527219302434384
0.32400000000000001,0.01466465508652161
0.32600000000000001,0.014802163752533992
0.32800000000000001,0.014939709866637127
0.33000000000000002,0.015077249084357048
0.33200000000000002,0.015214730253028231
0.33400000000000002,0.015352098386975238
0.33600000000000002,0.015489298123580138
0.33800000000000002,0.015626277235563847
0.34000000000000002,0.01576298979636687
0.34200000000000003,0.015899398670566278
0.34400000000000003,0.016035477225648052
0.34600000000000003,0.016171210153828958
0.34800000000000003,0.016306593199032608
0.35000000000000003,0.016441631788889764
0.35199999999999998,0.016576338852788662
0.35399999999999998,0.016710732226958246
0.35599999999999998,0.016844831911609084
0.35799999999999998,0.016978657319732988
0.35999999999999999,0.017112224666120581
0.36199999999999999,0.017245544747895632
0.36399999999999999,0.017378621428123797
0.36599999999999999,0.01751145106086131
0.36799999999999999,0.017644022918456473
0.37,0.017776320504604599
0.372,0.017908323540202175
0.374,0.018040010393561557
0.376,0.018171360736893766
0.378,0.018302358202627707
0.38,0.018432992791196652
0.38200000000000001,0.018563262785141289
0.38400000000000001,0.018693175980268185
0.38600000000000001,0.018822750141868717
0.38800000000000001,0.018952012694934697
0.39000000000000001,0.019080999730435564
0.39200000000000002,0.019209754450486449
0.39400000000000002,0.019338325200368812
0.39600000000000002,0.019466763260389604
0.39800000000000002,0.01959512059496947
0.40000000000000002,0.019723447766421581
0.40200000000000002,0.019851792204212994
0.40400000000000003,0.019980196976469567
0.40600000000000003,0.020108700148349496
0.40800000000000003,0.020237334742182925
0.41000000000000003,0.020366129242542504
0.41200000000000003,0.020495108420137187
0.41400000000000003,0.020624294309230469
0.41600000000000004,0.020753707288095537
0.41799999999999998,0.020883367101706428
0.41999999999999998,0.021013293545996355
0.42199999999999999,0.021143506544842861
0.42399999999999999,0.021274025598196907
0.42599999999999999,0.021404868816998442
0.42799999999999999,0.021536051849822026
0.42999999999999999,0.021667586949735355
0.432,0.021799482324422338
0.434,0.021931741839868665
0.436,0.02206436511238713
0.438,0.022197347980535919
0.44,0.022330683272515962
0.442,0.022464361705797176
0.44400000000000001,0.022598372730034594
0.44600000000000001,0.022732705178841368
0.44800000000000001,0.022867347701064383
0.45000000000000001,0.023002289034903839
0.45200000000000001,0.023137518219891191
0.45400000000000001,0.023273024808255091
0.45600000000000002,0.023408799072080263
0.45800000000000002,0.02354483214728113
0.46000000000000002,0.023681116034102122
0.46200000000000002,0.023817643389051284
0.46400000000000002,0.023954407085788783
0.46600000000000003,0.024091399580168042
0.46800000000000003,0.024228612172230858
0.47000000000000003,0.024366034296438695
0.47200000000000003,0.024503652971197148
0.47400000000000003,0.024641452492140073
0.47600000000000003,0.024779414375579085
0.47800000000000004,0.024917517483653319
0.47999999999999998,0.02505573827766713
0.48199999999999998,0.025194051075345083
0.48399999999999999,0.02533242826831264
0.48599999999999999,0.025470840612070073
0.48799999999999999,0.025609257718153589
0.48999999999999999,0.025747648886204972
0.49199999999999999,0.025885984280726013
0.49399999999999999,0.026024236293890564
0.496,0.026162380804126518
0.498,0.026300397982713549
0.5,0.02643827233236954
0.502,0.026575991759780156
0.504,0.026713545669259299
0.50600000000000001,0.026850922279884927
0.50800000000000001,0.026988105558403502
0.51000000000000001,0.027125072267700539
0.51200000000000001,0.027261789619130863
0.51400000000000001,0.027398213888942164
0.51600000000000001,0.027534290154007508
0.51800000000000002,0.027669953079785873
0.52000000000000002,0.027805128510019258
0.52200000000000002,0.027939735499483958
0.52400000000000002,0.028073688410983445
0.52600000000000002,0.028206898758509149
0.52800000000000002,0.028339276598828435
0.53000000000000003,0.028470731423264884
0.53200000000000003,0.028601172644757162
0.53400000000000003,0.028730509879173544
0.53600000000000003,0.028858653260654902
0.53800000000000003,0.028985514002336194
0.54000000000000004,0.029111005328134727
0.54200000000000004,0.029235043784351784
0.54400000000000004,0.029357550823306947
0.54600000000000004,0.029478454463324286
0.54800000000000004,0.02959769118297622
0.55000000000000004,0.029715207799008037
0.55200000000000005,0.029830962318061548
0.55400000000000005,0.029944923284727462
0.55600000000000005,0.03005706818800416
0.55800000000000005,0.030167381831003318
0.56000000000000005,0.03027585497853692
0.56200000000000006,0.030382483042940795
0.56400000000000006,0.030487264555637696
0.56600000000000006,0.030590199579466428
0.56800000000000006,0.030691288557365859
0.57000000000000006,0.030790532033425629
0.57200000000000006,0.030887931314916451
0.57400000000000007,0.030983489809024017
0.57600000000000007,0.031077214697843136
0.57800000000000007,0.03116911875106582
0.58000000000000007,0.031259222192912377
0.58200000000000007,0.031347554496276596
0.58399999999999996,0.031434155835541724
0.58599999999999997,0.031519077863368973
0.58799999999999997,0.031602383591457693
0.58999999999999997,0.031684146397947845
0.59199999999999997,0.031764448407654189
0.59399999999999997,0.031843378587027821
0.59599999999999997,0.031921030865520506
0.59799999999999998,0.031997502516259567
0.59999999999999998,0.032072892967655926
0.60199999999999998,0.032147303178321901
0.60399999999999998,0.032220835652574206
0.60599999999999998,0.032293595078526201
0.60799999999999998,0.032365689454224571
0.60999999999999999,0.032437231475057123
0.61199999999999999,0.032508339920815504
0.61399999999999999,0.032579140800357745
0.61599999999999999,0.032649767608446616
0.61799999999999999,0.032720360694729084
0.62,0.032791066425736926
0.622,0.032862036379197851
0.624,0.032933426262677243
0.626,0.03300539400169996
0.628,0.0330780970858131
0.63,0.033151689831860696
0.63200000000000001,0.033226321251545329
0.63400000000000001,0.033302133794190218
0.63600000000000001,0.033379262821769951
0.63800000000000001,0.033457836582934462
0.64000000000000001,0.033537976629002909
0.64200000000000002,0.033619798762706571
0.64400000000000002,0.033703414524870863
0.64600000000000002,0.033788932967765112
0.64800000000000002,0.033876462267164974
0.64999999999999991,0.033966110751303159
0.65199999999999991,0.034057987137681489
0.65399999999999991,0.034152199998803021
0.65599999999999992,0.034248856590852569
0.65799999999999992,0.034348061174538543
0.65999999999999992,0.034449912928494086
0.66199999999999992,0.034554503578116236
0.66399999999999992,0.034661914927199812
0.66599999999999993,0.034772216521407891
0.66799999999999993,0.034885463648176407
0.66999999999999993,0.035001695806860467
0.67199999999999993,0.035120935720819292
0.67399999999999993,0.035243188941821574
0.67599999999999993,0.035368444097354561
0.67799999999999994,0.035496673806587498
0.67999999999999994,0.035627836215465711
0.68199999999999994,0.035761876996053571
0.68399999999999994,0.035898731348319703
0.68599999999999994,0.036038325538805052
0.68799999999999994,0.036180578509863393
0.68999999999999995,0.036325403980493151
0.69199999999999995,0.036472712284761719
0.69399999999999995,0.036622411145122609
0.69599999999999995,0.036774405293262001
0.69799999999999995,0.036928595512020497
0.69999999999999996,0.037084877744546482
0.70199999999999996,0.037243142512882958
0.70399999999999996,0.037403274493394659
0.70599999999999996,0.037565152052905428
0.70799999999999996,0.037728646786124274
0.70999999999999996,0.037893623300603523
0.71199999999999997,0.038059939460589193
0.71399999999999997,0.038227447089687429
0.71599999999999997,0.038395992960031794
0.71799999999999997,0.038565419900428631
0.71999999999999997,0.038735567986570685
0.72199999999999998,0.038906275879987677
0.72399999999999998,0.039077382361956445
0.72599999999999998,0.039248727999567551
0.72799999999999998,0.039420156790357784
0.72999999999999998,0.039591517629496566
0.73199999999999998,0.039762665510411042
0.73399999999999999,0.039933462437665976
0.73599999999999999,0.040103778054994592
0.73799999999999999,0.040273489985832869
0.73999999999999999,0.040442483891501464
0.74199999999999999,0.040610653294914631
0.74399999999999999,0.040777899273237994
0.746,0.040944130148932813
0.748,0.041109261281676586
0.75,0.041273214998657201
0.752,0.041435921087860365
0.754,0.041597317713776699
0.75600000000000001,0.041757351765424007
0.75800000000000001,0.041915978185618638
0.76000000000000001,0.042073158805178819
0.76200000000000001,0.042228861439791335
0.76400000000000001,0.042383059274490278
0.76600000000000001,0.042535730063002243
0.76800000000000002,0.042686854777957417
0.77000000000000002,0.042836415846686057
0.77200000000000002,0.042984395457485398
0.77400000000000002,0.043130774335933875
0.77600000000000002,0.043275531031610671
0.77800000000000002,0.043418641497759702
0.78000000000000003,0.043560078791408961
0.78200000000000003,0.04369981295079093
0.78400000000000003,0.043837811251597206
0.78600000000000003,0.043974038957486132
0.78800000000000003,0.044108460450168412
0.79000000000000004,0.044241040450578167
0.79200000000000004,0.044371745044190933
0.79400000000000004,0.044500542357639679
0.79600000000000004,0.044627402871373081
0.79800000000000004,0.044752299411135482
0.80000000000000004,0.04487520685845444
0.80200000000000005,0.044996101628282228
0.80400000000000005,0.045114961014451699
0.80600000000000005,0.045231762566134079
0.80800000000000005,0.045346483670902667
0.81000000000000005,0.045459101458852944
0.81200000000000006,0.045569593042367337
0.81400000000000006,0.045677936023948332
0.81600000000000006,0.045784109172075906
0.81800000000000006,0.045888093169420351
0.82000000000000006,0.045989871518886574
0.82200000000000006,0.046089431603075312
0.82400000000000007,0.046186765216983221
0.82599999999999996,0.046281868224841406
0.82799999999999996,0.046374739882390444
0.82999999999999996,0.046465382365236223
0.83199999999999996,0.046553800633789444
0.83399999999999996,0.046640002419641537
0.83599999999999997,0.046723998135013739
0.83799999999999997,0.046805800745140576
0.83999999999999997,0.046885425794900841
0.84199999999999997,0.046962891693800635
0.84399999999999997,0.04703822015433546
0.84599999999999997,0.047111436556072854
0.84799999999999998,0.047182570058081429
0.84999999999999998,0.047251653413262484
0.85199999999999998,0.047318722510257559
0.85399999999999998,0.047383815641015119
0.85599999999999998,0.047446972439254304
0.85799999999999998,0.04750823244832246
0.85999999999999999,0.047567633371216056
0.86199999999999999,0.047625209164104086
0.86399999999999999,0.047680988185882976
0.86599999999999999,0.047734991597531529
0.86799999999999999,0.047787232159022724
0.87,0.047837713540754334
0.872,0.047886430250441946
0.874,0.047933368240830332
0.876,0.047978506183687951
0.878,0.048021817283234389
0.88,0.048063271399672494
0.88200000000000001,0.048102837198075739
0.88400000000000001,0.048140484039282019
0.88600000000000001,0.048176183372187133
0.88800000000000001,0.048209909395666176
0.89000000000000001,0.048241638973634288
0.89200000000000002,0.048271350804106203
0.89400000000000002,0.048299023895252743
0.89600000000000002,0.048324635656624725
0.89800000000000002,0.048348159919061072
0.90000000000000002,0.048369565206335993
0.90200000000000002,0.048388813561508093
0.90400000000000003,0.048405860222833351
0.90600000000000003,0.048420654404721111
0.90800000000000003,0.048433141323085925
0.91000000000000003,0.048443265416229647
0.91200000000000003,0.048450974505763772
0.91400000000000003,0.048456224483624015
0.91600000000000004,0.048458984031005584
0.91800000000000004,0.048459238867467495
0.92000000000000004,0.048456995069308909
0.92200000000000004,0.048452281074929632
0.92400000000000004,0.048445148115645868
0.92600000000000005,0.048435668976652836
0.92799999999999994,0.048423935188305213
0.92999999999999994,0.048410052939539455
0.93199999999999994,0.048394138153904767
0.93399999999999994,0.048376311250510153
0.93599999999999994,0.048356692122518578
0.93799999999999994,0.048335395813091271
0.93999999999999995,0.048312529267969993
0.94199999999999995,0.048288189410217078
0.94399999999999995,0.048262462630674012
0.94599999999999995,0.048235425631831724
0.94799999999999995,0.048207147418507248
0.94999999999999996,0.04817769210960534
0.95199999999999996,0.048147122162008116
0.95399999999999996,0.048115501557776233
0.95599999999999996,0.048082898513824697
0.95799999999999996,0.04804938733018909
0.95999999999999996,0.048015049094981527
0.96199999999999997,0.047979971099894811
0.96399999999999997,0.047944244974458025
0.96599999999999997,0.047907963699962093
0.96799999999999997,0.047871217796304988
0.96999999999999997,0.047834091071816645
0.97199999999999998,0.047796656376725095
0.97399999999999998,0.047758971799971989
0.97599999999999998,0.047721077698268853
0.97799999999999998,0.047682994851448161
0.97999999999999998,0.047644723911097031
0.98199999999999998,0.047606246166221722
0.98399999999999999,0.04756752550868272
0.98599999999999999,0.047528511358921083
0.98799999999999999,0.047489142223935403
0.98999999999999999,0.047449349512927737
0.99199999999999999,0.047409061234369859
0.99399999999999999,0.047368205239558571
0.996,0.047326711755665878
0.998,0.047284515055001565
1,0.04724155422566928
