case,phase_t_over_T,cl,cd
W1,0,0.58,0.167326732673
W1,0.0025,0.59905,0.166690594059
W1,0.005,0.6154,0.166336633663
W1,0.0075,0.6362,0.164643564357
W1,0.01,0.6516,0.164356435644
W1,0.0125,0.677,0.163514851486
W1,0.015,0.6962,0.162376237624
W1,0.0175,0.7178,0.162376237624
W1,0.02,0.7416,0.160396039604
W1,0.0225,0.7586,0.160396039604
W1,0.025,0.784,0.158712871287
W1,0.0275,0.8094,0.158148514851
W1,0.03,0.8348,0.156435643564
W1,0.0325,0.8602,0.155039603961
W1,0.035,0.8856,0.154455445545
W1,0.0375,0.911,0.152475247525
W1,0.04,0.9364,0.151366336634
W1,0.0425,0.9618,0.148821782178
W1,0.045,0.9872,0.148257425742
W1,0.0475,1.01,0.145712871287
W1,0.05,1.034,0.143168316832
W1,0.0525,1.0767,0.140623762376
W1,0.055,1.0988,0.138079207921
W1,0.0575,1.1242,0.135534653465
W1,0.06,1.1496,0.13299009901
W1,0.0625,1.1825,0.130445544554
W1,0.065,1.2104,0.127089108911
W1,0.0675,1.2358,0.123376237624
W1,0.07,1.2612,0.118891089109
W1,0.0725,1.2866,0.115782178218
W1,0.075,1.322,0.111782178218
W1,0.0775,1.3474,0.107584158416
W1,0.08,1.3728,0.102495049505
W1,0.0825,1.4073,0.097405940594
W1,0.085,1.4336,0.0923168316832
W1,0.0875,1.459,0.0872277227723
W1,0.09,1.4844,0.0821386138614
W1,0.0925,1.5098,0.0770495049506
W1,0.095,1.5352,0.0703168316832
W1,0.0975,1.5606,0.0646633663366
W1,0.1,1.594,0.0578217821782
W1,0.1025,1.6207,0.0513762376238
W1,0.105,1.6368,0.0456633663371
W1,0.1075,1.6622,0.0390990099012
W1,0.11,1.6876,0.0312079207901
W1,0.1125,1.723,0.024108910891
W1,0.115,1.7442,0.017168316832
W1,0.1175,1.7638,0.00953465346638
W1,0.12,1.7892,0.00190099009864
W1,0.1225,1.8146,-0.005732673268
W1,0.125,1.84,-0.0148514851485
W1,0.1275,1.8654,-0.0209999999993
W1,0.13,1.8908,-0.028633663365
W1,0.1325,1.9131,-0.0364752475261
W1,0.135,1.9316,-0.0458811881191
W1,0.1375,1.957,-0.0535148514849
W1,0.14,1.9824,-0.0630495049492
W1,0.1425,2.0078,-0.0692673267315
W1,0.145,2.0332,-0.0783960396047
W1,0.1475,2.0586,-0.0860297029704
W1,0.15,2.074,-0.093663366336
W1,0.1525,2.0994,-0.101297029703
W1,0.155,2.1248,-0.110257425744
W1,0.1575,2.1501,-0.118544554456
W1,0.16,2.1656,-0.126178217822
W1,0.1625,2.191,-0.133811881187
W1,0.165,2.2082,-0.141445544555
W1,0.1675,2.2318,-0.147099009901
W1,0.17,2.2572,-0.154732673268
W1,0.1725,2.2826,-0.162366336633
W1,0.175,2.308,-0.169999999999
W1,0.1775,2.3317,-0.175653465348
W1,0.18,2.3488,-0.183287128713
W1,0.1825,2.3742,-0.189326732673
W1,0.185,2.3898,-0.194594059405
W1,0.1875,2.4125,-0.201485148515
W1,0.19,2.4304,-0.20788118812
W1,0.1925,2.4558,-0.213643564357
W1,0.195,2.4712,-0.218732673267
W1,0.1975,2.4933,-0.223821782177
W1,0.2,2.512,-0.228910891089
W1,0.2025,2.5287,-0.234000000001
W1,0.205,2.5514,-0.239089108911
W1,0.2075,2.5682,-0.244178217821
W1,0.21,2.5868,-0.249267326732
W1,0.2125,2.5995,-0.25391089109
W1,0.215,2.6222,-0.257465346535
W1,0.2175,2.6349,-0.26098019802
W1,0.22,2.6476,-0.265663366336
W1,0.2225,2.6606,-0.270029702971
W1,0.225,2.683,-0.272574257426
W1,0.2275,2.6957,-0.276970297029
W1,0.23,2.7084,-0.279643564356
W1,0.2325,2.7211,-0.282188118812
W1,0.235,2.7338,-0.284732673267
W1,0.2375,2.7465,-0.289257425743
W1,0.24,2.75,-0.291801980198
W1,0.2425,2.7619,-0.294346534653
W1,0.245,2.7746,-0.296891089109
W1,0.2475,2.7873,-0.29900990099
W1,0.25,2.79,-0.3
W1,0.2525,2.8027,-0.302544554455
W1,0.255,2.81,-0.30495049505
W1,0.2575,2.81,-0.305653465347
W1,0.26,2.8208,-0.306930693069
W1,0.2625,2.83,-0.308762376237
W1,0.265,2.83,-0.309326732673
W1,0.2675,2.8389,-0.310891089109
W1,0.27,2.8416,-0.310891089109
W1,0.2725,2.85,-0.310891089109
W1,0.275,2.85,-0.310891089109
W1,0.2775,2.85,-0.310891089109
W1,0.28,2.86,-0.310891089109
W1,0.2825,2.86,-0.310891089109
W1,0.285,2.86,-0.310891089109
W1,0.2875,2.86,-0.309356435644
W1,0.29,2.86,-0.306930693069
W1,0.2925,2.86,-0.306247524752
W1,0.295,2.86,-0.30495049505
W1,0.2975,2.86,-0.303138613862
W1,0.3,2.86,-0.300198019802
W1,0.3025,2.86,-0.29606930693
W1,0.305,2.86,-0.293524752475
W1,0.3075,2.86,-0.29098019802
W1,0.31,2.8552,-0.287762376238
W1,0.3125,2.85,-0.282673267326
W1,0.315,2.85,-0.279386138614
W1,0.3175,2.8471,-0.27606930693
W1,0.32,2.84,-0.269386138614
W1,0.3225,2.84,-0.265811881188
W1,0.325,2.839,-0.259207920791
W1,0.3275,2.83,-0.254118811881
W1,0.33,2.8236,-0.24902970297
W1,0.3325,2.82,-0.242148514852
W1,0.335,2.81,-0.234891089109
W1,0.3375,2.8055,-0.228861386138
W1,0.34,2.8,-0.222732673267
W1,0.3425,2.7901,-0.213594059407
W1,0.345,2.7874,-0.205960396041
W1,0.3475,2.78,-0.198326732673
W1,0.35,2.772,-0.190693069306
W1,0.3525,2.7593,-0.181079207921
W1,0.355,2.75,-0.173445544555
W1,0.3575,2.7439,-0.164316831682
W1,0.36,2.7312,-0.156198019801
W1,0.3625,2.72,-0.147920792079
W1,0.365,2.7158,-0.137742574258
W1,0.3675,2.7031,-0.127564356437
W1,0.37,2.6904,-0.119366336632
W1,0.3725,2.6777,-0.11010891089
W1,0.375,2.665,-0.10099009901
W1,0.3775,2.6523,-0.0908811881195
W1,0.38,2.6296,-0.0826138613866
W1,0.3825,2.6169,-0.072435643563
W1,0.385,2.6042,-0.0640198019799
W1,0.3875,2.5915,-0.054059405941
W1,0.39,2.5776,-0.0438811881201
W1,0.3925,2.5561,-0.0351782178211
W1,0.395,2.5368,-0.025504950494
W1,0.3975,2.5207,-0.0159504950494
W1,0.4,2.498,-0.00712871287209
W1,0.4025,2.4806,0.00129702970169
W1,0.405,2.4626,0.0109108910902
W1,0.4075,2.4398,0.0203465346542
W1,0.41,2.4172,0.0345346534648
W1,0.4125,2.399,0.0397524752466
W1,0.415,2.3736,0.0473861386132
W1,0.4175,2.3482,0.0561980198031
W1,0.42,2.3228,0.066376237624
W1,0.4225,2.2974,0.074574257425
W1,0.425,2.272,0.0838613861374
W1,0.4275,2.2449,0.09295049505
W1,0.43,2.2112,0.101108910892
W1,0.4325,2.1858,0.108742574257
W1,0.435,2.1604,0.117544554454
W1,0.4375,2.125,0.125990099011
W1,0.44,2.0944,0.133940594061
W1,0.4425,2.0563,0.143237623762
W1,0.445,2.0282,0.150871287128
W1,0.4475,1.9901,0.158504950494
W1,0.45,1.952,0.166138613863
W1,0.4525,1.9226,0.173772277228
W1,0.455,1.8858,0.181405940594
W1,0.4575,1.8477,0.187366336632
W1,0.46,1.8096,0.196673267327
W1,0.4625,1.762,0.20287128713
W1,0.465,1.7334,0.20996039604
W1,0.4675,1.6953,0.21700990099
W1,0.47,1.6496,0.223247524751
W1,0.4725,1.6091,0.23088118812
W1,0.475,1.571,0.236237623762
W1,0.4775,1.5272,0.242188118812
W1,0.48,1.4848,0.248396039603
W1,0.4825,1.4456,0.253485148514
W1,0.485,1.3986,0.258574257426
W1,0.4875,1.3605,0.263663366337
W1,0.49,1.3132,0.268752475247
W1,0.4925,1.2624,0.273554455445
W1,0.495,1.2162,0.276950495049
W1,0.4975,1.1781,0.280623762377
W1,0.5,1.14,0.285148514851
W1,0.5025,1.0919,0.287693069306
W1,0.505,1.0376,0.290237623763
W1,0.5075,0.9938,0.292782178218
W1,0.51,0.966799999999,0.293346534654
W1,0.5125,0.919499999999,0.29504950495
W1,0.515,0.875199999999,0.296455445544
W1,0.5175,0.833299999999,0.29702970297
W1,0.52,0.795199999999,0.29702970297
W1,0.5225,0.752799999998,0.29702970297
W1,0.525,0.715999999999,0.29702970297
W1,0.5275,0.671199999998,0.29702970297
W1,0.53,0.632799999998,0.296198019801
W1,0.5325,0.594699999998,0.29504950495
W1,0.535,0.556599999998,0.293089108911
W1,0.5375,0.518499999998,0.290544554456
W1,0.54,0.483599999998,0.288
W1,0.5425,0.452299999997,0.285455445544
W1,0.545,0.422799999998,0.282910891089
W1,0.5475,0.387399999998,0.279544554456
W1,0.55,0.357999999997,0.275841584158
W1,0.5525,0.326599999998,0.273297029703
W1,0.555,0.301199999998,0.268237623762
W1,0.5575,0.265799999998,0.264247524753
W1,0.56,0.240399999998,0.260039603961
W1,0.5625,0.214999999997,0.25495049505
W1,0.565,0.189599999997,0.249861386138
W1,0.5675,0.164199999997,0.244772277228
W1,0.57,0.144399999999,0.239683168317
W1,0.5725,0.123399999997,0.234594059406
W1,0.575,0.107999999997,0.229504950494
W1,0.5775,0.0862999999984,0.224415841584
W1,0.58,0.0671999999967,0.219326732673
W1,0.5825,0.0508999999983,0.214237623763
W1,0.585,0.0281999999983,0.209148514851
W1,0.5875,0.0154999999982,0.20405940594
W1,0.59,-0.00440000000366,0.198455445544
W1,0.5925,-0.0199000000019,0.191900990099
W1,0.595,-0.0326000000019,0.186811881189
W1,0.5975,-0.045300000002,0.181722772277
W1,0.6,-0.058000000002,0.176633663366
W1,0.6025,-0.0707000000021,0.171544554456
W1,0.605,-0.0834000000021,0.166455445545
W1,0.6075,-0.0961000000022,0.161366336634
W1,0.61,-0.1,0.156277227722
W1,0.6125,-0.12,0.151188118812
W1,0.615,-0.124200000002,0.146099009901
W1,0.6175,-0.136900000002,0.141792079208
W1,0.62,-0.149600000002,0.137900990099
W1,0.6225,-0.16,0.132811881188
W1,0.625,-0.165,0.127722772277
W1,0.6275,-0.177699999998,0.122633663367
W1,0.63,-0.19,0.119168316832
W1,0.6325,-0.193099999998,0.114435643564
W1,0.635,-0.205799999998,0.109346534653
W1,0.6375,-0.218499999998,0.105594059406
W1,0.64,-0.221199999998,0.101148514852
W1,0.6425,-0.233899999998,0.0965445544557
W1,0.645,-0.246599999998,0.092950495049
W1,0.6475,-0.25,0.0894752475247
W1,0.65,-0.261999999998,0.0847524752479
W1,0.6525,-0.274699999998,0.0804257425743
W1,0.655,-0.28,0.0765544554448
W1,0.6575,-0.290099999998,0.0733564356434
W1,0.66,-0.3,0.0683564356438
W1,0.6625,-0.305499999998,0.0643069306934
W1,0.665,-0.318199999998,0.060158415841
W1,0.6675,-0.320899999998,0.05704950495
W1,0.67,-0.333599999998,0.0527128712871
W1,0.6725,-0.34,0.0488514851489
W1,0.675,-0.348999999998,0.0456435643568
W1,0.6775,-0.36,0.0411188118808
W1,0.68,-0.364399999999,0.0385742574255
W1,0.6825,-0.37,0.0376237623762
W1,0.685,-0.379799999999,0.0311485148523
W1,0.6875,-0.382499999999,0.0257425742574
W1,0.69,-0.39,0.024435643564
W1,0.6925,-0.397899999999,0.0200198019801
W1,0.695,-0.400599999999,0.0173663366338
W1,0.6975,-0.41,0.0148217821786
W1,0.7,-0.415999999999,0.0122772277226
W1,0.7025,-0.42,0.00973267326714
W1,0.705,-0.421399999999,0.00645544554464
W1,0.7075,-0.43,0.0026633663369
W1,0.71,-0.43,0.000118811881677
W1,0.7125,-0.43,-0.00242574257456
W1,0.715,-0.432199999999,-0.0039603960396
W1,0.7175,-0.44,-0.00553465346521
W1,0.72,-0.44,-0.00807920792051
W1,0.7225,-0.44,-0.00990099009901
W1,0.725,-0.44,-0.0111881188121
W1,0.7275,-0.44,-0.0137326732673
W1,0.73,-0.44,-0.0142970297027
W1,0.7325,-0.44,-0.0158415841584
W1,0.735,-0.44,-0.0174059405944
W1,0.7375,-0.44,-0.0178217821782
W1,0.74,-0.44,-0.0178217821782
W1,0.7425,-0.44,-0.0178217821782
W1,0.745,-0.44,-0.0178217821782
W1,0.7475,-0.44,-0.0178217821782
W1,0.75,-0.43,-0.0178217821782
W1,0.7525,-0.43,-0.0178217821782
W1,0.755,-0.43,-0.0178217821782
W1,0.7575,-0.43,-0.0178217821782
W1,0.76,-0.42,-0.0178217821782
W1,0.7625,-0.42,-0.01599009901
W1,0.765,-0.42,-0.0158415841584
W1,0.7675,-0.4111,-0.0148613861386
W1,0.77,-0.41,-0.0138613861386
W1,0.7725,-0.41,-0.0117524752475
W1,0.775,-0.402999999999,-0.00990099009901
W1,0.7775,-0.4,-0.00864356435686
W1,0.78,-0.397599999999,-0.00609900990071
W1,0.7825,-0.39,-0.00553465346521
W1,0.785,-0.39,-0.00299009900998
W1,0.7875,-0.38,-0.00044554455476
W1,0.79,-0.38,0.000237623763353
W1,0.7925,-0.374099999999,0.0039603960396
W1,0.795,-0.37,0.00520792079212
W1,0.7975,-0.368699999999,0.00775247524734
W1,0.8,-0.36,0.0122772277226
W1,0.8025,-0.353299999999,0.0148217821786
W1,0.805,-0.35,0.0173663366338
W1,0.8075,-0.34,0.019910891089
W1,0.81,-0.34,0.0224554455442
W1,0.8125,-0.332499999999,0.0250000000001
W1,0.815,-0.329799999999,0.0257425742574
W1,0.8175,-0.317099999999,0.0328415841586
W1,0.82,-0.31,0.0376237623762
W1,0.8225,-0.301699999999,0.039138613861
W1,0.825,-0.298999999998,0.0417821782186
W1,0.8275,-0.286299999998,0.0462079207922
W1,0.83,-0.28,0.0487524752474
W1,0.8325,-0.270899999998,0.0530891089104
W1,0.835,-0.26,0.055821782178
W1,0.8375,-0.255499999998,0.0593069306937
W1,0.84,-0.242799999998,0.062891089109
W1,0.8425,-0.24,0.067415841584
W1,0.845,-0.227399999998,0.0706138613854
W1,0.8475,-0.214699999998,0.0744851485149
W1,0.85,-0.201999999998,0.0788118811885
W1,0.8525,-0.189299999998,0.0819207920792
W1,0.855,-0.18,0.0860792079206
W1,0.8575,-0.173899999998,0.0901188118818
W1,0.86,-0.161199999998,0.0951287128716
W1,0.8625,-0.148499999998,0.0976732673268
W1,0.865,-0.135799999998,0.101425742574
W1,0.8675,-0.123099999998,0.104742574258
W1,0.87,-0.110399999998,0.109623762377
W1,0.8725,-0.0976999999975,0.113792079209
W1,0.875,-0.08,0.117821782178
W1,0.8775,-0.0623000000025,0.120861386138
W1,0.88,-0.0496000000024,0.12403960396
W1,0.8825,-0.0369000000024,0.127930693069
W1,0.885,-0.0242000000023,0.132237623763
W1,0.8875,-0.0115000000023,0.135
W1,0.89,0.00119999999776,0.137544554455
W1,0.8925,0.0138999999978,0.140089108911
W1,0.895,0.0265999999979,0.144613861387
W1,0.8975,0.0392999999979,0.147158415841
W1,0.9,0.0539999999959,0.149702970297
W1,0.9025,0.074699999998,0.152247524752
W1,0.905,0.0873999999981,0.154792079209
W1,0.9075,0.100099999998,0.157336633663
W1,0.91,0.112799999998,0.159881188119
W1,0.9125,0.125499999998,0.162376237624
W1,0.915,0.138199999998,0.16299009901
W1,0.9175,0.150899999998,0.165534653466
W1,0.92,0.163599999998,0.166336633663
W1,0.9225,0.17,0.168643564356
W1,0.925,0.178999999998,0.170297029703
W1,0.9275,0.191699999999,0.170297029703
W1,0.93,0.204399999999,0.172277227723
W1,0.9325,0.217099999999,0.172881188119
W1,0.935,0.229799999999,0.174257425743
W1,0.9375,0.242499999999,0.174257425743
W1,0.94,0.255199999999,0.174574257426
W1,0.9425,0.267899999999,0.176237623762
W1,0.945,0.280599999999,0.176237623762
W1,0.9475,0.29,0.176237623762
W1,0.95,0.295999999999,0.176237623762
W1,0.9525,0.308699999999,0.176237623762
W1,0.955,0.321399999999,0.176237623762
W1,0.9575,0.334099999999,0.176237623762
W1,0.96,0.346799999999,0.176237623762
W1,0.9625,0.359499999999,0.174801980198
W1,0.965,0.372199999999,0.174257425743
W1,0.9675,0.384899999999,0.174257425743
W1,0.97,0.397599999999,0.174257425743
W1,0.9725,0.410299999999,0.174257425743
W1,0.975,0.422999999999,0.172277227723
W1,0.9775,0.4357,0.172277227723
W1,0.98,0.4484,0.172277227723
W1,0.9825,0.4611,0.172267326733
W1,0.985,0.477599999999,0.170297029703
W1,0.9875,0.4965,0.170297029703
W1,0.99,0.5092,0.170297029703
W1,0.9925,0.5319,0.168316831683
W1,0.995,0.5446,0.168316831683
W1,0.9975,0.56095,0.167962871287
W1,1,0.58,0.167326732673
W2,0,-0.529411764706,0.0326633165835
W2,0.0025,-0.51987132353,0.0398005653268
W2,0.005,-0.505955882353,0.0439698492462
W2,0.0075,-0.5,0.0528737437185
W2,0.01,-0.4825,0.0558417085427
W2,0.0125,-0.463419117647,0.0665829145729
W2,0.015,-0.444338235294,0.0665829145729
W2,0.0175,-0.425257352941,0.0760521356785
W2,0.02,-0.400588235293,0.0778894472362
W2,0.0225,-0.372389705882,0.0819880653268
W2,0.025,-0.35330882353,0.0891959798995
W2,0.0275,-0.319522058823,0.0891959798995
W2,0.03,-0.292058823529,0.100502512563
W2,0.0325,-0.266654411765,0.100502512563
W2,0.035,-0.230441176471,0.100502512563
W2,0.0375,-0.192279411765,0.100502512563
W2,0.04,-0.154117647059,0.100502512563
W2,0.0425,-0.115110294119,0.100502512563
W2,0.045,-0.0630882352945,0.100502512563
W2,0.0475,-0.0249264705886,0.100502512563
W2,0.05,0.0272058823525,0.100502512563
W2,0.0525,0.0808088235293,0.0947079145732
W2,0.055,0.126985294117,0.0891959798995
W2,0.0575,0.184227941176,0.0891959798995
W2,0.06,0.241470588235,0.0858040201007
W2,0.0625,0.298713235294,0.0715295226133
W2,0.065,0.366764705882,0.0665829145729
W2,0.0675,0.427904411765,0.0542870603016
W2,0.07,0.485147058824,0.0400125628142
W2,0.0725,0.55161764706,0.0257380653268
W2,0.075,0.614338235295,0.0114635678394
W2,0.0775,0.686286764706,-0.00281092964812
W2,0.08,0.743529411765,-0.0170854271356
W2,0.0825,0.824816176472,-0.031359924623
W2,0.085,0.903823529412,-0.0560929648239
W2,0.0875,0.974080882354,-0.0733354271355
W2,0.09,1.04176470588,-0.0917085427136
W2,0.0925,1.11808823529,-0.115876256282
W2,0.095,1.19441176471,-0.158699748743
W2,0.0975,1.27073529412,-0.176224874372
W2,0.1,1.34705882354,-0.204773869346
W2,0.1025,1.42338235293,-0.233322864319
W2,0.105,1.50698529411,-0.261871859291
W2,0.1075,1.57908088235,-0.290420854274
W2,0.11,1.66705882354,-0.325188442212
W2,0.1125,1.74338235293,-0.358825376882
W2,0.115,1.81970588236,-0.388222361802
W2,0.1175,1.91047794117,-0.431045854276
W2,0.12,1.98705882354,-0.473869346734
W2,0.1225,2.04639705882,-0.506940954771
W2,0.125,2.13602941177,-0.548209798988
W2,0.1275,2.21602941176,-0.591033291461
W2,0.13,2.29926470589,-0.633856783919
W2,0.1325,2.38338235293,-0.676680276378
W2,0.135,2.45970588236,-0.717525125625
W2,0.1375,2.53602941176,-0.755967336689
W2,0.14,2.61235294118,-0.805150753769
W2,0.1425,2.68867647058,-0.847974246227
W2,0.145,2.765,-0.890797738689
W2,0.1475,2.84132352941,-0.93362123116
W2,0.15,2.91764705883,-0.984924623116
W2,0.1525,2.98143382352,-1.03057474874
W2,0.155,3.07029411765,-1.0733982412
W2,0.1575,3.14661764707,-1.12229899498
W2,0.16,3.20823529412,-1.17035175879
W2,0.1625,3.27959558823,-1.21388190954
W2,0.165,3.34617647059,-1.26730527638
W2,0.1675,3.40878676471,-1.31012876885
W2,0.17,3.4694117647,-1.35295226131
W2,0.1725,3.53797794117,-1.40581030151
W2,0.175,3.59522058823,-1.44283919597
W2,0.1775,3.6542647059,-1.49272927136
W2,0.18,3.71823529412,-1.53555276382
W2,0.1825,3.76694852942,-1.57837625628
W2,0.185,3.82419117646,-1.62600502512
W2,0.1875,3.88143382353,-1.67532977387
W2,0.19,3.92970588235,-1.7074120603
W2,0.1925,3.9812132353,-1.74967022613
W2,0.195,4.02374999999,-1.78712311558
W2,0.1975,4.08099264705,-1.82401067839
W2,0.2,4.11470588235,-1.85552763819
W2,0.2025,4.16463235294,-1.89538316583
W2,0.205,4.20279411764,-1.92986809046
W2,0.2075,4.24095588235,-1.96378768844
W2,0.21,4.27911764706,-1.99233668342
W2,0.2125,4.31727941177,-2.02441896985
W2,0.215,4.34683823529,-2.05423994975
W2,0.2175,4.37889705883,-2.07798366835
W2,0.22,4.41705882353,-2.10653266331
W2,0.2225,4.44819852941,-2.1309830402
W2,0.225,4.46727941176,-2.1523241206
W2,0.2275,4.48742647059,-2.17083856784
W2,0.23,4.52014705882,-2.19641959799
W2,0.2325,4.53922794118,-2.21069409547
W2,0.235,4.55830882352,-2.23260050251
W2,0.2375,4.56268382353,-2.25054962312
W2,0.24,4.58176470588,-2.26256281407
W2,0.2425,4.60084558824,-2.26779208542
W2,0.245,4.61764705882,-2.28206658292
W2,0.2475,4.61764705882,-2.2851758794
W2,0.25,4.62867647059,-2.29648241206
W2,0.2525,4.63305147059,-2.29648241206
W2,0.255,4.64705882353,-2.29648241206
W2,0.2575,4.64705882353,-2.30778894472
W2,0.26,4.64705882353,-2.30778894472
W2,0.2625,4.64705882353,-2.3014290201
W2,0.265,4.64705882353,-2.29648241206
W2,0.2675,4.64705882353,-2.29549309045
W2,0.27,4.64705882353,-2.2851758794
W2,0.2725,4.64705882353,-2.27825062814
W2,0.275,4.63639705883,-2.26397613065
W2,0.2775,4.63235294118,-2.26100816583
W2,0.28,4.62764705882,-2.24673366834
W2,0.2825,4.61764705882,-2.23245917085
W2,0.285,4.60419117647,-2.21818467337
W2,0.2875,4.59981617647,-2.201790201
W2,0.29,4.58073529411,-2.17832914573
W2,0.2925,4.57352941176,-2.16405464824
W2,0.295,4.55727941176,-2.1387562814
W2,0.2975,4.54411764706,-2.12151381909
W2,0.3,4.53382352941,-2.09861809045
W2,0.3025,4.51474264706,-2.08434359297
W2,0.305,4.49566176471,-2.04745603016
W2,0.3075,4.47658088235,-2.03318153266
W2,0.31,4.47058823529,-2.01268844221
W2,0.3125,4.453125,-1.98413944724
W2,0.315,4.43404411765,-1.95559045227
W2,0.3175,4.4149632353,-1.92704145728
W2,0.32,4.39588235294,-1.89849246231
W2,0.3225,4.37680147059,-1.86994346734
W2,0.325,4.35772058823,-1.84139447237
W2,0.3275,4.33863970589,-1.81284547738
W2,0.33,4.31955882353,-1.78429648241
W2,0.3325,4.30047794118,-1.75574748744
W2,0.335,4.28139705883,-1.72719849246
W2,0.3375,4.26231617647,-1.69370288945
W2,0.34,4.24323529412,-1.65879396985
W2,0.3425,4.22415441176,-1.63024497487
W2,0.345,4.20507352941,-1.59915201006
W2,0.3475,4.18599264706,-1.56184045226
W2,0.35,4.16691176471,-1.53329145728
W2,0.3525,4.14783088235,-1.50474246232
W2,0.355,4.14345588236,-1.47308417086
W2,0.3575,4.124375,-1.43633793969
W2,0.36,4.10529411765,-1.40778894472
W2,0.3625,4.08823529412,-1.37853329146
W2,0.365,4.08183823529,-1.33938442211
W2,0.3675,4.06275735294,-1.31083542714
W2,0.37,4.04411764706,-1.2726758794
W2,0.3725,4.03930147059,-1.24243090452
W2,0.375,4.02941176471,-1.20964195981
W2,0.3775,4.01584558823,-1.17402638191
W2,0.38,4,-1.14547738693
W2,0.3825,3.99238970588,-1.1056218593
W2,0.385,3.98529411765,-1.07707286433
W2,0.3875,3.98363970588,-1.04852386934
W2,0.39,3.97058823529,-1.01997487438
W2,0.3925,3.97058823529,-0.980119346737
W2,0.395,3.95588235294,-0.951570351759
W2,0.3975,3.95588235294,-0.923021356781
W2,0.4,3.95588235294,-0.883165829146
W2,0.4025,3.95588235294,-0.851648869351
W2,0.405,3.95588235294,-0.820697236181
W2,0.4075,3.95588235294,-0.788614949745
W2,0.41,3.95588235294,-0.757097989949
W2,0.4125,3.95588235294,-0.717807788947
W2,0.415,3.95588235294,-0.689258793969
W2,0.4175,3.95588235294,-0.660709798992
W2,0.42,3.95588235294,-0.620854271356
W2,0.4225,3.95996323529,-0.592305276385
W2,0.425,3.97058823529,-0.55668969849
W2,0.4275,3.97058823529,-0.533935301506
W2,0.43,3.98529411765,-0.493655778895
W2,0.4325,3.98529411765,-0.455496231158
W2,0.435,3.98529411765,-0.41931532663
W2,0.4375,4,-0.38709170854
W2,0.44,4.00529411764,-0.356281407035
W2,0.4425,4.01470588235,-0.318687185933
W2,0.445,4.02875000001,-0.28194095477
W2,0.4475,4.033125,-0.250282663314
W2,0.45,4.04411764706,-0.210427135678
W2,0.4525,4.05658088235,-0.176083542717
W2,0.455,4.06095588235,-0.159547738693
W2,0.4575,4.07352941176,-0.090860552761
W2,0.46,4.08441176471,-0.0623115577889
W2,0.4625,4.08823529412,-0.0274026381953
W2,0.465,4.09316176471,0.0154208542769
W2,0.4675,4.10294117647,0.0469378140746
W2,0.47,4.11661764706,0.0897613065326
W2,0.4725,4.12099264706,0.132584798991
W2,0.475,4.13235294118,0.165515075381
W2,0.4775,4.13235294118,0.206925251261
W2,0.48,4.14705882353,0.249748743719
W2,0.4825,4.14705882353,0.285081658289
W2,0.485,4.15757352941,0.334547738703
W2,0.4875,4.16176470588,0.366912688446
W2,0.49,4.16176470588,0.409736180904
W2,0.4925,4.16176470588,0.444503768842
W2,0.495,4.16176470588,0.484076633174
W2,0.4975,4.16176470588,0.535521356787
W2,0.5,4.16176470588,0.56972361809
W2,0.5025,4.16176470588,0.612547110548
W2,0.505,4.16176470588,0.655370603007
W2,0.5075,4.15599264706,0.698194095481
W2,0.51,4.14705882353,0.734798994975
W2,0.5125,4.13253676471,0.772534547735
W2,0.515,4.13235294118,0.815358040194
W2,0.5175,4.12378676471,0.858181532668
W2,0.52,4.10470588235,0.901005025126
W2,0.5225,4.10033088235,0.934076633163
W2,0.525,4.08125,0.975345477381
W2,0.5275,4.06216911764,1.01816896986
W2,0.53,4.0430882353,1.05364321608
W2,0.5325,4.02400735294,1.0925094221
W2,0.535,4.00492647059,1.1240263819
W2,0.5375,3.98584558824,1.16190326633
W2,0.54,3.95205882353,1.19836683417
W2,0.5425,3.93297794118,1.23030778894
W2,0.545,3.90132352942,1.26140075376
W2,0.5475,3.87786764706,1.29871231156
W2,0.55,3.84632352941,1.32726130653
W2,0.5525,3.81625,1.3558103015
W2,0.555,3.76404411765,1.38435929648
W2,0.5575,3.73992647058,1.41290829146
W2,0.56,3.70176470588,1.44145728643
W2,0.5625,3.66360294117,1.4700062814
W2,0.565,3.62198529412,1.49488065326
W2,0.5675,3.57257352941,1.51579773869
W2,0.57,3.53441176472,1.5347361809
W2,0.5725,3.48154411765,1.56031721105
W2,0.575,3.44338235294,1.57459170854
W2,0.5775,3.39459558824,1.5960741206
W2,0.58,3.35205882354,1.61444723618
W2,0.5825,3.29481617647,1.62872173367
W2,0.585,3.23757352941,1.64299623115
W2,0.5875,3.19375,1.64949748744
W2,0.59,3.13779411765,1.66023869347
W2,0.5925,3.08055147059,1.67211055276
W2,0.595,3.02330882352,1.67748115578
W2,0.5975,2.96606617647,1.68341708543
W2,0.6,2.90882352942,1.68341708543
W2,0.6025,2.85158088236,1.69472361809
W2,0.605,2.79433823529,1.69472361809
W2,0.6075,2.74139705882,1.69472361809
W2,0.61,2.67720588235,1.69415829146
W2,0.6125,2.62095588235,1.68341708543
W2,0.615,2.56536764705,1.68341708543
W2,0.6175,2.50102941177,1.67394786432
W2,0.62,2.44764705882,1.67097989949
W2,0.6225,2.37893382354,1.6608040201
W2,0.625,2.32169117647,1.65373743719
W2,0.6275,2.25455882354,1.63946293969
W2,0.63,2.1925,1.62518844221
W2,0.6325,2.12345588235,1.61091394473
W2,0.635,2.05882352941,1.59663944723
W2,0.6375,2.0080882353,1.58236494975
W2,0.64,1.94882352941,1.56809045226
W2,0.6425,1.89158088235,1.54858668342
W2,0.645,1.83433823529,1.52823492462
W2,0.6475,1.77709558825,1.51396042714
W2,0.65,1.71470588235,1.48837939698
W2,0.6525,1.64790441176,1.46831030151
W2,0.655,1.59066176471,1.44852386935
W2,0.6575,1.53341911765,1.42294283919
W2,0.66,1.47617647059,1.40527638191
W2,0.6625,1.41893382352,1.37672738693
W2,0.665,1.36367647059,1.34817839196
W2,0.6675,1.31915441177,1.32061871859
W2,0.67,1.26191176471,1.30238693467
W2,0.6725,1.2050735294,1.2738379397
W2,0.675,1.16213235295,1.24528894472
W2,0.6775,1.10488970588,1.22804648241
W2,0.68,1.06117647059,1.19949748744
W2,0.6825,1.00830882352,1.17094849246
W2,0.685,0.970147058825,1.14239949748
W2,0.6875,0.920036764701,1.11385050251
W2,0.69,0.877500000003,1.08530150754
W2,0.6925,0.826250000004,1.06480841708
W2,0.695,0.788088235297,1.03951005025
W2,0.6975,0.749926470583,1.01096105527
W2,0.7,0.711764705885,0.982412060301
W2,0.7025,0.673602941178,0.962484296484
W2,0.705,0.635441176474,0.93662060302
W2,0.7075,0.597279411761,0.908071608038
W2,0.71,0.559117647063,0.88574120603
W2,0.7125,0.532536764706,0.862280150757
W2,0.715,0.497500000003,0.834579145731
W2,0.7175,0.464963235292,0.816488693464
W2,0.72,0.435882352946,0.79472361809
W2,0.7225,0.412095588234,0.770697236183
W2,0.725,0.37830882353,0.753454773874
W2,0.7275,0.359227941176,0.7292870603
W2,0.73,0.327352941183,0.715012562814
W2,0.7325,0.306360294117,0.690420854274
W2,0.735,0.28044117647,0.673178391963
W2,0.7375,0.253492647058,0.649576005024
W2,0.74,0.234411764709,0.635301507538
W2,0.7425,0.215330882352,0.621027010051
W2,0.745,0.205882352941,0.606752512564
W2,0.7475,0.191875,0.592478015074
W2,0.75,0.172794117649,0.578203517588
W2,0.7525,0.153713235294,0.563929020102
W2,0.755,0.134632352938,0.549654522614
W2,0.7575,0.130257352941,0.535380025124
W2,0.76,0.117647058824,0.521105527639
W2,0.7625,0.106801470589,0.506831030152
W2,0.765,0.102426470586,0.496231155779
W2,0.7675,0.0833455882361,0.489588567838
W2,0.77,0.0735294117647,0.475314070352
W2,0.7725,0.0735294117647,0.472346105529
W2,0.775,0.0702205882326,0.458071608041
W2,0.7775,0.0588235294118,0.451005025126
W2,0.78,0.0467647058813,0.440829145728
W2,0.7825,0.0441176470588,0.437861180906
W2,0.785,0.0441176470588,0.428391959799
W2,0.7875,0.0441176470588,0.420618718592
W2,0.79,0.0441176470588,0.417085427136
W2,0.7925,0.0395955882349,0.405778894472
W2,0.795,0.0294117647059,0.405778894472
W2,0.7975,0.0294117647059,0.397440326632
W2,0.8,0.0294117647059,0.394472361809
W2,0.8025,0.0294117647059,0.383165829146
W2,0.805,0.0294117647059,0.383165829146
W2,0.8075,0.0294117647059,0.374261934672
W2,0.81,0.0294117647059,0.371859296482
W2,0.8125,0.0294117647059,0.371859296482
W2,0.815,0.0294117647059,0.3653580402
W2,0.8175,0.0335661764697,0.360552763819
W2,0.82,0.0441176470588,0.349246231156
W2,0.8225,0.0441176470588,0.349246231156
W2,0.825,0.0441176470588,0.349246231156
W2,0.8275,0.0441176470588,0.339211683415
W2,0.83,0.0441176470588,0.336243718593
W2,0.8325,0.0441176470588,0.326633165829
W2,0.835,0.0441176470588,0.326633165829
W2,0.8375,0.0441176470588,0.326633165829
W2,0.84,0.0441176470588,0.315326633166
W2,0.8425,0.0441176470588,0.310097361811
W2,0.845,0.0441176470588,0.304020100503
W2,0.8475,0.0441176470588,0.292854899496
W2,0.85,0.0441176470588,0.289886934673
W2,0.8525,0.0441176470588,0.281407035176
W2,0.855,0.0441176470588,0.281407035176
W2,0.8575,0.0294117647059,0.270100502513
W2,0.86,0.0294117647059,0.266708542714
W2,0.8625,0.0294117647059,0.258793969849
W2,0.865,0.0294117647059,0.2494660804
W2,0.8675,0.0147058823529,0.236180904523
W2,0.87,0.0147058823529,0.232223618091
W2,0.8725,0.0147058823529,0.224874371859
W2,0.875,0,0.214981155777
W2,0.8775,-0.00621323529589,0.202261306533
W2,0.88,-0.0147058823529,0.197738693467
W2,0.8825,-0.0149632352956,0.190954773869
W2,0.885,-0.0294117647059,0.180496231153
W2,0.8875,-0.0384191176484,0.168341708543
W2,0.89,-0.0441176470588,0.163253768844
W2,0.8925,-0.0588235294118,0.148979271358
W2,0.895,-0.066250000001,0.145728643216
W2,0.8975,-0.0735294117647,0.134422110553
W2,0.9,-0.0897058823507,0.128768844221
W2,0.9025,-0.108786764707,0.114494346735
W2,0.905,-0.117647058824,0.111526381912
W2,0.9075,-0.132242647059,0.0972518844208
W2,0.91,-0.147058823529,0.0891959798995
W2,0.9125,-0.155698529412,0.080009422112
W2,0.915,-0.174779411767,0.0665829145729
W2,0.9175,-0.193860294117,0.0627669597976
W2,0.92,-0.21294117647,0.0552763819095
W2,0.9225,-0.220588235294,0.0455244974888
W2,0.925,-0.236397058827,0.0425565326654
W2,0.9275,-0.255477941176,0.0326633165829
W2,0.93,-0.27455882353,0.0253140703518
W2,0.9325,-0.293639705882,0.0213567839196
W2,0.935,-0.308823529412,0.0193781407054
W2,0.9375,-0.317095588235,0.0100502512563
W2,0.94,-0.33617647059,0.0100502512563
W2,0.9425,-0.35525735294,-0.000832286430737
W2,0.945,-0.374338235293,-0.00125628140704
W2,0.9475,-0.393419117645,-0.00676821608186
W2,0.95,-0.411764705882,-0.0125628140704
W2,0.9525,-0.416874999998,-0.0125628140704
W2,0.955,-0.435955882352,-0.0125628140704
W2,0.9575,-0.455036764704,-0.0125628140704
W2,0.96,-0.459411764708,-0.0125628140704
W2,0.9625,-0.478492647057,-0.0125628140704
W2,0.965,-0.485294117647,-0.0125628140704
W2,0.9675,-0.5,-0.0125628140704
W2,0.97,-0.506323529413,-0.0125628140704
W2,0.9725,-0.514705882353,-0.0125628140704
W2,0.975,-0.529411764706,-0.00832286432235
W2,0.9775,-0.529411764706,-0.00125628140704
W2,0.98,-0.538529411766,-0.00125628140704
W2,0.9825,-0.544117647059,0.000581030149326
W2,0.985,-0.544117647059,0.0100502512563
W2,0.9875,-0.544117647059,0.0100502512563
W2,0.99,-0.544117647059,0.0100502512563
W2,0.9925,-0.544117647059,0.0213567839196
W2,0.995,-0.544117647059,0.0213567839196
W2,0.9975,-0.538952205883,0.0255260678401
W2,1,-0.529411764706,0.0326633165835
W3,0,0.76616915423,0.222807017544
W3,0.0025,0.788414179105,0.221697368421
W3,0.005,0.812039800995,0.220122807018
W3,0.0075,0.829179104477,0.219298245614
W3,0.01,0.85184079602,0.217438596491
W3,0.0125,0.868407960199,0.215789473684
W3,0.015,0.893830845771,0.214754385965
W3,0.0175,0.909875621891,0.212535087719
W3,0.02,0.932537313432,0.210315789473
W3,0.0225,0.950199004975,0.208771929825
W3,0.025,0.975621890548,0.20649122807
W3,0.0275,0.991094527363,0.205263157895
W3,0.03,1.01651741294,0.203192982456
W3,0.0325,1.04194029851,0.200192982456
W3,0.035,1.05855721393,0.197
W3,0.0375,1.08121890547,0.194780701754
W3,0.04,1.09830845771,0.192140350877
W3,0.0425,1.10945273632,0.188587719299
W3,0.045,1.1688557214,0.186368421053
W3,0.0475,1.17186567164,0.182394736842
W3,0.05,1.19004975124,0.179649122807
W3,0.0525,1.21547263682,0.176201754386
W3,0.055,1.24089552239,0.172526315789
W3,0.0575,1.26631840796,0.168254385965
W3,0.06,1.29174129353,0.165403508772
W3,0.0625,1.31716417911,0.160964912281
W3,0.065,1.33263681592,0.156526315789
W3,0.0675,1.35805970149,0.152087719298
W3,0.07,1.38348258706,0.147649122807
W3,0.0725,1.40890547263,0.143210526316
W3,0.075,1.43432835821,0.138771929824
W3,0.0775,1.45975124378,0.134333333333
W3,0.08,1.48517412935,0.131578947368
W3,0.0825,1.51059701493,0.123736842105
W3,0.085,1.5360199005,0.119245614035
W3,0.0875,1.56144278607,0.113070175438
W3,0.09,1.58686567165,0.108631578947
W3,0.0925,1.61228855721,0.102780701755
W3,0.095,1.63771144278,0.0962456140352
W3,0.0975,1.66313432836,0.0912192982456
W3,0.1,1.68955223881,0.0856140350877
W3,0.1025,1.72393034826,0.079657894737
W3,0.105,1.74935323383,0.0730000000001
W3,0.1075,1.77477611941,0.0663421052634
W3,0.11,1.80019900498,0.0608421052633
W3,0.1125,1.82562189055,0.0547807017547
W3,0.115,1.85104477612,0.0481228070179
W3,0.1175,1.87646766169,0.0406666666673
W3,0.12,1.90189054726,0.034315789474
W3,0.1225,1.92731343283,0.0281491228076
W3,0.125,1.95273631841,0.0214912280709
W3,0.1275,1.97815920398,0.0148333333341
W3,0.13,2.00358208955,0.00680701754493
W3,0.1325,2.02900497512,-0.000236842104398
W3,0.135,2.0544278607,-0.00689473684118
W3,0.1375,2.07985074627,-0.013552631578
W3,0.14,2.10527363184,-0.0202105263147
W3,0.1425,2.13069651742,-0.0270526315774
W3,0.145,2.15611940298,-0.0352807017532
W3,0.1475,2.18154228856,-0.04193859649
W3,0.15,2.20696517413,-0.050175438598
W3,0.1525,2.22315920398,-0.0552543859662
W3,0.155,2.24786069652,-0.0626666666683
W3,0.1575,2.27328358209,-0.0703245614046
W3,0.16,2.29870646766,-0.0769824561414
W3,0.1625,2.32375621891,-0.0836403508782
W3,0.165,2.33960199005,-0.0911578947381
W3,0.1675,2.36502487562,-0.0973859649129
W3,0.17,2.39044776119,-0.103614035089
W3,0.1725,2.40592039801,-0.110271929826
W3,0.175,2.42711442786,-0.116929824562
W3,0.1775,2.4468159204,-0.123587719299
W3,0.18,2.46248756219,-0.130245614036
W3,0.1825,2.48514925373,-0.136298245614
W3,0.185,2.5031840796,-0.141807017544
W3,0.1875,2.52052238806,-0.148464912281
W3,0.19,2.53412935324,-0.154877192982
W3,0.1925,2.55589552239,-0.159315789474
W3,0.195,2.56860696517,-0.164929824562
W3,0.1975,2.58131840796,-0.169947368421
W3,0.2,2.59402985075,-0.174736842105
W3,0.2025,2.60674129353,-0.180578947368
W3,0.205,2.61945273632,-0.18501754386
W3,0.2075,2.63216417911,-0.189456140351
W3,0.21,2.64487562189,-0.193894736842
W3,0.2125,2.65758706468,-0.198333333333
W3,0.215,2.67029850746,-0.202771929824
W3,0.2175,2.6815920398,-0.205456140351
W3,0.22,2.68577114428,-0.209333333333
W3,0.2225,2.69848258706,-0.211552631578
W3,0.225,2.71119402985,-0.215263157894
W3,0.2275,2.71144278607,-0.217745614035
W3,0.23,2.71671641791,-0.21996491228
W3,0.2325,2.72139303483,-0.222184210526
W3,0.235,2.73134328358,-0.224403508772
W3,0.2375,2.73495024875,-0.226315789474
W3,0.24,2.74129353234,-0.227087719298
W3,0.2425,2.74129353234,-0.228070175439
W3,0.245,2.74129353234,-0.229771929825
W3,0.2475,2.74599502487,-0.229824561404
W3,0.25,2.75124378109,-0.229824561404
W3,0.2525,2.75097014925,-0.231166666667
W3,0.255,2.74129353234,-0.229824561404
W3,0.2575,2.74129353234,-0.229824561404
W3,0.26,2.74129353234,-0.229824561404
W3,0.2625,2.74129353234,-0.228377192983
W3,0.265,2.73716417911,-0.227912280702
W3,0.2675,2.73134328358,-0.225692982456
W3,0.27,2.73134328358,-0.224561403509
W3,0.2725,2.72139303483,-0.22300877193
W3,0.275,2.71616915423,-0.219035087719
W3,0.2775,2.71144278607,-0.216815789473
W3,0.28,2.70149253731,-0.214596491228
W3,0.2825,2.69793532338,-0.210719298245
W3,0.285,2.6852238806,-0.208403508772
W3,0.2875,2.67251243781,-0.205350877193
W3,0.29,2.66975124378,-0.200912280702
W3,0.2925,2.657039801,-0.198228070175
W3,0.295,2.64432835821,-0.193789473684
W3,0.2975,2.63161691542,-0.190289473684
W3,0.3,2.61890547263,-0.185263157895
W3,0.3025,2.60619402985,-0.180473684211
W3,0.305,2.59348258707,-0.176035087719
W3,0.3075,2.58077114428,-0.171596491228
W3,0.31,2.56805970149,-0.165649122807
W3,0.3125,2.55534825871,-0.160964912281
W3,0.315,2.54263681592,-0.155842105263
W3,0.3175,2.51997512438,-0.149184210527
W3,0.32,2.5072636816,-0.144140350878
W3,0.3225,2.4945522388,-0.137622807018
W3,0.325,2.47189054726,-0.131754385965
W3,0.3275,2.45917910448,-0.12606140351
W3,0.33,2.44019900498,-0.119403508773
W3,0.3325,2.42380597015,-0.112745614036
W3,0.335,2.40925373134,-0.106982456141
W3,0.3375,2.38843283582,-0.0998245614049
W3,0.34,2.37572139303,-0.0927719298257
W3,0.3425,2.3530597015,-0.0861140350888
W3,0.345,2.33741293533,-0.0794561403521
W3,0.3475,2.31199004975,-0.0727982456153
W3,0.35,2.29502487562,-0.0661403508783
W3,0.3525,2.27236318408,-0.0594824561391
W3,0.355,2.25965174129,-0.051719298244
W3,0.3575,2.24014925373,-0.0444122807006
W3,0.36,2.22427860696,-0.0377543859639
W3,0.3625,2.20161691542,-0.0310964912271
W3,0.365,2.18378109453,-0.0232280701742
W3,0.3675,2.15835820895,-0.0177017543854
W3,0.37,2.14288557215,-0.00936842105185
W3,0.3725,2.12092039801,-0.00271052631506
W3,0.375,2.10199004975,0.00394736842172
W3,0.3775,2.08554726368,0.0123596491234
W3,0.38,2.06288557214,0.0185263157898
W3,0.3825,2.04562189055,0.0248771929831
W3,0.385,2.02751243781,0.0323333333337
W3,0.3875,2.00472636816,0.0389912280705
W3,0.39,1.98218905473,0.0456491228073
W3,0.3925,1.96383084577,0.0533684210529
W3,0.395,1.9468159204,0.0607192982457
W3,0.3975,1.92415422886,0.0673771929826
W3,0.4,1.91144278607,0.0733333333333
W3,0.4025,1.89199004975,0.0789385964912
W3,0.405,1.87606965174,0.0855964912279
W3,0.4075,1.8534079602,0.0922543859647
W3,0.41,1.84069651741,0.0989122807015
W3,0.4125,1.82014925373,0.105570175439
W3,0.415,1.80467661691,0.112228070175
W3,0.4175,1.78266169154,0.118438596491
W3,0.42,1.76378109453,0.126526315788
W3,0.4225,1.74728855722,0.131578947368
W3,0.425,1.73457711443,0.137105263157
W3,0.4275,1.71736318407,0.143210526315
W3,0.43,1.6992039801,0.148666666666
W3,0.4325,1.68649253731,0.155324561402
W3,0.435,1.67094527363,0.160228070175
W3,0.4375,1.65111940298,0.166885964911
W3,0.44,1.6384079602,0.17242105263
W3,0.4425,1.62569651741,0.17844736842
W3,0.445,1.60905472637,0.183350877192
W3,0.4475,1.59032338309,0.189245614034
W3,0.45,1.5776119403,0.194912280702
W3,0.4525,1.56490049751,0.199877192983
W3,0.455,1.55218905473,0.20607017544
W3,0.4575,1.53947761194,0.211377192984
W3,0.46,1.52616915423,0.216701754387
W3,0.4625,1.50746268657,0.221184210527
W3,0.465,1.4952238806,0.227333333334
W3,0.4675,1.47868159204,0.231771929825
W3,0.47,1.46597014925,0.237649122808
W3,0.4725,1.45325870647,0.242403508773
W3,0.475,1.44054726368,0.246842105264
W3,0.4775,1.4278358209,0.251280701755
W3,0.48,1.41512437811,0.257263157895
W3,0.4825,1.407960199,0.261912280702
W3,0.485,1.39134328358,0.266350877194
W3,0.4875,1.37699004975,0.270789473684
W3,0.49,1.36427860696,0.275228070175
W3,0.4925,1.35820895522,0.279666666667
W3,0.495,1.34880597015,0.284105263158
W3,0.4975,1.33609452736,0.28854385965
W3,0.5,1.32338308458,0.29298245614
W3,0.5025,1.31067164179,0.297421052631
W3,0.505,1.29796019901,0.301859649123
W3,0.5075,1.28524875622,0.306298245614
W3,0.51,1.27253731343,0.310631578947
W3,0.5125,1.25982587065,0.313421052631
W3,0.515,1.24711442786,0.317859649122
W3,0.5175,1.23440298507,0.322298245614
W3,0.52,1.22169154229,0.326736842105
W3,0.5225,1.21890547264,0.3305
W3,0.525,1.20621890547,0.333859649122
W3,0.5275,1.19350746269,0.336692982456
W3,0.53,1.17253731344,0.339228070175
W3,0.5325,1.16915422886,0.342885964912
W3,0.535,1.15766169154,0.346350877193
W3,0.5375,1.11952736318,0.349078947369
W3,0.54,1.10945273632,0.353052631578
W3,0.5425,1.10728855721,0.355271929824
W3,0.545,1.09457711443,0.35749122807
W3,0.5475,1.08186567164,0.359771929824
W3,0.55,1.06915422885,0.363157894737
W3,0.5525,1.05644278607,0.364149122808
W3,0.555,1.04373134328,0.366368421053
W3,0.5575,1.0310199005,0.368587719299
W3,0.56,1.01830845771,0.370807017544
W3,0.5625,1.00124378109,0.373026315789
W3,0.565,0.982935323383,0.375245614035
W3,0.5675,0.970223880598,0.375710526316
W3,0.57,0.954825870647,0.377192982456
W3,0.5725,0.93485074627,0.378394736842
W3,0.575,0.922139303481,0.378947368421
W3,0.5775,0.9084079602,0.380701754386
W3,0.58,0.886766169154,0.380701754386
W3,0.5825,0.874054726368,0.38200877193
W3,0.585,0.861343283584,0.382456140351
W3,0.5875,0.838681592039,0.382456140351
W3,0.59,0.825970149253,0.382456140351
W3,0.5925,0.805621890546,0.382456140351
W3,0.595,0.790149253734,0.382333333333
W3,0.5975,0.767935323384,0.380701754386
W3,0.6,0.755223880598,0.380701754386
W3,0.6025,0.733781094524,0.379184210526
W3,0.605,0.709900497513,0.378947368421
W3,0.6075,0.697189054726,0.378254385965
W3,0.61,0.677412935324,0.376035087719
W3,0.6125,0.661815920401,0.375438596491
W3,0.615,0.639154228855,0.373350877193
W3,0.6175,0.621044776118,0.371131578947
W3,0.62,0.595621890546,0.368912280702
W3,0.6225,0.580149253734,0.366692982457
W3,0.625,0.558457711443,0.364473684211
W3,0.6275,0.539253731346,0.362254385965
W3,0.63,0.523084577112,0.36003508772
W3,0.6325,0.498358208956,0.356061403509
W3,0.635,0.47776119403,0.353842105263
W3,0.6375,0.457462686567,0.350614035088
W3,0.64,0.441990049756,0.347649122808
W3,0.6425,0.416567164178,0.343675438597
W3,0.645,0.397064676617,0.340807017545
W3,0.6475,0.375671641789,0.336368421053
W3,0.65,0.360199004978,0.333508771929
W3,0.6525,0.334776119401,0.329245614035
W3,0.655,0.316368159204,0.324807017543
W3,0.6575,0.293880597011,0.320368421052
W3,0.66,0.2784079602,0.31592982456
W3,0.6625,0.258333333334,0.311491228069
W3,0.665,0.237512437811,0.307052631579
W3,0.6675,0.213009950247,0.302614035087
W3,0.67,0.196616915422,0.298175438596
W3,0.6725,0.177636815921,0.293736842104
W3,0.675,0.155721393033,0.289298245614
W3,0.6775,0.140248756222,0.284859649123
W3,0.68,0.119601990049,0.280421052631
W3,0.6825,0.0993532338307,0.27598245614
W3,0.685,0.083880597012,0.27047368421
W3,0.6875,0.0615671641797,0.265350877193
W3,0.69,0.0488557213939,0.260912280702
W3,0.6925,0.0275124378113,0.25647368421
W3,0.695,0.0134825870628,0.252035087719
W3,0.6975,-0.00343283582144,0.245956140351
W3,0.7,-0.0218905472631,0.241403508772
W3,0.7025,-0.0346019900505,0.236964912281
W3,0.705,-0.0572636815905,0.231245614036
W3,0.7075,-0.0699751243793,0.226333333334
W3,0.71,-0.0907462686564,0.223649122807
W3,0.7125,-0.105348258707,0.218289473684
W3,0.715,-0.118059701492,0.214403508772
W3,0.7175,-0.130771144278,0.208578947369
W3,0.72,-0.143482587064,0.204140350878
W3,0.7225,-0.156194029852,0.199701754386
W3,0.725,-0.168905472637,0.196754385965
W3,0.7275,-0.181616915422,0.192578947369
W3,0.73,-0.194328358209,0.188807017545
W3,0.7325,-0.207039800993,0.185456140352
W3,0.735,-0.219751243782,0.18101754386
W3,0.7375,-0.223880597015,0.176885964912
W3,0.74,-0.235223880598,0.173894736843
W3,0.7425,-0.247935323382,0.170692982456
W3,0.745,-0.260646766168,0.166771929826
W3,0.7475,-0.26368159204,0.164500000001
W3,0.75,-0.273631840796,0.161403508772
W3,0.7525,-0.278880597015,0.158307017543
W3,0.755,-0.291592039799,0.156087719298
W3,0.7575,-0.294353233831,0.153868421052
W3,0.76,-0.303482587065,0.151649122806
W3,0.7625,-0.303482587065,0.149429824561
W3,0.765,-0.312587064676,0.147210526316
W3,0.7675,-0.313432835821,0.14499122807
W3,0.77,-0.318109452736,0.142771929824
W3,0.7725,-0.323383084577,0.142105263158
W3,0.775,-0.323383084577,0.140350877193
W3,0.7775,-0.326393034827,0.139622807017
W3,0.78,-0.333333333333,0.138596491228
W3,0.7825,-0.333333333333,0.136938596491
W3,0.785,-0.333333333333,0.13647368421
W3,0.7875,-0.333333333333,0.135087719298
W3,0.79,-0.333333333333,0.135087719298
W3,0.7925,-0.333333333333,0.135087719298
W3,0.795,-0.323383084577,0.135087719298
W3,0.7975,-0.323383084577,0.135087719298
W3,0.8,-0.323383084577,0.135087719298
W3,0.8025,-0.322611940299,0.135087719298
W3,0.805,-0.313432835821,0.135087719298
W3,0.8075,-0.313432835821,0.135087719298
W3,0.81,-0.304378109455,0.135087719298
W3,0.8125,-0.303482587065,0.136842105263
W3,0.815,-0.298855721392,0.137526315789
W3,0.8175,-0.293532338308,0.138596491228
W3,0.82,-0.283582089552,0.138596491228
W3,0.8225,-0.280621890547,0.140675438596
W3,0.825,-0.267910447762,0.142105263158
W3,0.8275,-0.26368159204,0.143359649123
W3,0.83,-0.253731343284,0.145578947368
W3,0.8325,-0.249676616915,0.146043859649
W3,0.835,-0.236965174129,0.148263157895
W3,0.8375,-0.224253731345,0.15048245614
W3,0.84,-0.221492537313,0.15094736842
W3,0.8425,-0.208781094527,0.153166666666
W3,0.845,-0.19606965174,0.155385964912
W3,0.8475,-0.193308457712,0.156140350877
W3,0.85,-0.180597014926,0.158070175438
W3,0.8525,-0.16788557214,0.160289473685
W3,0.855,-0.155174129351,0.16250877193
W3,0.8575,-0.142462686567,0.164728070176
W3,0.86,-0.129751243781,0.166947368422
W3,0.8625,-0.117039800995,0.169166666667
W3,0.865,-0.104328358211,0.171385964912
W3,0.8675,-0.0916169154223,0.173605263158
W3,0.87,-0.0789054726364,0.175824561404
W3,0.8725,-0.0661940298497,0.177192982456
W3,0.875,-0.0534825870659,0.179824561404
W3,0.8775,-0.0407711442792,0.180728070176
W3,0.88,-0.0280597014933,0.182947368421
W3,0.8825,-0.0153482587045,0.185166666667
W3,0.885,-0.000298507463405,0.187385964913
W3,0.8875,0.0200248756217,0.189605263158
W3,0.89,0.0327363184081,0.191824561403
W3,0.8925,0.0454477611918,0.194043859649
W3,0.895,0.0581592039806,0.196263157895
W3,0.8975,0.0708706467663,0.198245614035
W3,0.9,0.0925373134349,0.198947368421
W3,0.9025,0.106243781093,0.201166666667
W3,0.905,0.11895522388,0.203385964912
W3,0.9075,0.131666666666,0.205605263158
W3,0.91,0.15432835821,0.207824561404
W3,0.9125,0.167039800995,0.208771929825
W3,0.915,0.179751243781,0.210508771929
W3,0.9175,0.192462686567,0.212280701754
W3,0.92,0.215124378107,0.213192982456
W3,0.9225,0.227835820896,0.215412280701
W3,0.925,0.240547263681,0.215877192982
W3,0.9275,0.26273631841,0.217543859649
W3,0.93,0.278208955221,0.218561403508
W3,0.9325,0.293532338308,0.219298245614
W3,0.935,0.309154228856,0.221052631579
W3,0.9375,0.324626865675,0.221710526316
W3,0.94,0.346666666667,0.222807017544
W3,0.9425,0.359378109452,0.224394736842
W3,0.945,0.372089552239,0.224561403509
W3,0.9475,0.394751243783,0.225324561403
W3,0.95,0.407462686568,0.226315789474
W3,0.9525,0.427412935323,0.226315789474
W3,0.955,0.442835820897,0.228070175439
W3,0.9575,0.45554726368,0.228070175439
W3,0.96,0.473830845774,0.228070175439
W3,0.9625,0.49092039801,0.228070175439
W3,0.965,0.513582089553,0.228070175439
W3,0.9675,0.530199004974,0.228070175439
W3,0.97,0.548955223879,0.228070175439
W3,0.9725,0.561666666666,0.228070175439
W3,0.975,0.584328358211,0.228070175439
W3,0.9775,0.597039800995,0.228070175439
W3,0.98,0.60975124378,0.228070175439
W3,0.9825,0.632985074628,0.228070175439
W3,0.985,0.655074626864,0.228070175439
W3,0.9875,0.673880597018,0.226885964913
W3,0.99,0.690447761193,0.226315789474
W3,0.9925,0.704825870648,0.225956140351
W3,0.995,0.725820895522,0.224561403509
W3,0.9975,0.743924129354,0.223916666667
W3,1,0.76616915423,0.222807017544
W4,0,-0.250000000001,0.194789081886
W4,0.0025,-0.235719053398,0.204317617866
W4,0.005,-0.228155339806,0.209677419355
W4,0.0075,-0.214720873787,0.218014888337
W4,0.01,-0.199029126214,0.220794044665
W4,0.0125,-0.191201456311,0.22952853598
W4,0.015,-0.172160194174,0.236277915633
W4,0.0175,-0.153118932039,0.239454094293
W4,0.02,-0.127378640776,0.249379652605
W4,0.0225,-0.111650485437,0.254540942928
W4,0.025,-0.0814320388349,0.259305210918
W4,0.0275,-0.0623907766988,0.269230769231
W4,0.03,-0.0333009708735,0.269230769231
W4,0.0325,-0.0097451456309,0.275583126551
W4,0.035,0.0137378640781,0.279156327543
W4,0.0375,0.0429004854371,0.279156327543
W4,0.04,0.0753398058257,0.279156327543
W4,0.0425,0.110109223301,0.279156327543
W4,0.045,0.136941747573,0.279156327543
W4,0.0475,0.175024271845,0.279156327543
W4,0.05,0.198543689321,0.279156327543
W4,0.0525,0.236626213593,0.279156327543
W4,0.055,0.274708737864,0.279156327543
W4,0.0575,0.312791262136,0.279156327543
W4,0.06,0.350873786409,0.272009925558
W4,0.0625,0.38895631068,0.269230769231
W4,0.065,0.427038834952,0.259305210918
W4,0.0675,0.465121359224,0.253746898263
W4,0.07,0.503203883496,0.249379652605
W4,0.0725,0.554648058251,0.238263027295
W4,0.075,0.597208737863,0.22952853598
W4,0.0775,0.646577669902,0.222779156327
W4,0.08,0.684660194174,0.210074441687
W4,0.0825,0.737305825242,0.187444168735
W4,0.085,0.775388349514,0.174739454094
W4,0.0875,0.824575242718,0.162034739454
W4,0.09,0.867135922329,0.149330024814
W4,0.0925,0.918762135921,0.136625310174
W4,0.095,0.966820388349,0.117568238213
W4,0.0975,1.02394417476,0.101290322581
W4,0.1,1.06650485437,0.0866004962779
W4,0.1025,1.1147815534,0.0611910669976
W4,0.105,1.16618932038,0.0433250620347
W4,0.1075,1.20874999999,0.0202977667494
W4,0.11,1.2658737864,-0.00193548387097
W4,0.1125,1.31080097087,-0.0205955334988
W4,0.115,1.3427669903,-0.0460049627792
W4,0.1175,1.43065533981,-0.0714143920595
W4,0.12,1.46873786408,-0.0968238213399
W4,0.1225,1.52236650487,-0.12223325062
W4,0.125,1.57949029125,-0.147642679901
W4,0.1275,1.62667475728,-0.173052109181
W4,0.13,1.67917475728,-0.204019851116
W4,0.1325,1.73629854369,-0.233796526055
W4,0.135,1.7934223301,-0.259205955335
W4,0.1375,1.85054611651,-0.300496277915
W4,0.14,1.89310679613,-0.336228287841
W4,0.1425,1.95023058253,-0.355285359802
W4,0.145,2.00735436893,-0.390620347394
W4,0.1475,2.06447815533,-0.42635235732
W4,0.15,2.12160194174,-0.461290322581
W4,0.1525,2.17872572816,-0.496625310174
W4,0.155,2.23584951457,-0.525607940447
W4,0.1575,2.2875485437,-0.563722084367
W4,0.16,2.3454368932,-0.601836228288
W4,0.1625,2.40722087378,-0.639950372209
W4,0.165,2.44978155339,-0.678064516129
W4,0.1675,2.5069053398,-0.708635235732
W4,0.17,2.56402912622,-0.744367245658
W4,0.1725,2.62432038836,-0.785657568238
W4,0.175,2.68519417476,-0.830521091812
W4,0.1775,2.73540048544,-0.868635235732
W4,0.18,2.80708737863,-0.906749379653
W4,0.1825,2.85769417475,-0.944863523573
W4,0.185,2.90677184466,-0.982977667493
W4,0.1875,2.97845873786,-1.02109181141
W4,0.19,3.03019417476,-1.05920595533
W4,0.1925,3.07814320389,-1.10287841191
W4,0.195,3.1352669903,-1.14535980149
W4,0.1975,3.17782766991,-1.18347394541
W4,0.2,3.2349514563,-1.22158808933
W4,0.2025,3.29207524271,-1.25970223325
W4,0.205,3.34606796116,-1.29781637717
W4,0.2075,3.39175970873,-1.33593052109
W4,0.21,3.43679611651,-1.37404466501
W4,0.2125,3.48944174757,-1.41215880893
W4,0.215,3.52752427185,-1.44034739454
W4,0.2175,3.57656553398,-1.47846153846
W4,0.22,3.61825242718,-1.51657568238
W4,0.2225,3.6616868932,-1.54555831266
W4,0.225,3.70898058252,-1.58089330025
W4,0.2275,3.74706310679,-1.60630272953
W4,0.23,3.78514563107,-1.63925558312
W4,0.2325,3.82322815534,-1.6670471464
W4,0.235,3.86131067962,-1.69245657568
W4,0.2375,3.89939320388,-1.71786600496
W4,0.24,3.92990291262,-1.74327543424
W4,0.2425,3.96099514563,-1.76709677419
W4,0.245,3.9845145631,-1.78416873449
W4,0.2475,4.01615291262,-1.80243176178
W4,0.25,4.04611650486,-1.82506203474
W4,0.2525,4.06879854369,-1.83776674938
W4,0.255,4.09315533981,-1.85047146402
W4,0.2575,4.12144417475,-1.86317617866
W4,0.26,4.14048543689,-1.8758808933
W4,0.2625,4.15533980583,-1.88858560794
W4,0.265,4.16400485437,-1.89454094293
W4,0.2675,4.18304611651,-1.90406947891
W4,0.27,4.20208737864,-1.90684863523
W4,0.2725,4.21359223301,-1.91439205955
W4,0.275,4.22560679612,-1.91439205955
W4,0.2775,4.23008495146,-1.91439205955
W4,0.28,4.2427184466,-1.91439205955
W4,0.2825,4.25360436893,-1.91439205955
W4,0.285,4.2572815534,-1.91439205955
W4,0.2875,4.26256067961,-1.90446650124
W4,0.29,4.27184466019,-1.89970223325
W4,0.2925,4.27184466019,-1.89454094293
W4,0.295,4.27599514563,-1.88421836229
W4,0.2975,4.28640776699,-1.87151364764
W4,0.3,4.28640776699,-1.858808933
W4,0.3025,4.28640776699,-1.84610421836
W4,0.305,4.28640776699,-1.83339950372
W4,0.3075,4.28640776699,-1.82069478908
W4,0.31,4.2845145631,-1.80799007444
W4,0.3125,4.27184466019,-1.78535980149
W4,0.315,4.27184466019,-1.77265508685
W4,0.3175,4.27184466019,-1.75439205955
W4,0.32,4.26660194175,-1.73732009926
W4,0.3225,4.2572815534,-1.7146898263
W4,0.325,4.2572815534,-1.69801488834
W4,0.3275,4.25316747573,-1.67260545906
W4,0.33,4.2427184466,-1.65672456575
W4,0.3325,4.22964805826,-1.63409429281
W4,0.335,4.22815533981,-1.61622828784
W4,0.3375,4.22815533981,-1.58287841191
W4,0.34,4.21621359223,-1.56540942928
W4,0.3425,4.21173543689,-1.54
W4,0.345,4.19902912621,-1.51459057072
W4,0.3475,4.18821601942,-1.48918114144
W4,0.35,4.18373786408,-1.46178660049
W4,0.3525,4.16990291262,-1.42843672457
W4,0.355,4.16021844661,-1.40302729529
W4,0.3575,4.14117718447,-1.377617866
W4,0.36,4.13669902913,-1.34903225806
W4,0.3625,4.12621359223,-1.31687344913
W4,0.365,4.11317961165,-1.29146401985
W4,0.3675,4.09413834951,-1.25612903226
W4,0.37,4.08252427184,-1.22635235732
W4,0.3725,4.07061893204,-1.1882382134
W4,0.375,4.0515776699,-1.16004962779
W4,0.3775,4.03883495146,-1.13186104219
W4,0.38,4.02805825243,-1.09374689826
W4,0.3825,4.00901699029,-1.06397022333
W4,0.385,3.98997572815,-1.02863523573
W4,0.3875,3.97093446602,-0.999255583126
W4,0.39,3.95189320389,-0.961141439206
W4,0.3925,3.93285194175,-0.923027295286
W4,0.395,3.91381067961,-0.894838709678
W4,0.3975,3.89476941748,-0.856724565757
W4,0.4,3.87281553398,-0.818610421837
W4,0.4025,3.84212378641,-0.781290322581
W4,0.405,3.82308252426,-0.752307692307
W4,0.4075,3.80225728156,-0.714193548387
W4,0.41,3.77043689321,-0.676079404466
W4,0.4125,3.74065533981,-0.637965260546
W4,0.415,3.71779126213,-0.599851116626
W4,0.4175,3.69361650485,-0.561736972705
W4,0.42,3.66514563107,-0.524019851117
W4,0.4225,3.63201456311,-0.495434243176
W4,0.425,3.60849514563,-0.457320099255
W4,0.4275,3.57041262136,-0.419205955335
W4,0.43,3.53233009709,-0.381091811414
W4,0.4325,3.50881067962,-0.347344913152
W4,0.435,3.47072815534,-0.29334987593
W4,0.4375,3.43264563107,-0.276674937965
W4,0.44,3.40912621358,-0.238560794044
W4,0.4425,3.37104368932,-0.200446650124
W4,0.445,3.33296116506,-0.170669975186
W4,0.4475,3.29487864078,-0.135334987593
W4,0.45,3.25679611651,-0.105955334988
W4,0.4525,3.21871359223,-0.067841191067
W4,0.455,3.18063106796,-0.0392555831265
W4,0.4575,3.14254854368,-0.00153846153846
W4,0.46,3.10446601941,0.0314143920596
W4,0.4625,3.05345873787,0.0568238213399
W4,0.465,3.01089805826,0.092158808933
W4,0.4675,2.96109223301,0.117568238213
W4,0.47,2.92300970874,0.149330024814
W4,0.4725,2.87036407767,0.178312655087
W4,0.475,2.83228155339,0.203722084367
W4,0.4775,2.78353155339,0.229131513647
W4,0.48,2.74097087378,0.254540942928
W4,0.4825,2.68890776699,0.279950372208
W4,0.485,2.64128640777,0.305359801489
W4,0.4875,2.58416262136,0.330769230769
W4,0.49,2.54160194175,0.35617866005
W4,0.4925,2.48447815534,0.38
W4,0.495,2.44024271844,0.397071960298
W4,0.4975,2.38479368932,0.415334987593
W4,0.5,2.32766990291,0.437965260546
W4,0.5025,2.28230582525,0.453449131514
W4,0.505,2.2134223301,0.473300248139
W4,0.5075,2.16245145631,0.486004962779
W4,0.51,2.11373786407,0.498709677419
W4,0.5125,2.05661407766,0.511414392059
W4,0.515,1.99949029126,0.5241191067
W4,0.5175,1.94236650485,0.53682382134
W4,0.52,1.88524271845,0.54952853598
W4,0.5225,1.82811893204,0.56223325062
W4,0.525,1.77099514564,0.56699751861
W4,0.5275,1.71387135923,0.576923076923
W4,0.53,1.65674757281,0.580496277916
W4,0.5325,1.5996237864,0.586848635236
W4,0.535,1.54249999999,0.595980148883
W4,0.5375,1.48537621359,0.596774193548
W4,0.54,1.43436893205,0.596774193548
W4,0.5425,1.353907767,0.604317617866
W4,0.545,1.31400485437,0.606699751861
W4,0.5475,1.25688106796,0.606699751861
W4,0.55,1.19975728155,0.606699751861
W4,0.5525,1.1565776699,0.597965260546
W4,0.555,1.10007281553,0.596774193548
W4,0.5575,1.04294902913,0.596774193548
W4,0.56,0.998640776704,0.596774193548
W4,0.5625,0.945995145634,0.586848635236
W4,0.565,0.900703883496,0.584069478908
W4,0.5675,0.843580097086,0.576923076923
W4,0.57,0.801019417471,0.576923076923
W4,0.5725,0.74997572815,0.565806451613
W4,0.575,0.711893203888,0.557071960298
W4,0.5775,0.659247572821,0.550322580645
W4,0.58,0.621165048548,0.547146401985
W4,0.5825,0.583082524274,0.534838709677
W4,0.585,0.545,0.522133995037
W4,0.5875,0.506917475726,0.517369727047
W4,0.59,0.468834951452,0.506650124069
W4,0.5925,0.430752427178,0.497518610422
W4,0.595,0.395364077673,0.491166253102
W4,0.5975,0.369150485442,0.478461538462
W4,0.6,0.331067961168,0.467741935484
W4,0.6025,0.30754854369,0.462977667494
W4,0.605,0.275509708737,0.450272952854
W4,0.6075,0.2564684466,0.437568238213
W4,0.61,0.222864077668,0.428039702233
W4,0.6125,0.203822815533,0.422084367246
W4,0.615,0.184781553401,0.409379652606
W4,0.6175,0.165740291264,0.398263027295
W4,0.62,0.146699029127,0.393895781638
W4,0.6225,0.12765776699,0.381191066998
W4,0.625,0.108616504854,0.368486352357
W4,0.6275,0.0895752427164,0.358560794045
W4,0.63,0.0776699029126,0.35300248139
W4,0.6325,0.0660558252448,0.340297766749
W4,0.635,0.0485436893204,0.328784119107
W4,0.6375,0.0425364077686,0.324813895782
W4,0.64,0.0234951456317,0.312109181141
W4,0.6425,0.0190169902909,0.299404466501
W4,0.645,0.00485436893204,0.296625310174
W4,0.6475,-0.00450242718689,0.283920595533
W4,0.65,-0.00970873786408,0.271215880893
W4,0.6525,-0.0242718446602,0.268436724566
W4,0.655,-0.0324999999978,0.255732009925
W4,0.6575,-0.0388349514563,0.243027295285
W4,0.66,-0.0414563106794,0.239454094293
W4,0.6625,-0.0533980582524,0.227543424317
W4,0.665,-0.0649757281572,0.214838709677
W4,0.6675,-0.069453883498,0.209677419355
W4,0.67,-0.0825242718447,0.19935483871
W4,0.6725,-0.0825242718447,0.18665012407
W4,0.675,-0.0970873786408,0.173945409429
W4,0.6775,-0.10192961165,0.169975186104
W4,0.68,-0.111650485437,0.158461538462
W4,0.6825,-0.111650485437,0.145756823821
W4,0.685,-0.126213592233,0.133052109181
W4,0.6875,-0.134405339809,0.120347394541
W4,0.69,-0.140776699029,0.117568238213
W4,0.6925,-0.157924757279,0.104863523573
W4,0.695,-0.169902912621,0.0921588089331
W4,0.6975,-0.169902912621,0.0794540942928
W4,0.7,-0.185922330097,0.0667493796526
W4,0.7025,-0.199029126214,0.0540446650124
W4,0.705,-0.209441747576,0.0413399503722
W4,0.7075,-0.213919902917,0.0385607940447
W4,0.71,-0.228155339806,0.0258560794044
W4,0.7125,-0.237439320387,0.0131513647642
W4,0.715,-0.256480582523,0.000446650124068
W4,0.7175,-0.260958737864,-0.0122580645161
W4,0.72,-0.271844660194,-0.0249627791563
W4,0.7225,-0.284478155342,-0.0285359801489
W4,0.725,-0.300970873786,-0.040446650124
W4,0.7275,-0.307997572812,-0.0531513647642
W4,0.73,-0.315533980583,-0.0658560794045
W4,0.7325,-0.33151699029,-0.0785607940447
W4,0.735,-0.344660194175,-0.0880893300248
W4,0.7375,-0.355036407768,-0.0940446650124
W4,0.74,-0.359514563109,-0.106749379652
W4,0.7425,-0.378555825245,-0.119454094293
W4,0.745,-0.388349514563,-0.127791563275
W4,0.7475,-0.402075242715,-0.13493796526
W4,0.75,-0.406553398056,-0.147642679901
W4,0.7525,-0.417475728155,-0.157568238213
W4,0.755,-0.430072815534,-0.163126550868
W4,0.7575,-0.434550970875,-0.175831265509
W4,0.76,-0.446601941748,-0.178610421836
W4,0.7625,-0.458070388353,-0.191315136476
W4,0.765,-0.462548543686,-0.197270471464
W4,0.7675,-0.47572815534,-0.206799007444
W4,0.77,-0.47572815534,-0.217121588089
W4,0.7725,-0.490291262136,-0.222282878412
W4,0.775,-0.490291262136,-0.227047146402
W4,0.7775,-0.499502427186,-0.236972704715
W4,0.78,-0.504854368932,-0.240545905707
W4,0.7825,-0.504854368932,-0.246898263027
W4,0.785,-0.512936893201,-0.246898263027
W4,0.7875,-0.519417475728,-0.25682382134
W4,0.79,-0.519417475728,-0.26158808933
W4,0.7925,-0.526371359223,-0.266749379653
W4,0.795,-0.533980582524,-0.267146401985
W4,0.7975,-0.533980582524,-0.276674937965
W4,0.8,-0.533980582524,-0.276674937965
W4,0.8025,-0.533980582524,-0.276674937965
W4,0.805,-0.533980582524,-0.276674937965
W4,0.8075,-0.533980582524,-0.276674937965
W4,0.81,-0.533980582524,-0.276674937965
W4,0.8125,-0.533980582524,-0.276674937965
W4,0.815,-0.54854368932,-0.276674937965
W4,0.8175,-0.54854368932,-0.276674937965
W4,0.82,-0.54854368932,-0.276674937965
W4,0.8225,-0.54854368932,-0.276674937965
W4,0.825,-0.541626213594,-0.276674937965
W4,0.8275,-0.533980582524,-0.276674937965
W4,0.83,-0.533980582524,-0.276674937965
W4,0.8325,-0.533980582524,-0.276674937965
W4,0.835,-0.533980582524,-0.276674937965
W4,0.8375,-0.533980582524,-0.276674937965
W4,0.84,-0.533980582524,-0.276674937965
W4,0.8425,-0.533980582524,-0.276674937965
W4,0.845,-0.533980582524,-0.270322580645
W4,0.8475,-0.519417475728,-0.266749379653
W4,0.85,-0.519417475728,-0.26476426799
W4,0.8525,-0.519417475728,-0.25682382134
W4,0.855,-0.519417475728,-0.249280397022
W4,0.8575,-0.512536407767,-0.246501240695
W4,0.86,-0.504854368932,-0.236972704715
W4,0.8625,-0.504854368932,-0.231017369727
W4,0.865,-0.499101941749,-0.227047146402
W4,0.8675,-0.490291262136,-0.217121588089
W4,0.87,-0.490291262136,-0.212754342432
W4,0.8725,-0.485667475726,-0.200049627792
W4,0.875,-0.47572815534,-0.197270471464
W4,0.8775,-0.47572815534,-0.184565756824
W4,0.88,-0.461165048544,-0.177419354839
W4,0.8825,-0.461165048544,-0.169081885856
W4,0.885,-0.461165048544,-0.157568238213
W4,0.8875,-0.446601941748,-0.153598014888
W4,0.89,-0.446601941748,-0.140893300248
W4,0.8925,-0.435279126211,-0.128188585608
W4,0.895,-0.432038834951,-0.12540942928
W4,0.8975,-0.426322815537,-0.11270471464
W4,0.9,-0.417475728155,-0.10794044665
W4,0.9025,-0.417366504855,-0.0972208436725
W4,0.905,-0.402912621359,-0.0880893300248
W4,0.9075,-0.402912621359,-0.0817369727047
W4,0.91,-0.389368932037,-0.0690322580645
W4,0.9125,-0.388349514563,-0.066253101737
W4,0.915,-0.388349514563,-0.0535483870968
W4,0.9175,-0.375934466022,-0.0408436724565
W4,0.92,-0.373786407767,-0.038064516129
W4,0.9225,-0.373786407767,-0.0285359801489
W4,0.925,-0.3625,-0.0225806451613
W4,0.9275,-0.359223300971,-0.00987593052109
W4,0.93,-0.359223300971,-0.00709677419355
W4,0.9325,-0.349065533978,0.00124069478908
W4,0.935,-0.344660194175,0.00838709677417
W4,0.9375,-0.344660194175,0.0210918114144
W4,0.94,-0.344660194175,0.0238709677419
W4,0.9425,-0.344660194175,0.031017369727
W4,0.945,-0.330097087379,0.0393548387097
W4,0.9475,-0.330097087379,0.0421339950372
W4,0.95,-0.330097087379,0.0508684863524
W4,0.9525,-0.330097087379,0.057617866005
W4,0.955,-0.330097087379,0.060794044665
W4,0.9575,-0.330097087379,0.0731017369727
W4,0.96,-0.330097087379,0.0806451612903
W4,0.9625,-0.324453883495,0.0885856079405
W4,0.965,-0.315533980583,0.091364764268
W4,0.9675,-0.315533980583,0.100496277916
W4,0.97,-0.315533980583,0.106848635236
W4,0.9725,-0.315533980583,0.110421836228
W4,0.975,-0.315533980583,0.120347394541
W4,0.9775,-0.312148058254,0.125111662531
W4,0.98,-0.300970873786,0.137816377171
W4,0.9825,-0.300970873786,0.140595533499
W4,0.985,-0.298713592231,0.150124069479
W4,0.9875,-0.28640776699,0.156079404467
W4,0.99,-0.28640776699,0.160049627792
W4,0.9925,-0.271844660194,0.171563275434
W4,0.995,-0.271844660194,0.179900744417
W4,0.9975,-0.264280946603,0.185260545906
W4,1,-0.250000000001,0.194789081886
